"","timestamp","temperature","datetime","humidity","file"
"1",1750333503888,26.2,2025-06-19 11:45:03.888,52.4,"Aconcagua.csv"
"2",1750333864376,25.4,2025-06-19 11:51:04.376,46.7,"Aconcagua.csv"
"3",1750334223098,24.8,2025-06-19 11:57:03.098,46.4,"Aconcagua.csv"
"4",1750335363931,24.3,2025-06-19 12:16:03.931,45.9,"Aconcagua.csv"
"5",1750339142366,23.8,2025-06-19 13:19:02.366,46.1,"Aconcagua.csv"
"6",1750340762992,23.8,2025-06-19 13:46:02.992,46.2,"Aconcagua.csv"
"7",1750348020860,23.7,2025-06-19 15:47:00.86,45.8,"Aconcagua.csv"
"8",1750355280500,23.7,2025-06-19 17:48:00.5,45.6,"Aconcagua.csv"
"9",1750362540007,23.7,2025-06-19 19:49:00.007,45.6,"Aconcagua.csv"
"10",1750365009035,23.2,2025-06-19 20:30:09.035,42.2,"Aconcagua.csv"
"11",1750366579348,22.6,2025-06-19 20:56:19.348,41.2,"Aconcagua.csv"
"12",1750369443123,22.1,2025-06-19 21:44:03.123,41.4,"Aconcagua.csv"
"13",1750369806286,22.1,2025-06-19 21:50:06.286,41.5,"Aconcagua.csv"
"14",1750375441965,21.5,2025-06-19 23:24:01.965,42.6,"Aconcagua.csv"
"15",1750377063707,21.3,2025-06-19 23:51:03.707,43,"Aconcagua.csv"
"16",1750384141039,20.8,2025-06-20 01:49:01.039,44.2,"Aconcagua.csv"
"17",1750384325089,20.9,2025-06-20 01:52:05.089,44.1,"Aconcagua.csv"
"18",1750389548069,21.4,2025-06-20 03:19:08.069,45,"Aconcagua.csv"
"19",1750391581293,21.6,2025-06-20 03:53:01.293,44.6,"Aconcagua.csv"
"20",1750398841054,21.7,2025-06-20 05:54:01.054,45.1,"Aconcagua.csv"
"21",1750406102297,21.8,2025-06-20 07:55:02.297,44.2,"Aconcagua.csv"
"22",1750413362126,21.9,2025-06-20 09:56:02.126,42.7,"Aconcagua.csv"
"23",1750420621349,22.4,2025-06-20 11:57:01.349,43.6,"Aconcagua.csv"
"24",1750427881082,22.6,2025-06-20 13:58:01.082,44.3,"Aconcagua.csv"
"25",1750435142008,22.8,2025-06-20 15:59:02.008,44.8,"Aconcagua.csv"
"26",1750442400634,22.9,2025-06-20 18:00:00.634,44.7,"Aconcagua.csv"
"27",1750449661057,22.9,2025-06-20 20:01:01.057,44.2,"Aconcagua.csv"
"28",1750456921223,22.7,2025-06-20 22:02:01.223,42.8,"Aconcagua.csv"
"29",1750464182024,22.3,2025-06-21 00:03:02.024,42.2,"Aconcagua.csv"
"30",1750471440848,22,2025-06-21 02:04:00.848,43.1,"Aconcagua.csv"
"31",1750478709829,22,2025-06-21 04:05:09.829,43.3,"Aconcagua.csv"
"32",1750485961946,22,2025-06-21 06:06:01.946,44.1,"Aconcagua.csv"
"33",1750493220836,22.4,2025-06-21 08:07:00.836,41.3,"Aconcagua.csv"
"34",1750500480800,22.5,2025-06-21 10:08:00.8,39.4,"Aconcagua.csv"
"35",1750507742368,22.6,2025-06-21 12:09:02.368,40.9,"Aconcagua.csv"
"36",1750515000711,22.8,2025-06-21 14:10:00.711,42.3,"Aconcagua.csv"
"37",1750522261957,23,2025-06-21 16:11:01.957,43.6,"Aconcagua.csv"
"38",1750529520783,23.1,2025-06-21 18:12:00.783,44.1,"Aconcagua.csv"
"39",1750536780536,23,2025-06-21 20:13:00.536,44.2,"Aconcagua.csv"
"40",1750544041442,23.1,2025-06-21 22:14:01.442,45,"Aconcagua.csv"
"41",1750551301153,23,2025-06-22 00:15:01.153,45.4,"Aconcagua.csv"
"42",1750558560764,22.9,2025-06-22 02:16:00.764,45.3,"Aconcagua.csv"
"43",1750565820417,23,2025-06-22 04:17:00.417,45.5,"Aconcagua.csv"
"44",1750573082844,22.9,2025-06-22 06:18:02.844,43.4,"Aconcagua.csv"
"45",1750580342970,23.2,2025-06-22 08:19:02.97,44.2,"Aconcagua.csv"
"46",1750587601454,23.3,2025-06-22 10:20:01.454,44.6,"Aconcagua.csv"
"47",1750594861132,23.4,2025-06-22 12:21:01.132,45,"Aconcagua.csv"
"48",1750602120807,23.5,2025-06-22 14:22:00.807,45.2,"Aconcagua.csv"
"49",1750609381348,23.6,2025-06-22 16:23:01.348,45.7,"Aconcagua.csv"
"50",1750616641372,23.7,2025-06-22 18:24:01.372,46,"Aconcagua.csv"
"51",1750623901215,23.7,2025-06-22 20:25:01.215,46.2,"Aconcagua.csv"
"52",1750631162306,23.9,2025-06-22 22:26:02.306,44.5,"Aconcagua.csv"
"53",1750638420894,24,2025-06-23 00:27:00.894,44.2,"Aconcagua.csv"
"54",1750645680604,24,2025-06-23 02:28:00.604,43.9,"Aconcagua.csv"
"55",1750652939524,24.1,2025-06-23 04:28:59.524,48.4,"Aconcagua.csv"
"56",1750660202568,24,2025-06-23 06:30:02.568,51.1,"Aconcagua.csv"
"57",1750667460344,24.2,2025-06-23 08:31:00.344,50,"Aconcagua.csv"
"58",1750674721633,24.3,2025-06-23 10:32:01.633,49.3,"Aconcagua.csv"
"59",1750681982657,24.4,2025-06-23 12:33:02.657,49.3,"Aconcagua.csv"
"60",1750689241011,24.5,2025-06-23 14:34:01.011,49.6,"Aconcagua.csv"
"61",1750696500322,24.5,2025-06-23 16:35:00.322,49.3,"Aconcagua.csv"
"62",1750703761128,24.5,2025-06-23 18:36:01.128,48.8,"Aconcagua.csv"
"63",1750711022023,24.4,2025-06-23 20:37:02.023,48.7,"Aconcagua.csv"
"64",1750718282173,24.1,2025-06-23 22:38:02.173,45,"Aconcagua.csv"
"65",1750725541838,23.9,2025-06-24 00:39:01.838,42.8,"Aconcagua.csv"
"66",1750732802211,23.8,2025-06-24 02:40:02.211,41.8,"Aconcagua.csv"
"67",1750740061234,23.7,2025-06-24 04:41:01.234,42.2,"Aconcagua.csv"
"68",1750747320690,23.4,2025-06-24 06:42:00.69,41.2,"Aconcagua.csv"
"69",1750754580793,23.7,2025-06-24 08:43:00.793,40.7,"Aconcagua.csv"
"70",1750761848394,23.7,2025-06-24 10:44:08.394,40.5,"Aconcagua.csv"
"71",1750769101142,23.8,2025-06-24 12:45:01.142,41.4,"Aconcagua.csv"
"72",1750776361527,23.9,2025-06-24 14:46:01.527,41.3,"Aconcagua.csv"
"73",1750783632969,23.9,2025-06-24 16:47:12.969,42,"Aconcagua.csv"
"74",1750790880325,23.8,2025-06-24 18:48:00.325,42.2,"Aconcagua.csv"
"75",1750798143103,23.7,2025-06-24 20:49:03.103,43.8,"Aconcagua.csv"
"76",1750805401031,23.8,2025-06-24 22:50:01.031,45.8,"Aconcagua.csv"
"77",1750812662026,23.8,2025-06-25 00:51:02.026,47.7,"Aconcagua.csv"
"78",1750819922003,23.8,2025-06-25 02:52:02.003,50.1,"Aconcagua.csv"
"79",1750827180860,23.9,2025-06-25 04:53:00.86,52.5,"Aconcagua.csv"
"80",1750834441258,23.6,2025-06-25 06:54:01.258,53.1,"Aconcagua.csv"
"81",1750841702131,23.7,2025-06-25 08:55:02.131,55.4,"Aconcagua.csv"
"82",1750848961367,23.7,2025-06-25 10:56:01.367,54,"Aconcagua.csv"
"83",1750856222186,23.8,2025-06-25 12:57:02.186,53.1,"Aconcagua.csv"
"84",1750863483081,23.8,2025-06-25 14:58:03.081,52.2,"Aconcagua.csv"
"85",1750870741733,23.9,2025-06-25 16:59:01.733,51.9,"Aconcagua.csv"
"86",1750878002419,23.9,2025-06-25 19:00:02.419,51.5,"Aconcagua.csv"
"87",1750885261257,23.6,2025-06-25 21:01:01.257,51.3,"Aconcagua.csv"
"88",1750892522041,23.5,2025-06-25 23:02:02.041,52,"Aconcagua.csv"
"89",1750899788762,23.3,2025-06-26 01:03:08.762,52.7,"Aconcagua.csv"
"90",1750907040660,23.1,2025-06-26 03:04:00.66,52.3,"Aconcagua.csv"
"91",1750914301191,23.1,2025-06-26 05:05:01.191,52.6,"Aconcagua.csv"
"92",1750921561373,23.4,2025-06-26 07:06:01.373,52,"Aconcagua.csv"
"93",1750928821789,23.6,2025-06-26 09:07:01.789,51.6,"Aconcagua.csv"
"94",1750936082660,23.7,2025-06-26 11:08:02.66,51.5,"Aconcagua.csv"
"95",1750943341620,23.8,2025-06-26 13:09:01.62,52,"Aconcagua.csv"
"96",1750950601886,23.9,2025-06-26 15:10:01.886,52.3,"Aconcagua.csv"
"97",1750957860693,24,2025-06-26 17:11:00.693,52.1,"Aconcagua.csv"
"98",1750965120418,23.9,2025-06-26 19:12:00.418,51.9,"Aconcagua.csv"
"99",1750972382773,24,2025-06-26 21:13:02.773,52.7,"Aconcagua.csv"
"100",1750979642638,24.2,2025-06-26 23:14:02.638,56.3,"Aconcagua.csv"
"101",1750986902247,24.3,2025-06-27 01:15:02.247,56.8,"Aconcagua.csv"
"102",1750994159569,24.3,2025-06-27 03:15:59.569,57.3,"Aconcagua.csv"
"103",1751001421327,24.2,2025-06-27 05:17:01.327,56.6,"Aconcagua.csv"
"104",1751008680069,24.2,2025-06-27 07:18:00.069,56,"Aconcagua.csv"
"105",1751015942309,24.3,2025-06-27 09:19:02.309,55.2,"Aconcagua.csv"
"106",1751023200860,24.3,2025-06-27 11:20:00.86,54.4,"Aconcagua.csv"
"107",1751030476860,24.3,2025-06-27 13:21:16.86,54.5,"Aconcagua.csv"
"108",1751037721677,24.3,2025-06-27 15:22:01.677,54.4,"Aconcagua.csv"
"109",1751044982085,24.2,2025-06-27 17:23:02.085,54,"Aconcagua.csv"
"110",1751052240644,24.2,2025-06-27 19:24:00.644,53.8,"Aconcagua.csv"
"111",1751059516998,24.1,2025-06-27 21:25:16.998,52.4,"Aconcagua.csv"
"112",1751066762248,23.8,2025-06-27 23:26:02.248,50.7,"Aconcagua.csv"
"113",1751074020768,23.6,2025-06-28 01:27:00.768,50.8,"Aconcagua.csv"
"114",1751081280806,23.3,2025-06-28 03:28:00.806,51.3,"Aconcagua.csv"
"115",1751088550697,23.3,2025-06-28 05:29:10.697,51.7,"Aconcagua.csv"
"116",1751095803079,23.3,2025-06-28 07:30:03.079,51.3,"Aconcagua.csv"
"117",1751103062216,23.6,2025-06-28 09:31:02.216,53.2,"Aconcagua.csv"
"118",1751110321053,23.7,2025-06-28 11:32:01.053,52.4,"Aconcagua.csv"
"119",1751117587632,23.9,2025-06-28 13:33:07.632,52.8,"Aconcagua.csv"
"120",1751124841953,24.1,2025-06-28 15:34:01.953,53.3,"Aconcagua.csv"
"121",1751132101314,24,2025-06-28 17:35:01.314,53.2,"Aconcagua.csv"
"122",1751139361730,24,2025-06-28 19:36:01.73,53.1,"Aconcagua.csv"
"123",1751146620701,24,2025-06-28 21:37:00.701,53,"Aconcagua.csv"
"124",1751153221124,24.5,2025-06-28 23:27:01.124,57.7,"Aconcagua.csv"
"125",1751153883882,24.5,2025-06-28 23:38:03.882,57.7,"Aconcagua.csv"
"126",1751161141062,24.6,2025-06-29 01:39:01.062,58.6,"Aconcagua.csv"
"127",1751168409460,24.6,2025-06-29 03:40:09.46,59.2,"Aconcagua.csv"
"128",1751175661973,24.5,2025-06-29 05:41:01.973,60.6,"Aconcagua.csv"
"129",1751182922580,24.5,2025-06-29 07:42:02.58,59.9,"Aconcagua.csv"
"130",1751190181160,24.5,2025-06-29 09:43:01.16,59.1,"Aconcagua.csv"
"131",1751197441151,24.5,2025-06-29 11:44:01.151,58.3,"Aconcagua.csv"
"132",1751204701172,24.6,2025-06-29 13:45:01.172,57.8,"Aconcagua.csv"
"133",1751211960688,24.7,2025-06-29 15:46:00.688,57.9,"Aconcagua.csv"
"134",1751219221936,24.7,2025-06-29 17:47:01.936,57.6,"Aconcagua.csv"
"135",1751226480911,24.7,2025-06-29 19:48:00.911,57,"Aconcagua.csv"
"136",1751228223064,24.5,2025-06-29 20:17:03.064,51.7,"Aconcagua.csv"
"137",1751232961074,24.1,2025-06-29 21:36:01.074,46.6,"Aconcagua.csv"
"138",1751233743512,24.1,2025-06-29 21:49:03.512,45.8,"Aconcagua.csv"
"139",1751240283605,23.5,2025-06-29 23:38:03.605,44.1,"Aconcagua.csv"
"140",1751241004491,23.5,2025-06-29 23:50:04.491,43.8,"Aconcagua.csv"
"141",1751248261399,23.2,2025-06-30 01:51:01.399,44.1,"Aconcagua.csv"
"142",1751255529467,23.4,2025-06-30 03:52:09.467,44.6,"Aconcagua.csv"
"143",1751261101890,22.9,2025-06-30 05:25:01.89,44.7,"Aconcagua.csv"
"144",1751262782914,22.7,2025-06-30 05:53:02.914,45.3,"Aconcagua.csv"
"145",1751267941927,23.2,2025-06-30 07:19:01.927,45.8,"Aconcagua.csv"
"146",1751270043167,23.4,2025-06-30 07:54:03.167,45.8,"Aconcagua.csv"
"147",1751277300932,23.8,2025-06-30 09:55:00.932,46,"Aconcagua.csv"
"148",1751284561789,23.9,2025-06-30 11:56:01.789,46.3,"Aconcagua.csv"
"149",1751291820025,24,2025-06-30 13:57:00.025,46.5,"Aconcagua.csv"
"150",1751299080964,24.2,2025-06-30 15:58:00.964,47.4,"Aconcagua.csv"
"151",1751306340389,24.3,2025-06-30 17:59:00.389,47.9,"Aconcagua.csv"
"152",1751313062232,24,2025-06-30 19:51:02.232,42.7,"Aconcagua.csv"
"153",1751313606428,24,2025-06-30 20:00:06.428,41.6,"Aconcagua.csv"
"154",1751320861240,23.6,2025-06-30 22:01:01.24,40,"Aconcagua.csv"
"155",1751328131756,23.3,2025-07-01 00:02:11.756,44.3,"Aconcagua.csv"
"156",1751335381134,23.2,2025-07-01 02:03:01.134,45.6,"Aconcagua.csv"
"157",1751342641603,23.3,2025-07-01 04:04:01.603,45.9,"Aconcagua.csv"
"158",1751349906287,23.1,2025-07-01 06:05:06.287,46.9,"Aconcagua.csv"
"159",1751353923331,23.6,2025-07-01 07:12:03.331,46.7,"Aconcagua.csv"
"160",1751357163289,23.8,2025-07-01 08:06:03.289,46.7,"Aconcagua.csv"
"161",1751364421008,23.9,2025-07-01 10:07:01.008,46.6,"Aconcagua.csv"
"162",1751371681845,24,2025-07-01 12:08:01.845,47.3,"Aconcagua.csv"
"163",1751378942874,24.3,2025-07-01 14:09:02.874,48.6,"Aconcagua.csv"
"164",1751386200665,24.4,2025-07-01 16:10:00.665,49.3,"Aconcagua.csv"
"165",1751393470716,24.5,2025-07-01 18:11:10.716,49.3,"Aconcagua.csv"
"166",1751400721359,24.5,2025-07-01 20:12:01.359,49.2,"Aconcagua.csv"
"167",1751407980702,24.4,2025-07-01 22:13:00.702,45.7,"Aconcagua.csv"
"168",1751415240556,24,2025-07-02 00:14:00.556,44,"Aconcagua.csv"
"169",1751422398304,23.5,2025-07-02 02:13:18.304,44.3,"Aconcagua.csv"
"170",1751422504060,23.7,2025-07-02 02:15:04.06,44.2,"Aconcagua.csv"
"171",1751429763086,23.6,2025-07-02 04:16:03.086,45.3,"Aconcagua.csv"
"172",1751437020178,24,2025-07-02 06:17:00.178,46.3,"Aconcagua.csv"
"173",1751444282051,24.5,2025-07-02 08:18:02.051,46.3,"Aconcagua.csv"
"174",1751451541150,24.5,2025-07-02 10:19:01.15,46.9,"Aconcagua.csv"
"175",1751458801022,24.7,2025-07-02 12:20:01.022,47.4,"Aconcagua.csv"
"176",1751466061391,24.9,2025-07-02 14:21:01.391,48.8,"Aconcagua.csv"
"177",1751473322746,25.1,2025-07-02 16:22:02.746,49.2,"Aconcagua.csv"
"178",1751480581802,25.2,2025-07-02 18:23:01.802,49.2,"Aconcagua.csv"
"179",1751487841741,25.2,2025-07-02 20:24:01.741,49.8,"Aconcagua.csv"
"180",1751495100531,25.5,2025-07-02 22:25:00.531,50.2,"Aconcagua.csv"
"181",1751502361964,25.7,2025-07-03 00:26:01.964,49.8,"Aconcagua.csv"
"182",1751509620248,25.3,2025-07-03 02:27:00.248,51,"Aconcagua.csv"
"183",1751516880665,25.3,2025-07-03 04:28:00.665,52.2,"Aconcagua.csv"
"184",1751521622115,24.8,2025-07-03 05:47:02.115,55.1,"Aconcagua.csv"
"185",1751524143018,24.6,2025-07-03 06:29:03.018,57.1,"Aconcagua.csv"
"186",1751531400557,24.3,2025-07-03 08:30:00.557,57.9,"Aconcagua.csv"
"187",1751538660328,24.2,2025-07-03 10:31:00.328,55.1,"Aconcagua.csv"
"188",1751543639517,24.3,2025-07-03 11:53:59.517,49.9,"Aconcagua.csv"
"189",1751545923237,24.5,2025-07-03 12:32:03.237,49.3,"Aconcagua.csv"
"190",1751551878747,24.5,2025-07-03 14:11:18.747,44.2,"Aconcagua.csv"
"191",1751553183794,24.5,2025-07-03 14:33:03.794,43.2,"Aconcagua.csv"
"192",1751560441959,24.4,2025-07-03 16:34:01.959,40.5,"Aconcagua.csv"
"193",1751567702145,24.3,2025-07-03 18:35:02.145,41,"Aconcagua.csv"
"194",1751572563226,23.8,2025-07-03 19:56:03.226,39.3,"Aconcagua.csv"
"195",1751574963732,23.7,2025-07-03 20:36:03.732,39.5,"Aconcagua.csv"
"196",1751582222803,23.7,2025-07-03 22:37:02.803,40.5,"Aconcagua.csv"
"197",1751589481439,23.3,2025-07-04 00:38:01.439,41.7,"Aconcagua.csv"
"198",1751596740838,23.1,2025-07-04 02:39:00.838,42.7,"Aconcagua.csv"
"199",1751604003252,23.4,2025-07-04 04:40:03.252,44.1,"Aconcagua.csv"
"200",1751611261495,23.3,2025-07-04 06:41:01.495,44.2,"Aconcagua.csv"
"201",1751618522730,23.7,2025-07-04 08:42:02.73,44,"Aconcagua.csv"
"202",1751625781140,24.1,2025-07-04 10:43:01.14,43.5,"Aconcagua.csv"
"203",1751633041345,24.3,2025-07-04 12:44:01.345,43.8,"Aconcagua.csv"
"204",1751640300868,24.5,2025-07-04 14:45:00.868,44.5,"Aconcagua.csv"
"205",1751647563050,24.6,2025-07-04 16:46:03.05,45.2,"Aconcagua.csv"
"206",1751654822248,24.6,2025-07-04 18:47:02.248,45.3,"Aconcagua.csv"
"207",1751662082199,24.6,2025-07-04 20:48:02.199,45.4,"Aconcagua.csv"
"208",1751669340334,24.6,2025-07-04 22:49:00.334,45.5,"Aconcagua.csv"
"209",1751676600846,24.5,2025-07-05 00:50:00.846,45.7,"Aconcagua.csv"
"210",1751683861246,24.5,2025-07-05 02:51:01.246,45.8,"Aconcagua.csv"
"211",1751691122947,24.5,2025-07-05 04:52:02.947,46,"Aconcagua.csv"
"212",1751698380251,24.8,2025-07-05 06:53:00.251,45.9,"Aconcagua.csv"
"213",1751705641339,24.9,2025-07-05 08:54:01.339,45.8,"Aconcagua.csv"
"214",1751712909403,24.9,2025-07-05 10:55:09.403,45.8,"Aconcagua.csv"
"215",1751720160475,25,2025-07-05 12:56:00.475,45.9,"Aconcagua.csv"
"216",1751727422926,25,2025-07-05 14:57:02.926,44.9,"Aconcagua.csv"
"217",1751734682342,25.1,2025-07-05 16:58:02.342,46.3,"Aconcagua.csv"
"218",1751741940998,25,2025-07-05 18:59:00.998,45.6,"Aconcagua.csv"
"219",1751749203379,24.7,2025-07-05 21:00:03.379,42.1,"Aconcagua.csv"
"220",1751756461837,24.7,2025-07-05 23:01:01.837,40.9,"Aconcagua.csv"
"221",1751762102567,24.2,2025-07-06 00:35:02.567,40.9,"Aconcagua.csv"
"222",1751763724074,24.1,2025-07-06 01:02:04.074,41.6,"Aconcagua.csv"
"223",1751770993251,24.2,2025-07-06 03:03:13.251,42.4,"Aconcagua.csv"
"224",1751778241386,24.5,2025-07-06 05:04:01.386,42.9,"Aconcagua.csv"
"225",1751785501884,24.5,2025-07-06 07:05:01.884,41.7,"Aconcagua.csv"
"226",1751792760703,24.5,2025-07-06 09:06:00.703,40.9,"Aconcagua.csv"
"227",1751800023005,24.7,2025-07-06 11:07:03.005,41.8,"Aconcagua.csv"
"228",1751807281761,24.9,2025-07-06 13:08:01.761,43.1,"Aconcagua.csv"
"229",1751814542414,25,2025-07-06 15:09:02.414,43.9,"Aconcagua.csv"
"230",1751821801251,25,2025-07-06 17:10:01.251,44.1,"Aconcagua.csv"
"231",1751829061717,24.9,2025-07-06 19:11:01.717,44.1,"Aconcagua.csv"
"232",1751836321961,25,2025-07-06 21:12:01.961,44.5,"Aconcagua.csv"
"233",1751843580616,24.9,2025-07-06 23:13:00.616,42.5,"Aconcagua.csv"
"234",1751850841426,24.7,2025-07-07 01:14:01.426,43.5,"Aconcagua.csv"
"235",1751858100479,24.7,2025-07-07 03:15:00.479,45.1,"Aconcagua.csv"
"236",1751865362668,24.6,2025-07-07 05:16:02.668,45.9,"Aconcagua.csv"
"237",1751872622323,24.5,2025-07-07 07:17:02.323,46.8,"Aconcagua.csv"
"238",1751879881467,24.4,2025-07-07 09:18:01.467,47.6,"Aconcagua.csv"
"239",1751887140929,24.4,2025-07-07 11:19:00.929,50.3,"Aconcagua.csv"
"240",1751894401714,24.5,2025-07-07 13:20:01.714,50.2,"Aconcagua.csv"
"241",1751901661566,24.6,2025-07-07 15:21:01.566,49.2,"Aconcagua.csv"
"242",1751908920951,24.7,2025-07-07 17:22:00.951,50.1,"Aconcagua.csv"
"243",1751916180730,24.6,2025-07-07 19:23:00.73,50.5,"Aconcagua.csv"
"244",1751923442230,24.2,2025-07-07 21:24:02.23,52.5,"Aconcagua.csv"
"245",1751927461885,23.7,2025-07-07 22:31:01.885,53.7,"Aconcagua.csv"
"246",1751930523321,23.2,2025-07-07 23:22:03.321,54.5,"Aconcagua.csv"
"247",1751930703685,23.1,2025-07-07 23:25:03.685,54.5,"Aconcagua.csv"
"248",1751935508544,22.6,2025-07-08 00:45:08.544,55,"Aconcagua.csv"
"249",1751937964265,22.8,2025-07-08 01:26:04.265,55.2,"Aconcagua.csv"
"250",1751940123583,23.3,2025-07-08 02:02:03.583,54.9,"Aconcagua.csv"
"251",1751945224039,23.8,2025-07-08 03:27:04.039,53.5,"Aconcagua.csv"
"252",1751952480062,23.4,2025-07-08 05:28:00.062,51,"Aconcagua.csv"
"253",1751959741322,23.4,2025-07-08 07:29:01.322,49.9,"Aconcagua.csv"
"254",1751967000295,23.6,2025-07-08 09:30:00.295,49.1,"Aconcagua.csv"
"255",1751974277453,23.9,2025-07-08 11:31:17.453,48.9,"Aconcagua.csv"
"256",1751981521545,24,2025-07-08 13:32:01.545,48.8,"Aconcagua.csv"
"257",1751988781958,24,2025-07-08 15:33:01.958,48,"Aconcagua.csv"
"258",1751996040919,24.1,2025-07-08 17:34:00.919,47.8,"Aconcagua.csv"
"259",1752003303156,23.9,2025-07-08 19:35:03.156,47.3,"Aconcagua.csv"
"260",1752010560205,24,2025-07-08 21:36:00.205,47.3,"Aconcagua.csv"
"261",1752017820878,23.9,2025-07-08 23:37:00.878,46.8,"Aconcagua.csv"
"262",1752025081051,23.9,2025-07-09 01:38:01.051,47.2,"Aconcagua.csv"
"263",1752032352711,23.9,2025-07-09 03:39:12.711,48,"Aconcagua.csv"
"264",1752039001852,23.4,2025-07-09 05:30:01.852,48.3,"Aconcagua.csv"
"265",1752039604602,23.3,2025-07-09 05:40:04.602,48.3,"Aconcagua.csv"
"266",1752046861083,23.1,2025-07-09 07:41:01.083,49.7,"Aconcagua.csv"
"267",1752054120369,23.1,2025-07-09 09:42:00.369,51.7,"Aconcagua.csv"
"268",1752061381375,23.5,2025-07-09 11:43:01.375,50.6,"Aconcagua.csv"
"269",1752068641853,23.7,2025-07-09 13:44:01.853,50.3,"Aconcagua.csv"
"270",1752075901203,23.8,2025-07-09 15:45:01.203,50.1,"Aconcagua.csv"
"271",1752083161068,23.8,2025-07-09 17:46:01.068,49.8,"Aconcagua.csv"
"272",1752090421138,23.7,2025-07-09 19:47:01.138,49.5,"Aconcagua.csv"
"273",1752097261364,23.2,2025-07-09 21:41:01.364,50.2,"Aconcagua.csv"
"274",1752097684633,23.2,2025-07-09 21:48:04.633,50.3,"Aconcagua.csv"
"275",1752102482514,22.7,2025-07-09 23:08:02.514,51.2,"Aconcagua.csv"
"276",1752104943423,22.5,2025-07-09 23:49:03.423,51.3,"Aconcagua.csv"
"277",1752112200392,22.1,2025-07-10 01:50:00.392,53.1,"Aconcagua.csv"
"278",1752119462174,22.2,2025-07-10 03:51:02.174,53.8,"Aconcagua.csv"
"279",1752122463337,22.8,2025-07-10 04:41:03.337,53.5,"Aconcagua.csv"
"280",1752126722969,22.4,2025-07-10 05:52:02.969,53,"Aconcagua.csv"
"281",1752133993066,22.8,2025-07-10 07:53:13.066,53,"Aconcagua.csv"
"282",1752141241305,23.2,2025-07-10 09:54:01.305,52.5,"Aconcagua.csv"
"283",1752148500537,22.9,2025-07-10 11:55:00.537,52.5,"Aconcagua.csv"
"284",1752150964851,22.3,2025-07-10 12:36:04.851,54.7,"Aconcagua.csv"
"285",1752155778639,22.3,2025-07-10 13:56:18.639,56.2,"Aconcagua.csv"
"286",1752163021455,22.4,2025-07-10 15:57:01.455,55.6,"Aconcagua.csv"
"287",1752170281914,22.4,2025-07-10 17:58:01.914,54.9,"Aconcagua.csv"
"288",1752177541103,22.2,2025-07-10 19:59:01.103,54.4,"Aconcagua.csv"
"289",1752184803502,22.2,2025-07-10 22:00:03.502,54.7,"Aconcagua.csv"
"290",1752192059946,22.3,2025-07-11 00:00:59.946,54.2,"Aconcagua.csv"
"291",1752199329279,22.3,2025-07-11 02:02:09.279,53.4,"Aconcagua.csv"
"292",1752206581494,22.2,2025-07-11 04:03:01.494,52.2,"Aconcagua.csv"
"293",1752213843209,22.2,2025-07-11 06:04:03.209,51.5,"Aconcagua.csv"
"294",1752220681439,22.7,2025-07-11 07:58:01.439,51.7,"Aconcagua.csv"
"295",1752221104413,22.7,2025-07-11 08:05:04.413,51.7,"Aconcagua.csv"
"296",1752228360972,22.9,2025-07-11 10:06:00.972,51.9,"Aconcagua.csv"
"297",1752235634273,23,2025-07-11 12:07:14.273,52.2,"Aconcagua.csv"
"298",1752242881187,23.1,2025-07-11 14:08:01.187,52.4,"Aconcagua.csv"
"299",1752250140827,23,2025-07-11 16:09:00.827,52.2,"Aconcagua.csv"
"300",1752257401778,23,2025-07-11 18:10:01.778,52.1,"Aconcagua.csv"
"301",1752264661856,22.9,2025-07-11 20:11:01.856,52.2,"Aconcagua.csv"
"302",1752271921505,23,2025-07-11 22:12:01.505,52.9,"Aconcagua.csv"
"303",1752279182000,23.1,2025-07-12 00:13:02,53.6,"Aconcagua.csv"
"304",1752286440869,23.1,2025-07-12 02:14:00.869,53.8,"Aconcagua.csv"
"305",1752293701213,23.2,2025-07-12 04:15:01.213,53.9,"Aconcagua.csv"
"306",1752300965474,23,2025-07-12 06:16:05.474,53.8,"Aconcagua.csv"
"307",1752308221452,22.8,2025-07-12 08:17:01.452,54.8,"Aconcagua.csv"
"308",1752315480021,22.8,2025-07-12 10:18:00.021,55.2,"Aconcagua.csv"
"309",1752322741756,22.9,2025-07-12 12:19:01.756,54.9,"Aconcagua.csv"
"310",1752330001054,22.9,2025-07-12 14:20:01.054,55.2,"Aconcagua.csv"
"311",1752337260735,22.9,2025-07-12 16:21:00.735,55.1,"Aconcagua.csv"
"312",1752344521530,22.8,2025-07-12 18:22:01.53,55.3,"Aconcagua.csv"
"313",1752351780978,22.8,2025-07-12 20:23:00.978,55.4,"Aconcagua.csv"
"314",1752359042447,23.1,2025-07-12 22:24:02.447,56.3,"Aconcagua.csv"
"315",1752366299892,23,2025-07-13 00:24:59.892,57.4,"Aconcagua.csv"
"316",1752373576600,23.1,2025-07-13 02:26:16.6,57.7,"Aconcagua.csv"
"317",1752380821428,23.1,2025-07-13 04:27:01.428,57.8,"Aconcagua.csv"
"318",1752388081274,22.9,2025-07-13 06:28:01.274,57,"Aconcagua.csv"
"319",1752395341221,22.9,2025-07-13 08:29:01.221,57.2,"Aconcagua.csv"
"320",1752402600630,22.9,2025-07-13 10:30:00.63,56.8,"Aconcagua.csv"
"321",1752409860005,23,2025-07-13 12:31:00.005,56.5,"Aconcagua.csv"
"322",1752417120598,23,2025-07-13 14:32:00.598,56.6,"Aconcagua.csv"
"323",1752424381806,23.1,2025-07-13 16:33:01.806,56.7,"Aconcagua.csv"
"324",1752431640828,23,2025-07-13 18:34:00.828,56.3,"Aconcagua.csv"
"325",1752438900674,23,2025-07-13 20:35:00.674,56.2,"Aconcagua.csv"
"326",1752446160293,23.1,2025-07-13 22:36:00.293,58,"Aconcagua.csv"
"327",1752453424080,23.1,2025-07-14 00:37:04.08,58.6,"Aconcagua.csv"
"328",1752460680698,23.1,2025-07-14 02:38:00.698,58.9,"Aconcagua.csv"
"329",1752467950632,23.2,2025-07-14 04:39:10.632,58.4,"Aconcagua.csv"
"330",1752475200826,23,2025-07-14 06:40:00.826,58.3,"Aconcagua.csv"
"331",1752482460289,23.2,2025-07-14 08:41:00.289,57.9,"Aconcagua.csv"
"332",1752489720827,23.3,2025-07-14 10:42:00.827,57.1,"Aconcagua.csv"
"333",1752496982791,23.4,2025-07-14 12:43:02.791,56.9,"Aconcagua.csv"
"334",1752504240859,23.5,2025-07-14 14:44:00.859,57.4,"Aconcagua.csv"
"335",1752511502038,23.7,2025-07-14 16:45:02.038,57.5,"Aconcagua.csv"
"336",1752518760844,23.6,2025-07-14 18:46:00.844,57.3,"Aconcagua.csv"
"337",1752526021087,23.5,2025-07-14 20:47:01.087,57.6,"Aconcagua.csv"
"338",1752533280888,23.8,2025-07-14 22:48:00.888,58.9,"Aconcagua.csv"
"339",1752540542284,23.8,2025-07-15 00:49:02.284,59.4,"Aconcagua.csv"
"340",1752547801959,23.8,2025-07-15 02:50:01.959,59.6,"Aconcagua.csv"
"341",1752555061011,23.8,2025-07-15 04:51:01.011,59.4,"Aconcagua.csv"
"342",1752562320727,23.6,2025-07-15 06:52:00.727,59.4,"Aconcagua.csv"
"343",1752569580519,23.5,2025-07-15 08:53:00.519,59.3,"Aconcagua.csv"
"344",1752576842015,23.6,2025-07-15 10:54:02.015,58.9,"Aconcagua.csv"
"345",1752584100998,23.4,2025-07-15 12:55:00.998,58.8,"Aconcagua.csv"
"346",1752591360825,23.5,2025-07-15 14:56:00.825,58.6,"Aconcagua.csv"
"347",1752598620896,23.6,2025-07-15 16:57:00.896,58,"Aconcagua.csv"
"348",1752605892608,23.6,2025-07-15 18:58:12.608,57.5,"Aconcagua.csv"
"349",1752613140689,23.4,2025-07-15 20:59:00.689,57.3,"Aconcagua.csv"
"350",1752620401892,23.4,2025-07-15 23:00:01.892,57.6,"Aconcagua.csv"
"351",1752627661213,23.3,2025-07-16 01:01:01.213,57.2,"Aconcagua.csv"
"352",1752634920927,23.2,2025-07-16 03:02:00.927,56.7,"Aconcagua.csv"
"353",1752642182196,23,2025-07-16 05:03:02.196,56.3,"Aconcagua.csv"
"354",1752649441025,23.2,2025-07-16 07:04:01.025,55.9,"Aconcagua.csv"
"355",1752656701234,23.1,2025-07-16 09:05:01.234,54.2,"Aconcagua.csv"
"356",1752663961843,23.1,2025-07-16 11:06:01.843,54,"Aconcagua.csv"
"357",1752671220660,23.1,2025-07-16 13:07:00.66,52.4,"Aconcagua.csv"
"358",1752678482695,22.8,2025-07-16 15:08:02.695,52.2,"Aconcagua.csv"
"359",1752685741062,23,2025-07-16 17:09:01.062,53.1,"Aconcagua.csv"
"360",1752693000289,23,2025-07-16 19:10:00.289,53.1,"Aconcagua.csv"
"361",1752700262606,23,2025-07-16 21:11:02.606,53.6,"Aconcagua.csv"
"362",1752707520725,23.3,2025-07-16 23:12:00.725,53.8,"Aconcagua.csv"
"363",1752714781088,23.3,2025-07-17 01:13:01.088,54.1,"Aconcagua.csv"
"364",1752722040030,23.3,2025-07-17 03:14:00.03,54.1,"Aconcagua.csv"
"365",1752729309083,23.1,2025-07-17 05:15:09.083,53.5,"Aconcagua.csv"
"366",1752736560678,22.8,2025-07-17 07:16:00.678,54,"Aconcagua.csv"
"367",1752743822008,22.8,2025-07-17 09:17:02.008,54.3,"Aconcagua.csv"
"368",1752751081290,22.8,2025-07-17 11:18:01.29,54.5,"Aconcagua.csv"
"369",1752758340707,22.8,2025-07-17 13:19:00.707,56.1,"Aconcagua.csv"
"370",1752765600595,22.8,2025-07-17 15:20:00.595,56.9,"Aconcagua.csv"
"371",1752772861636,22.8,2025-07-17 17:21:01.636,57.3,"Aconcagua.csv"
"372",1752780121504,22.8,2025-07-17 19:22:01.504,57.5,"Aconcagua.csv"
"373",1752787381661,22.9,2025-07-17 21:23:01.661,58.4,"Aconcagua.csv"
"374",1752794641677,23,2025-07-17 23:24:01.677,60.4,"Aconcagua.csv"
"375",1752801901208,23.1,2025-07-18 01:25:01.208,60.9,"Aconcagua.csv"
"376",1752809161112,23,2025-07-18 03:26:01.112,60.8,"Aconcagua.csv"
"377",1752816420764,22.9,2025-07-18 05:27:00.764,60.2,"Aconcagua.csv"
"378",1752823681644,22.9,2025-07-18 07:28:01.644,59.9,"Aconcagua.csv"
"379",1752830940990,23,2025-07-18 09:29:00.99,59.7,"Aconcagua.csv"
"380",1752838203696,23.1,2025-07-18 11:30:03.696,59.6,"Aconcagua.csv"
"381",1752845461404,23.1,2025-07-18 13:31:01.404,59.4,"Aconcagua.csv"
"382",1752852721789,23.1,2025-07-18 15:32:01.789,59.2,"Aconcagua.csv"
"383",1752859980588,23.1,2025-07-18 17:33:00.588,59.1,"Aconcagua.csv"
"384",1752867253583,23.1,2025-07-18 19:34:13.583,59.1,"Aconcagua.csv"
"385",1752874501050,23.2,2025-07-18 21:35:01.05,60.7,"Aconcagua.csv"
"386",1752881761419,23.3,2025-07-18 23:36:01.419,61,"Aconcagua.csv"
"387",1752889021206,23.3,2025-07-19 01:37:01.206,60.9,"Aconcagua.csv"
"388",1752896287728,23.3,2025-07-19 03:38:07.728,61.1,"Aconcagua.csv"
"389",1752903541321,23.3,2025-07-19 05:39:01.321,60.9,"Aconcagua.csv"
"390",1752910800777,23.4,2025-07-19 07:40:00.777,60.8,"Aconcagua.csv"
"391",1752918061818,23.4,2025-07-19 09:41:01.818,60,"Aconcagua.csv"
"392",1752925320880,23.3,2025-07-19 11:42:00.88,59.5,"Aconcagua.csv"
"393",1752932581006,23.5,2025-07-19 13:43:01.006,59.6,"Aconcagua.csv"
"394",1752939842046,23.6,2025-07-19 15:44:02.046,59.6,"Aconcagua.csv"
"395",1752947101829,23.6,2025-07-19 17:45:01.829,59.6,"Aconcagua.csv"
"396",1752954359991,23.6,2025-07-19 19:45:59.991,59.2,"Aconcagua.csv"
"397",1752961622071,23.6,2025-07-19 21:47:02.071,59.4,"Aconcagua.csv"
"398",1752968879997,23.6,2025-07-19 23:47:59.997,60.1,"Aconcagua.csv"
"399",1752976142350,23.2,2025-07-20 01:49:02.35,61.8,"Aconcagua.csv"
"400",1752983418233,23.5,2025-07-20 03:50:18.233,62,"Aconcagua.csv"
"401",1752990660496,23.7,2025-07-20 05:51:00.496,61.3,"Aconcagua.csv"
"402",1752997920850,24,2025-07-20 07:52:00.85,62.3,"Aconcagua.csv"
"403",1753005181812,24,2025-07-20 09:53:01.812,61.7,"Aconcagua.csv"
"404",1753012440957,24,2025-07-20 11:54:00.957,61.3,"Aconcagua.csv"
"405",1753019703041,24.1,2025-07-20 13:55:03.041,61.2,"Aconcagua.csv"
"406",1753026961241,24.3,2025-07-20 15:56:01.241,61.5,"Aconcagua.csv"
"407",1753034221015,24.3,2025-07-20 17:57:01.015,61.3,"Aconcagua.csv"
"408",1753041480357,24.3,2025-07-20 19:58:00.357,60.9,"Aconcagua.csv"
"409",1753048752106,24.5,2025-07-20 21:59:12.106,61.2,"Aconcagua.csv"
"410",1753056002025,24.6,2025-07-21 00:00:02.025,60.9,"Aconcagua.csv"
"411",1753063262000,24.6,2025-07-21 02:01:02,60.6,"Aconcagua.csv"
"412",1753070521187,24.7,2025-07-21 04:02:01.187,62.5,"Aconcagua.csv"
"413",1753077780911,24.5,2025-07-21 06:03:00.911,62.7,"Aconcagua.csv"
"414",1753085042192,24.5,2025-07-21 08:04:02.192,64,"Aconcagua.csv"
"415",1753092301151,24.6,2025-07-21 10:05:01.151,63.3,"Aconcagua.csv"
"416",1753099562663,24.5,2025-07-21 12:06:02.663,62.6,"Aconcagua.csv"
"417",1753106821819,24.5,2025-07-21 14:07:01.819,62.3,"Aconcagua.csv"
"418",1753114081401,24.4,2025-07-21 16:08:01.401,62.5,"Aconcagua.csv"
"419",1753121340501,24.4,2025-07-21 18:09:00.501,62.6,"Aconcagua.csv"
"420",1753125302711,23.9,2025-07-21 19:15:02.711,60.6,"Aconcagua.csv"
"421",1753128602866,23.8,2025-07-21 20:10:02.866,60.4,"Aconcagua.csv"
"422",1753135869813,24.1,2025-07-21 22:11:09.813,61.2,"Aconcagua.csv"
"423",1753143121132,24.2,2025-07-22 00:12:01.132,60.6,"Aconcagua.csv"
"424",1753150380360,24.1,2025-07-22 02:13:00.36,60.4,"Aconcagua.csv"
"425",1753157641961,24.2,2025-07-22 04:14:01.961,60.7,"Aconcagua.csv"
"426",1753164901311,24,2025-07-22 06:15:01.311,60.3,"Aconcagua.csv"
"427",1753172161560,23.9,2025-07-22 08:16:01.56,59.6,"Aconcagua.csv"
"428",1753179425849,24,2025-07-22 10:17:05.849,59.2,"Aconcagua.csv"
"429",1753186681888,24.1,2025-07-22 12:18:01.888,59.2,"Aconcagua.csv"
"430",1753193940849,24.2,2025-07-22 14:19:00.849,59.6,"Aconcagua.csv"
"431",1753201201959,24.2,2025-07-22 16:20:01.959,59.7,"Aconcagua.csv"
"432",1753208460470,24.1,2025-07-22 18:21:00.47,59.5,"Aconcagua.csv"
"433",1753215721082,23.9,2025-07-22 20:22:01.082,58,"Aconcagua.csv"
"434",1753222980060,23.9,2025-07-22 22:23:00.06,57.9,"Aconcagua.csv"
"435",1753230240876,23.9,2025-07-23 00:24:00.876,57.7,"Aconcagua.csv"
"436",1753237500916,23.8,2025-07-23 02:25:00.916,58.1,"Aconcagua.csv"
"437",1753244760631,23.9,2025-07-23 04:26:00.631,58.7,"Aconcagua.csv"
"438",1753251433196,23.4,2025-07-23 06:17:13.196,60.5,"Aconcagua.csv"
"439",1753252025609,23.4,2025-07-23 06:27:05.609,59.9,"Aconcagua.csv"
"440",1753259282824,23.6,2025-07-23 08:28:02.824,59.6,"Aconcagua.csv"
"441",1753266552546,23.7,2025-07-23 10:29:12.546,59.3,"Aconcagua.csv"
"442",1753273801163,23.7,2025-07-23 12:30:01.163,59.4,"Aconcagua.csv"
"443",1753281079385,23.6,2025-07-23 14:31:19.385,59.4,"Aconcagua.csv"
"444",1753288321133,23.6,2025-07-23 16:32:01.133,59.6,"Aconcagua.csv"
"445",1753295581822,23.6,2025-07-23 18:33:01.822,59.9,"Aconcagua.csv"
"446",1753302841230,23.5,2025-07-23 20:34:01.23,60.2,"Aconcagua.csv"
"447",1753306322908,24.1,2025-07-23 21:32:02.908,60.1,"Aconcagua.csv"
"448",1753310102953,23.7,2025-07-23 22:35:02.953,60.7,"Aconcagua.csv"
"449",1753317360761,23.7,2025-07-24 00:36:00.761,61,"Aconcagua.csv"
"450",1753324632124,23.6,2025-07-24 02:37:12.124,61.1,"Aconcagua.csv"
"451",1753331881334,23.7,2025-07-24 04:38:01.334,60.7,"Aconcagua.csv"
"452",1753339140675,23.5,2025-07-24 06:39:00.675,60.6,"Aconcagua.csv"
"453",1753346401464,23.5,2025-07-24 08:40:01.464,60.5,"Aconcagua.csv"
"454",1753353661858,23.6,2025-07-24 10:41:01.858,60.3,"Aconcagua.csv"
"455",1753360920956,23.6,2025-07-24 12:42:00.956,60.3,"Aconcagua.csv"
"456",1753368180436,23.6,2025-07-24 14:43:00.436,60.3,"Aconcagua.csv"
"457",1753375441110,23.6,2025-07-24 16:44:01.11,60.4,"Aconcagua.csv"
"458",1753382701217,23.6,2025-07-24 18:45:01.217,60.5,"Aconcagua.csv"
"459",1753389961432,23.5,2025-07-24 20:46:01.432,60.7,"Aconcagua.csv"
"460",1753397221483,23.6,2025-07-24 22:47:01.483,61.5,"Aconcagua.csv"
"461",1753404498890,23.6,2025-07-25 00:48:18.89,61.7,"Aconcagua.csv"
"462",1753411740696,23.7,2025-07-25 02:49:00.696,62,"Aconcagua.csv"
"463",1753419000817,23.8,2025-07-25 04:50:00.817,61.9,"Aconcagua.csv"
"464",1753426260443,23.4,2025-07-25 06:51:00.443,62.8,"Aconcagua.csv"
"465",1753433521917,23.2,2025-07-25 08:52:01.917,65.7,"Aconcagua.csv"
"466",1753440781117,23.1,2025-07-25 10:53:01.117,66,"Aconcagua.csv"
"467",1753448040925,23.3,2025-07-25 12:54:00.925,65.3,"Aconcagua.csv"
"468",1753455301903,23.4,2025-07-25 14:55:01.903,65,"Aconcagua.csv"
"469",1753462561379,23.5,2025-07-25 16:56:01.379,64.6,"Aconcagua.csv"
"470",1753469820437,23.4,2025-07-25 18:57:00.437,64.2,"Aconcagua.csv"
"471",1753477080837,23.5,2025-07-25 20:58:00.837,65.2,"Aconcagua.csv"
"472",1753484342541,23.7,2025-07-25 22:59:02.541,66,"Aconcagua.csv"
"473",1753491601147,23.9,2025-07-26 01:00:01.147,66.8,"Aconcagua.csv"
"474",1753498861547,23.8,2025-07-26 03:01:01.547,66.5,"Aconcagua.csv"
"475",1753506122666,23.8,2025-07-26 05:02:02.666,65.9,"Aconcagua.csv"
"476",1753513333783,23.3,2025-07-26 07:02:13.783,64,"Aconcagua.csv"
"477",1753513384084,23.4,2025-07-26 07:03:04.084,64,"Aconcagua.csv"
"478",1753519503010,22.9,2025-07-26 08:45:03.01,62.7,"Aconcagua.csv"
"479",1753520645054,22.9,2025-07-26 09:04:05.054,62.4,"Aconcagua.csv"
"480",1753527902462,22.9,2025-07-26 11:05:02.462,61.2,"Aconcagua.csv"
"481",1753535161513,23,2025-07-26 13:06:01.513,61.6,"Aconcagua.csv"
"482",1753542421388,23.2,2025-07-26 15:07:01.388,62.3,"Aconcagua.csv"
"483",1753549679898,23.2,2025-07-26 17:07:59.898,62.2,"Aconcagua.csv"
"484",1753556940503,23.2,2025-07-26 19:09:00.503,62.5,"Aconcagua.csv"
"485",1753564211101,23,2025-07-26 21:10:11.101,62.3,"Aconcagua.csv"
"486",1753571461393,23.2,2025-07-26 23:11:01.393,62.6,"Aconcagua.csv"
"487",1753578722606,23.2,2025-07-27 01:12:02.606,62.3,"Aconcagua.csv"
"488",1753585980881,23.1,2025-07-27 03:13:00.881,62.4,"Aconcagua.csv"
"489",1753593257278,23.3,2025-07-27 05:14:17.278,62.6,"Aconcagua.csv"
"490",1753600501094,23.2,2025-07-27 07:15:01.094,61.7,"Aconcagua.csv"
"491",1753607762228,23.1,2025-07-27 09:16:02.228,59.8,"Aconcagua.csv"
"492",1753615020714,23.2,2025-07-27 11:17:00.714,56.7,"Aconcagua.csv"
"493",1753622280630,23.3,2025-07-27 13:18:00.63,55.2,"Aconcagua.csv"
"494",1753629542429,23.5,2025-07-27 15:19:02.429,57.3,"Aconcagua.csv"
"495",1753636801456,23.4,2025-07-27 17:20:01.456,58,"Aconcagua.csv"
"496",1753644060948,23.4,2025-07-27 19:21:00.948,58.5,"Aconcagua.csv"
"497",1753651322560,23.1,2025-07-27 21:22:02.56,61.1,"Aconcagua.csv"
"498",1753658598063,23.5,2025-07-27 23:23:18.063,61.6,"Aconcagua.csv"
"499",1753665842986,23.5,2025-07-28 01:24:02.986,61.7,"Aconcagua.csv"
"500",1753673101323,23.5,2025-07-28 03:25:01.323,62.2,"Aconcagua.csv"
"501",1753680361280,23.4,2025-07-28 05:26:01.28,62.3,"Aconcagua.csv"
"502",1753687622968,23,2025-07-28 07:27:02.968,63.3,"Aconcagua.csv"
"503",1753694881184,23.2,2025-07-28 09:28:01.184,62.7,"Aconcagua.csv"
"504",1753702143112,23.1,2025-07-28 11:29:03.112,59.5,"Aconcagua.csv"
"505",1753709412090,23.2,2025-07-28 13:30:12.09,60.3,"Aconcagua.csv"
"506",1753716661866,23.2,2025-07-28 15:31:01.866,58.9,"Aconcagua.csv"
"507",1753723922001,23.2,2025-07-28 17:32:02.001,56.7,"Aconcagua.csv"
"508",1753731180409,23.1,2025-07-28 19:33:00.409,56.8,"Aconcagua.csv"
"509",1753738441564,23.3,2025-07-28 21:34:01.564,57.7,"Aconcagua.csv"
"510",1753745702984,23.7,2025-07-28 23:35:02.984,58.5,"Aconcagua.csv"
"511",1753752961614,23.6,2025-07-29 01:36:01.614,58.3,"Aconcagua.csv"
"512",1753760221732,23.7,2025-07-29 03:37:01.732,58.4,"Aconcagua.csv"
"513",1753767480590,23.5,2025-07-29 05:38:00.59,58.1,"Aconcagua.csv"
"514",1753774740759,23.1,2025-07-29 07:39:00.759,56.1,"Aconcagua.csv"
"515",1753782012544,23.1,2025-07-29 09:40:12.544,55.9,"Aconcagua.csv"
"516",1753789262859,23.3,2025-07-29 11:41:02.859,56.6,"Aconcagua.csv"
"517",1753796521979,23.5,2025-07-29 13:42:01.979,57,"Aconcagua.csv"
"518",1753803780532,23.5,2025-07-29 15:43:00.532,58.4,"Aconcagua.csv"
"519",1753811042263,23.6,2025-07-29 17:44:02.263,58.1,"Aconcagua.csv"
"520",1753818302791,23.4,2025-07-29 19:45:02.791,58,"Aconcagua.csv"
"521",1753825562667,23.4,2025-07-29 21:46:02.667,56.7,"Aconcagua.csv"
"522",1753832822114,23.5,2025-07-29 23:47:02.114,57.6,"Aconcagua.csv"
"523",1753840081633,23.6,2025-07-30 01:48:01.633,58.2,"Aconcagua.csv"
"524",1753847342054,23.6,2025-07-30 03:49:02.054,58.8,"Aconcagua.csv"
"525",1753854602405,23.4,2025-07-30 05:50:02.405,57.4,"Aconcagua.csv"
"526",1753861869557,23.4,2025-07-30 07:51:09.557,55.2,"Aconcagua.csv"
"527",1753869121514,23.5,2025-07-30 09:52:01.514,55.6,"Aconcagua.csv"
"528",1753876382055,23.5,2025-07-30 11:53:02.055,55.9,"Aconcagua.csv"
"529",1753883641483,23.6,2025-07-30 13:54:01.483,56.3,"Aconcagua.csv"
"530",1753890901726,23.7,2025-07-30 15:55:01.726,56.6,"Aconcagua.csv"
"531",1753898161333,23.6,2025-07-30 17:56:01.333,56.5,"Aconcagua.csv"
"532",1753905421524,23.4,2025-07-30 19:57:01.524,56.2,"Aconcagua.csv"
"533",1753912695005,23.5,2025-07-30 21:58:15.005,56.3,"Aconcagua.csv"
"534",1753919940999,23.6,2025-07-30 23:59:00.999,57.2,"Aconcagua.csv"
"535",1753927200426,23.7,2025-07-31 02:00:00.426,57.7,"Aconcagua.csv"
"536",1753934460540,23.7,2025-07-31 04:01:00.54,58.2,"Aconcagua.csv"
"537",1753941720490,23.4,2025-07-31 06:02:00.49,56.7,"Aconcagua.csv"
"538",1753948982033,23.3,2025-07-31 08:03:02.033,56.7,"Aconcagua.csv"
"539",1753956254333,23.4,2025-07-31 10:04:14.333,56.9,"Aconcagua.csv"
"540",1753963500220,23.4,2025-07-31 12:05:00.22,57.8,"Aconcagua.csv"
"541",1753970762493,23.4,2025-07-31 14:06:02.493,58.3,"Aconcagua.csv"
"542",1753978020581,23.3,2025-07-31 16:07:00.581,57.7,"Aconcagua.csv"
"543",1753985280913,23.2,2025-07-31 18:08:00.913,58.1,"Aconcagua.csv"
"544",1753992541105,23.2,2025-07-31 20:09:01.105,58,"Aconcagua.csv"
"545",1753999801153,23.2,2025-07-31 22:10:01.153,58.1,"Aconcagua.csv"
"546",1754007061123,23.3,2025-08-01 00:11:01.123,58,"Aconcagua.csv"
"547",1754014321302,23.2,2025-08-01 02:12:01.302,58.1,"Aconcagua.csv"
"548",1754021580408,23.2,2025-08-01 04:13:00.408,58.2,"Aconcagua.csv"
"549",1754028841577,23.1,2025-08-01 06:14:01.577,58.3,"Aconcagua.csv"
"550",1754036103210,23.2,2025-08-01 08:15:03.21,58.7,"Aconcagua.csv"
"551",1754043361110,23.3,2025-08-01 10:16:01.11,58.9,"Aconcagua.csv"
"552",1754050621124,23.3,2025-08-01 12:17:01.124,58.9,"Aconcagua.csv"
"553",1754057881870,23.3,2025-08-01 14:18:01.87,58.7,"Aconcagua.csv"
"554",1754065142092,23.3,2025-08-01 16:19:02.092,58.8,"Aconcagua.csv"
"555",1754072403179,23.3,2025-08-01 18:20:03.179,58.8,"Aconcagua.csv"
"556",1754079661445,23.2,2025-08-01 20:21:01.445,58.7,"Aconcagua.csv"
"557",1754086926590,23.2,2025-08-01 22:22:06.59,58.6,"Aconcagua.csv"
"558",1754094181090,23.1,2025-08-02 00:23:01.09,58.6,"Aconcagua.csv"
"559",1754101441787,23.1,2025-08-02 02:24:01.787,58.6,"Aconcagua.csv"
"560",1754108702710,23.1,2025-08-02 04:25:02.71,58.5,"Aconcagua.csv"
"561",1754115961013,23.1,2025-08-02 06:26:01.013,58.5,"Aconcagua.csv"
"562",1754123221120,23.2,2025-08-02 08:27:01.12,58.3,"Aconcagua.csv"
"563",1754130481395,23.2,2025-08-02 10:28:01.395,58.1,"Aconcagua.csv"
"564",1754137741047,23.3,2025-08-02 12:29:01.047,58.2,"Aconcagua.csv"
"565",1754145014194,23.3,2025-08-02 14:30:14.194,58.4,"Aconcagua.csv"
"566",1754152262672,23.4,2025-08-02 16:31:02.672,59.1,"Aconcagua.csv"
"567",1754159521821,23.4,2025-08-02 18:32:01.821,58.5,"Aconcagua.csv"
"568",1754166780792,23.3,2025-08-02 20:33:00.792,58.2,"Aconcagua.csv"
"569",1754174041437,23.3,2025-08-02 22:34:01.437,58.1,"Aconcagua.csv"
"570",1754181303972,23.3,2025-08-03 00:35:03.972,58.2,"Aconcagua.csv"
"571",1754188560768,23.1,2025-08-03 02:36:00.768,57.9,"Aconcagua.csv"
"572",1754195820983,23.1,2025-08-03 04:37:00.983,57.8,"Aconcagua.csv"
"573",1754203080777,23.1,2025-08-03 06:38:00.777,57.4,"Aconcagua.csv"
"574",1754210342337,23,2025-08-03 08:39:02.337,57.1,"Aconcagua.csv"
"575",1754217600830,23.1,2025-08-03 10:40:00.83,57.1,"Aconcagua.csv"
"576",1754224862174,23.2,2025-08-03 12:41:02.174,57,"Aconcagua.csv"
"577",1754232123212,23.2,2025-08-03 14:42:03.212,57.2,"Aconcagua.csv"
"578",1754239381790,23.2,2025-08-03 16:43:01.79,57.2,"Aconcagua.csv"
"579",1754246642610,23.1,2025-08-03 18:44:02.61,57.4,"Aconcagua.csv"
"580",1754253900422,23.1,2025-08-03 20:45:00.422,57.4,"Aconcagua.csv"
"581",1754261162528,23.2,2025-08-03 22:46:02.528,56.9,"Aconcagua.csv"
"582",1754268431094,23.2,2025-08-04 00:47:11.094,56.9,"Aconcagua.csv"
"583",1754275682315,23.2,2025-08-04 02:48:02.315,56.5,"Aconcagua.csv"
"584",1754282943005,23.2,2025-08-04 04:49:03.005,56.4,"Aconcagua.csv"
"585",1754290202192,22.9,2025-08-04 06:50:02.192,56.6,"Aconcagua.csv"
"586",1754297460454,22.9,2025-08-04 08:51:00.454,57,"Aconcagua.csv"
"587",1754304725860,23,2025-08-04 10:52:05.86,57.3,"Aconcagua.csv"
"588",1754311982338,23,2025-08-04 12:53:02.338,57.6,"Aconcagua.csv"
"589",1754319240439,23.1,2025-08-04 14:54:00.439,58.5,"Aconcagua.csv"
"590",1754326501219,23.2,2025-08-04 16:55:01.219,57.7,"Aconcagua.csv"
"591",1754333760966,23.1,2025-08-04 18:56:00.966,57.4,"Aconcagua.csv"
"592",1754341034978,22.7,2025-08-04 20:57:14.978,55.9,"Aconcagua.csv"
"593",1754348280462,23.1,2025-08-04 22:58:00.462,57.3,"Aconcagua.csv"
"594",1754355540946,23.3,2025-08-05 00:59:00.946,58.5,"Aconcagua.csv"
"595",1754362812131,23.4,2025-08-05 03:00:12.131,59.2,"Aconcagua.csv"
"596",1754370062049,23.4,2025-08-05 05:01:02.049,59.1,"Aconcagua.csv"
"597",1754377321571,23.2,2025-08-05 07:02:01.571,59.4,"Aconcagua.csv"
"598",1754384580429,23.1,2025-08-05 09:03:00.429,59.9,"Aconcagua.csv"
"599",1754391841719,23.1,2025-08-05 11:04:01.719,59.8,"Aconcagua.csv"
"600",1754399101318,23.1,2025-08-05 13:05:01.318,59.9,"Aconcagua.csv"
"601",1754406364331,23.2,2025-08-05 15:06:04.331,59.5,"Aconcagua.csv"
"602",1754413628265,23.1,2025-08-05 17:07:08.265,57.7,"Aconcagua.csv"
"603",1754420879965,23.1,2025-08-05 19:07:59.965,58.2,"Aconcagua.csv"
"604",1754428140492,23.1,2025-08-05 21:09:00.492,58.9,"Aconcagua.csv"
"605",1754435405729,23.1,2025-08-05 23:10:05.729,58.7,"Aconcagua.csv"
"606",1754442660799,23.1,2025-08-06 01:11:00.799,58.3,"Aconcagua.csv"
"607",1754449920936,23.1,2025-08-06 03:12:00.936,58,"Aconcagua.csv"
"608",1754457184099,23.1,2025-08-06 05:13:04.099,58.4,"Aconcagua.csv"
"609",1754464453985,23.1,2025-08-06 07:14:13.985,57.2,"Aconcagua.csv"
"610",1754471701300,23.1,2025-08-06 09:15:01.3,56.9,"Aconcagua.csv"
"611",1754478960273,23,2025-08-06 11:16:00.273,56.1,"Aconcagua.csv"
"612",1754486222297,23,2025-08-06 13:17:02.297,55.1,"Aconcagua.csv"
"613",1754493481563,23,2025-08-06 15:18:01.563,54.5,"Aconcagua.csv"
"614",1754500741774,23,2025-08-06 17:19:01.774,54.5,"Aconcagua.csv"
"615",1754508003723,22.9,2025-08-06 19:20:03.723,54.6,"Aconcagua.csv"
"616",1754515263095,22.5,2025-08-06 21:21:03.095,54,"Aconcagua.csv"
"617",1754522522362,22.1,2025-08-06 23:22:02.362,53.2,"Aconcagua.csv"
"618",1754529783856,21.8,2025-08-07 01:23:03.856,52.8,"Aconcagua.csv"
"619",1754537041511,21.7,2025-08-07 03:24:01.511,54.1,"Aconcagua.csv"
"620",1754542565595,22.2,2025-08-07 04:56:05.595,55.3,"Aconcagua.csv"
"621",1754544302995,22.2,2025-08-07 05:25:02.995,55.2,"Aconcagua.csv"
"622",1754551562282,22.4,2025-08-07 07:26:02.282,55.1,"Aconcagua.csv"
"623",1754558821919,22.5,2025-08-07 09:27:01.919,55.4,"Aconcagua.csv"
"624",1754566080424,22.6,2025-08-07 11:28:00.424,55,"Aconcagua.csv"
"625",1754573349003,22.8,2025-08-07 13:29:09.003,55.8,"Aconcagua.csv"
"626",1754580600790,22.9,2025-08-07 15:30:00.79,56.3,"Aconcagua.csv"
"627",1754587860883,23,2025-08-07 17:31:00.883,54.7,"Aconcagua.csv"
"628",1754595121782,22.9,2025-08-07 19:32:01.782,55.3,"Aconcagua.csv"
"629",1754602381813,22.8,2025-08-07 21:33:01.813,55.5,"Aconcagua.csv"
"630",1754609641441,23,2025-08-07 23:34:01.441,56.2,"Aconcagua.csv"
"631",1754616900899,23.1,2025-08-08 01:35:00.899,55.4,"Aconcagua.csv"
"632",1754624161328,23.1,2025-08-08 03:36:01.328,55.2,"Aconcagua.csv"
"633",1754631430023,23.1,2025-08-08 05:37:10.023,55.5,"Aconcagua.csv"
"634",1754638681357,23,2025-08-08 07:38:01.357,54.9,"Aconcagua.csv"
"635",1754645940628,23,2025-08-08 09:39:00.628,54.7,"Aconcagua.csv"
"636",1754653203005,23.1,2025-08-08 11:40:03.005,55,"Aconcagua.csv"
"637",1754660461963,23.2,2025-08-08 13:41:01.963,55.2,"Aconcagua.csv"
"638",1754667721408,23.3,2025-08-08 15:42:01.408,55,"Aconcagua.csv"
"639",1754674980884,23.3,2025-08-08 17:43:00.884,55.1,"Aconcagua.csv"
"640",1754682242785,23.2,2025-08-08 19:44:02.785,55.4,"Aconcagua.csv"
"641",1754689501525,23.3,2025-08-08 21:45:01.525,56.8,"Aconcagua.csv"
"642",1754696761564,23.2,2025-08-08 23:46:01.564,57.8,"Aconcagua.csv"
"643",1754704022941,22.9,2025-08-09 01:47:02.941,58.1,"Aconcagua.csv"
"644",1754711280651,22.7,2025-08-09 03:48:00.651,58.1,"Aconcagua.csv"
"645",1754718541368,22.6,2025-08-09 05:49:01.368,58.5,"Aconcagua.csv"
"646",1754725802477,23.1,2025-08-09 07:50:02.477,58.3,"Aconcagua.csv"
"647",1754733061438,23.2,2025-08-09 09:51:01.438,58.7,"Aconcagua.csv"
"648",1754740322934,23.3,2025-08-09 11:52:02.934,58.9,"Aconcagua.csv"
"649",1754747580864,23.4,2025-08-09 13:53:00.864,58.7,"Aconcagua.csv"
"650",1754754851426,23.6,2025-08-09 15:54:11.426,58.7,"Aconcagua.csv"
"651",1754762100454,23.6,2025-08-09 17:55:00.454,58.5,"Aconcagua.csv"
"652",1754769371855,23.5,2025-08-09 19:56:11.855,58.3,"Aconcagua.csv"
"653",1754776622857,23.5,2025-08-09 21:57:02.857,58.2,"Aconcagua.csv"
"654",1754783882440,23.6,2025-08-09 23:58:02.44,58.1,"Aconcagua.csv"
"655",1754791140800,23.2,2025-08-10 01:59:00.8,56.5,"Aconcagua.csv"
"656",1754798400547,23.1,2025-08-10 04:00:00.547,56.8,"Aconcagua.csv"
"657",1754805661565,22.7,2025-08-10 06:01:01.565,55.7,"Aconcagua.csv"
"658",1754812922253,22.9,2025-08-10 08:02:02.253,54.7,"Aconcagua.csv"
"659",1754820180988,23.1,2025-08-10 10:03:00.988,54.8,"Aconcagua.csv"
"660",1754827439812,23.3,2025-08-10 12:03:59.812,54.3,"Aconcagua.csv"
"661",1754834701456,23.4,2025-08-10 14:05:01.456,54,"Aconcagua.csv"
"662",1754841962023,23.7,2025-08-10 16:06:02.023,54.8,"Aconcagua.csv"
"663",1754849221445,23.7,2025-08-10 18:07:01.445,55,"Aconcagua.csv"
"664",1754855640501,23.2,2025-08-10 19:54:00.501,51.3,"Aconcagua.csv"
"665",1754856484476,23.1,2025-08-10 20:08:04.476,51,"Aconcagua.csv"
"666",1754863752579,22.9,2025-08-10 22:09:12.579,51.8,"Aconcagua.csv"
"667",1754871000950,22.7,2025-08-11 00:10:00.95,52.1,"Aconcagua.csv"
"668",1754878265218,22.3,2025-08-11 02:11:05.218,52.4,"Aconcagua.csv"
"669",1754885520999,22,2025-08-11 04:12:00.999,52.2,"Aconcagua.csv"
"670",1754892000967,22.5,2025-08-11 06:00:00.967,53.3,"Aconcagua.csv"
"671",1754892783670,22.6,2025-08-11 06:13:03.67,53.4,"Aconcagua.csv"
"672",1750853840680,28.2,2025-06-25 12:17:20.68,51.6,"Annapurna.csv"
"673",1750854185034,27.1,2025-06-25 12:23:05.034,50.8,"Annapurna.csv"
"674",1750854305750,26.5,2025-06-25 12:25:05.75,51,"Annapurna.csv"
"675",1750854485628,26,2025-06-25 12:28:05.628,51.4,"Annapurna.csv"
"676",1750854845634,25.5,2025-06-25 12:34:05.634,51.4,"Annapurna.csv"
"677",1750857844227,24.4,2025-06-25 13:24:04.227,51.6,"Annapurna.csv"
"678",1750861085270,24.9,2025-06-25 14:18:05.27,51.4,"Annapurna.csv"
"679",1750862585390,25.4,2025-06-25 14:43:05.39,51,"Annapurna.csv"
"680",1750867143938,25.9,2025-06-25 15:59:03.938,50.2,"Annapurna.csv"
"681",1750868347083,25.7,2025-06-25 16:19:07.083,49.7,"Annapurna.csv"
"682",1750872844191,25.2,2025-06-25 17:34:04.191,50,"Annapurna.csv"
"683",1750875605361,24.7,2025-06-25 18:20:05.361,50.3,"Annapurna.csv"
"684",1750878427656,24.2,2025-06-25 19:07:07.656,50.6,"Annapurna.csv"
"685",1750878556009,24.8,2025-06-25 19:09:16.009,49.6,"Annapurna.csv"
"686",1750878907639,24.3,2025-06-25 19:15:07.639,50.1,"Annapurna.csv"
"687",1750882864667,24.4,2025-06-25 20:21:04.667,51.4,"Annapurna.csv"
"688",1750886044443,23.9,2025-06-25 21:14:04.443,50.7,"Annapurna.csv"
"689",1750887426035,23.4,2025-06-25 21:37:06.035,51.1,"Annapurna.csv"
"690",1750889285663,22.8,2025-06-25 22:08:05.663,51.8,"Annapurna.csv"
"691",1750890125778,22.7,2025-06-25 22:22:05.778,51.9,"Annapurna.csv"
"692",1750891925300,22.2,2025-06-25 22:52:05.3,53.5,"Annapurna.csv"
"693",1750893845811,21.7,2025-06-25 23:24:05.811,54.8,"Annapurna.csv"
"694",1750895887238,21.2,2025-06-25 23:58:07.238,56.5,"Annapurna.csv"
"695",1750897385656,20.9,2025-06-26 00:23:05.656,56.8,"Annapurna.csv"
"696",1750903085322,20.4,2025-06-26 01:58:05.322,58.1,"Annapurna.csv"
"697",1750904645438,20.1,2025-06-26 02:24:05.438,58.8,"Annapurna.csv"
"698",1750909084831,19.6,2025-06-26 03:38:04.831,60.2,"Annapurna.csv"
"699",1750911905589,19.8,2025-06-26 04:25:05.589,59.8,"Annapurna.csv"
"700",1750916105652,20.3,2025-06-26 05:35:05.652,59.2,"Annapurna.csv"
"701",1750918205534,20.8,2025-06-26 06:10:05.534,58.8,"Annapurna.csv"
"702",1750919166363,21.2,2025-06-26 06:26:06.363,58.5,"Annapurna.csv"
"703",1750920605628,21.8,2025-06-26 06:50:05.628,57.7,"Annapurna.csv"
"704",1750922465423,22.3,2025-06-26 07:21:05.423,56.7,"Annapurna.csv"
"705",1750924864883,22.8,2025-06-26 08:01:04.883,55.7,"Annapurna.csv"
"706",1750926428272,23,2025-06-26 08:27:08.272,55.2,"Annapurna.csv"
"707",1750930565780,23.5,2025-06-26 09:36:05.78,54.5,"Annapurna.csv"
"708",1750933686984,23.8,2025-06-26 10:28:06.984,54.2,"Annapurna.csv"
"709",1750940942922,24.2,2025-06-26 12:29:02.922,54,"Annapurna.csv"
"710",1750945323982,24.7,2025-06-26 13:42:03.982,53.7,"Annapurna.csv"
"711",1750948205070,25.1,2025-06-26 14:30:05.07,53.4,"Annapurna.csv"
"712",1750955463142,25.3,2025-06-26 16:31:03.142,54.1,"Annapurna.csv"
"713",1750961044387,25.8,2025-06-26 18:04:04.387,54.7,"Annapurna.csv"
"714",1750962726388,25.8,2025-06-26 18:32:06.388,54.7,"Annapurna.csv"
"715",1750964105581,25.3,2025-06-26 18:55:05.581,56.4,"Annapurna.csv"
"716",1750965965378,24.8,2025-06-26 19:26:05.378,57.8,"Annapurna.csv"
"717",1750968725028,24.3,2025-06-26 20:12:05.028,59.7,"Annapurna.csv"
"718",1750969984896,24.1,2025-06-26 20:33:04.896,60.4,"Annapurna.csv"
"719",1750973164829,23.6,2025-06-26 21:26:04.829,61.7,"Annapurna.csv"
"720",1750977245279,23.2,2025-06-26 22:34:05.279,62.8,"Annapurna.csv"
"721",1750982766610,22.7,2025-06-27 00:06:06.61,63.9,"Annapurna.csv"
"722",1750984506140,22.5,2025-06-27 00:35:06.14,64.2,"Annapurna.csv"
"723",1750991763352,22.2,2025-06-27 02:36:03.352,65.1,"Annapurna.csv"
"724",1750999023481,21.8,2025-06-27 04:37:03.481,65.3,"Annapurna.csv"
"725",1751004183327,22.3,2025-06-27 06:03:03.327,64.3,"Annapurna.csv"
"726",1751005625252,22.9,2025-06-27 06:27:05.252,63.6,"Annapurna.csv"
"727",1751006285814,23.1,2025-06-27 06:38:05.814,63.2,"Annapurna.csv"
"728",1751008865847,23.6,2025-06-27 07:21:05.847,62,"Annapurna.csv"
"729",1751013424883,24.1,2025-06-27 08:37:04.883,59.6,"Annapurna.csv"
"730",1751013545783,24.2,2025-06-27 08:39:05.783,59.5,"Annapurna.csv"
"731",1751020803510,24.2,2025-06-27 10:40:03.51,56.7,"Annapurna.csv"
"732",1751028063376,24.5,2025-06-27 12:41:03.376,56,"Annapurna.csv"
"733",1751035323140,24.3,2025-06-27 14:42:03.14,54.4,"Annapurna.csv"
"734",1751042584299,24.6,2025-06-27 16:43:04.299,53.6,"Annapurna.csv"
"735",1751047565439,24.1,2025-06-27 18:06:05.439,52,"Annapurna.csv"
"736",1751048948410,23.6,2025-06-27 18:29:08.41,50.9,"Annapurna.csv"
"737",1751052424174,22.8,2025-06-27 19:27:04.174,50.4,"Annapurna.csv"
"738",1751057106049,22.4,2025-06-27 20:45:06.049,50.7,"Annapurna.csv"
"739",1751060825950,21.8,2025-06-27 21:47:05.95,51.5,"Annapurna.csv"
"740",1751064364293,21.4,2025-06-27 22:46:04.293,52.4,"Annapurna.csv"
"741",1751069645120,20.9,2025-06-28 00:14:05.12,54.4,"Annapurna.csv"
"742",1751071627633,20.7,2025-06-28 00:47:07.633,55.1,"Annapurna.csv"
"743",1751076786061,20.2,2025-06-28 02:13:06.061,56.7,"Annapurna.csv"
"744",1751086141663,19.9,2025-06-28 04:49:01.663,59.3,"Annapurna.csv"
"745",1751089924850,20.4,2025-06-28 05:52:04.85,59,"Annapurna.csv"
"746",1751090946301,20.9,2025-06-28 06:09:06.301,58.7,"Annapurna.csv"
"747",1751092265844,21.4,2025-06-28 06:31:05.844,58.2,"Annapurna.csv"
"748",1751093406094,21.8,2025-06-28 06:50:06.094,57.8,"Annapurna.csv"
"749",1751095865892,22.3,2025-06-28 07:31:05.892,57.1,"Annapurna.csv"
"750",1751099704847,22.8,2025-06-28 08:35:04.847,57.7,"Annapurna.csv"
"751",1751100665565,22.9,2025-06-28 08:51:05.565,58.2,"Annapurna.csv"
"752",1751105344302,23.5,2025-06-28 10:09:04.302,62.9,"Annapurna.csv"
"753",1751107925731,23.5,2025-06-28 10:52:05.731,59.2,"Annapurna.csv"
"754",1751115183849,24,2025-06-28 12:53:03.849,57.4,"Annapurna.csv"
"755",1751117525624,24.5,2025-06-28 13:32:05.624,56.5,"Annapurna.csv"
"756",1751120164326,25,2025-06-28 14:16:04.326,55.7,"Annapurna.csv"
"757",1751122445101,25.7,2025-06-28 14:54:05.101,54.5,"Annapurna.csv"
"758",1751129644107,25.2,2025-06-28 16:54:04.107,54.2,"Annapurna.csv"
"759",1751129706415,25.3,2025-06-28 16:55:06.415,54.1,"Annapurna.csv"
"760",1751136962455,24.9,2025-06-28 18:56:02.455,55.3,"Annapurna.csv"
"761",1751144223318,24.8,2025-06-28 20:57:03.318,56.6,"Annapurna.csv"
"762",1751151484187,24.7,2025-06-28 22:58:04.187,60.4,"Annapurna.csv"
"763",1751157965295,24.2,2025-06-29 00:46:05.295,61.9,"Annapurna.csv"
"764",1751158745932,24.1,2025-06-29 00:59:05.932,62,"Annapurna.csv"
"765",1751166004484,23.7,2025-06-29 03:00:04.484,63.7,"Annapurna.csv"
"766",1751183698332,24.5,2025-06-29 07:54:58.332,63.1,"Annapurna.csv"
"767",1751187784414,24.9,2025-06-29 09:03:04.414,62.2,"Annapurna.csv"
"768",1751202300423,25.6,2025-06-29 13:05:00.423,59,"Annapurna.csv"
"769",1751205065132,26.1,2025-06-29 13:51:05.132,57.9,"Annapurna.csv"
"770",1751208125998,26.6,2025-06-29 14:42:05.998,56.8,"Annapurna.csv"
"771",1751216822971,26.3,2025-06-29 17:07:02.971,51.4,"Annapurna.csv"
"772",1751219824054,26.2,2025-06-29 17:57:04.054,46.2,"Annapurna.csv"
"773",1751223125005,25.7,2025-06-29 18:52:05.005,41.5,"Annapurna.csv"
"774",1751227804215,24.4,2025-06-29 20:10:04.215,39.2,"Annapurna.csv"
"775",1751230026951,23.9,2025-06-29 20:47:06.951,38.5,"Annapurna.csv"
"776",1751231345272,23.6,2025-06-29 21:09:05.272,38.7,"Annapurna.csv"
"777",1751235606830,22.6,2025-06-29 22:20:06.83,39.6,"Annapurna.csv"
"778",1751237948221,22,2025-06-29 22:59:08.221,40.8,"Annapurna.csv"
"779",1751238605586,21.9,2025-06-29 23:10:05.586,41.2,"Annapurna.csv"
"780",1751240827142,21.4,2025-06-29 23:47:07.142,42.5,"Annapurna.csv"
"781",1751243585158,20.9,2025-06-30 00:33:05.158,43.8,"Annapurna.csv"
"782",1751245867591,20.4,2025-06-30 01:11:07.591,44.9,"Annapurna.csv"
"783",1751248625786,19.9,2025-06-30 01:57:05.786,46.3,"Annapurna.csv"
"784",1751251445636,19.4,2025-06-30 02:44:05.636,47.8,"Annapurna.csv"
"785",1751253126061,19.2,2025-06-30 03:12:06.061,48.8,"Annapurna.csv"
"786",1751257384754,18.7,2025-06-30 04:23:04.754,50.2,"Annapurna.csv"
"787",1751260025258,19.2,2025-06-30 05:07:05.258,50.5,"Annapurna.csv"
"788",1751260386422,19.4,2025-06-30 05:13:06.422,50.5,"Annapurna.csv"
"789",1751262186611,20.5,2025-06-30 05:43:06.611,50.5,"Annapurna.csv"
"790",1751263265889,21,2025-06-30 06:01:05.889,50.1,"Annapurna.csv"
"791",1751264708390,21.5,2025-06-30 06:25:08.39,49.7,"Annapurna.csv"
"792",1751266931629,22,2025-06-30 07:02:11.629,49.3,"Annapurna.csv"
"793",1751267677980,22.2,2025-06-30 07:14:37.98,49.1,"Annapurna.csv"
"794",1751271246306,22.7,2025-06-30 08:14:06.306,48.5,"Annapurna.csv"
"795",1751274904680,23.1,2025-06-30 09:15:04.68,48.1,"Annapurna.csv"
"796",1751282166677,23.4,2025-06-30 11:16:06.677,46.7,"Annapurna.csv"
"797",1751288343780,23.9,2025-06-30 12:59:03.78,41.8,"Annapurna.csv"
"798",1751289425585,24.2,2025-06-30 13:17:05.585,40,"Annapurna.csv"
"799",1751291525766,24.7,2025-06-30 13:52:05.766,42.3,"Annapurna.csv"
"800",1751293325238,25.2,2025-06-30 14:22:05.238,43.7,"Annapurna.csv"
"801",1751296024554,25.7,2025-06-30 15:07:04.554,44.6,"Annapurna.csv"
"802",1751296686000,25.8,2025-06-30 15:18:06,44.5,"Annapurna.csv"
"803",1751302023746,26.3,2025-06-30 16:47:03.746,43.1,"Annapurna.csv"
"804",1751303945656,26.6,2025-06-30 17:19:05.656,40.5,"Annapurna.csv"
"805",1751311203794,25.8,2025-06-30 19:20:03.794,37.9,"Annapurna.csv"
"806",1751313005518,25.3,2025-06-30 19:50:05.518,36.4,"Annapurna.csv"
"807",1751315284525,24.7,2025-06-30 20:28:04.525,36,"Annapurna.csv"
"808",1751318465190,24.1,2025-06-30 21:21:05.19,37.4,"Annapurna.csv"
"809",1751320745003,23.6,2025-06-30 21:59:05.003,38.1,"Annapurna.csv"
"810",1751324285443,23,2025-06-30 22:58:05.443,41.7,"Annapurna.csv"
"811",1751325726213,22.8,2025-06-30 23:22:06.213,43,"Annapurna.csv"
"812",1751328845563,22.3,2025-07-01 00:14:05.563,45.3,"Annapurna.csv"
"813",1751331365432,21.8,2025-07-01 00:56:05.432,46.9,"Annapurna.csv"
"814",1751332987824,21.5,2025-07-01 01:23:07.824,47.7,"Annapurna.csv"
"815",1751335985339,21,2025-07-01 02:13:05.339,49,"Annapurna.csv"
"816",1751338504629,20.4,2025-07-01 02:55:04.629,50.5,"Annapurna.csv"
"817",1751340245748,20.2,2025-07-01 03:24:05.748,51.1,"Annapurna.csv"
"818",1751347023482,20.8,2025-07-01 05:17:03.482,51.1,"Annapurna.csv"
"819",1751347505950,20.8,2025-07-01 05:25:05.95,51.1,"Annapurna.csv"
"820",1751348648352,21.3,2025-07-01 05:44:08.352,51.1,"Annapurna.csv"
"821",1751349548559,21.8,2025-07-01 05:59:08.559,50.8,"Annapurna.csv"
"822",1751350987896,22.3,2025-07-01 06:23:07.896,50.6,"Annapurna.csv"
"823",1751352785807,22.8,2025-07-01 06:53:05.807,49.9,"Annapurna.csv"
"824",1751354765910,22.8,2025-07-01 07:26:05.91,48.9,"Annapurna.csv"
"825",1751357945918,23.4,2025-07-01 08:19:05.918,47.6,"Annapurna.csv"
"826",1751362025456,23.8,2025-07-01 09:27:05.456,47.5,"Annapurna.csv"
"827",1751368983061,24.4,2025-07-01 11:23:03.061,48,"Annapurna.csv"
"828",1751369286412,24.4,2025-07-01 11:28:06.412,47.9,"Annapurna.csv"
"829",1751375825619,24.9,2025-07-01 13:17:05.619,47.5,"Annapurna.csv"
"830",1751376548238,25,2025-07-01 13:29:08.238,47.4,"Annapurna.csv"
"831",1751379064687,25.6,2025-07-01 14:11:04.687,47.4,"Annapurna.csv"
"832",1751380265145,26.1,2025-07-01 14:31:05.145,45.5,"Annapurna.csv"
"833",1751387764922,26.9,2025-07-01 16:36:04.922,45.6,"Annapurna.csv"
"834",1751391067191,27.2,2025-07-01 17:31:07.191,45.6,"Annapurna.csv"
"835",1751398323702,26.8,2025-07-01 19:32:03.702,43.2,"Annapurna.csv"
"836",1751402764253,26.3,2025-07-01 20:46:04.253,41,"Annapurna.csv"
"837",1751405584662,26,2025-07-01 21:33:04.662,41,"Annapurna.csv"
"838",1751409425330,25.5,2025-07-01 22:37:05.33,40.7,"Annapurna.csv"
"839",1751412847800,25.1,2025-07-01 23:34:07.8,41.1,"Annapurna.csv"
"840",1751416564556,24.6,2025-07-02 00:36:04.556,41.9,"Annapurna.csv"
"841",1751419867358,24.1,2025-07-02 01:31:07.358,42.6,"Annapurna.csv"
"842",1751420106689,24,2025-07-02 01:35:06.689,42.5,"Annapurna.csv"
"843",1751423164869,23.5,2025-07-02 02:26:04.869,43.7,"Annapurna.csv"
"844",1751426284630,23,2025-07-02 03:18:04.63,44.8,"Annapurna.csv"
"845",1751427366538,22.9,2025-07-02 03:36:06.538,45.2,"Annapurna.csv"
"846",1751434203144,23.4,2025-07-02 05:30:03.144,46.3,"Annapurna.csv"
"847",1751434625497,23.7,2025-07-02 05:37:05.497,46.4,"Annapurna.csv"
"848",1751436245991,24.2,2025-07-02 06:04:05.991,46.5,"Annapurna.csv"
"849",1751438525101,24.7,2025-07-02 06:42:05.101,46.6,"Annapurna.csv"
"850",1751441884239,25.1,2025-07-02 07:38:04.239,46.4,"Annapurna.csv"
"851",1751448843910,25.6,2025-07-02 09:34:03.91,46.5,"Annapurna.csv"
"852",1751449147656,25.6,2025-07-02 09:39:07.656,46.5,"Annapurna.csv"
"853",1751456404385,25.9,2025-07-02 11:40:04.385,46.9,"Annapurna.csv"
"854",1751461863775,26.4,2025-07-02 13:11:03.775,47.5,"Annapurna.csv"
"855",1751463665126,26.8,2025-07-02 13:41:05.126,47.2,"Annapurna.csv"
"856",1751466126104,27.3,2025-07-02 14:22:06.104,46.8,"Annapurna.csv"
"857",1751470504209,27.8,2025-07-02 15:35:04.209,46.4,"Annapurna.csv"
"858",1751470926310,27.9,2025-07-02 15:42:06.31,46.3,"Annapurna.csv"
"859",1751478185159,28.3,2025-07-02 17:43:05.159,45.9,"Annapurna.csv"
"860",1751484184728,28.1,2025-07-02 19:23:04.728,40.6,"Annapurna.csv"
"861",1751485445708,28.1,2025-07-02 19:44:05.708,39.8,"Annapurna.csv"
"862",1751492706215,27.9,2025-07-02 21:45:06.215,38.7,"Annapurna.csv"
"863",1751499723333,27.4,2025-07-02 23:42:03.333,40.5,"Annapurna.csv"
"864",1751499965315,27.4,2025-07-02 23:46:05.315,40.8,"Annapurna.csv"
"865",1751502904902,26.9,2025-07-03 00:35:04.902,44.1,"Annapurna.csv"
"866",1751505964839,26.4,2025-07-03 01:26:04.839,46.8,"Annapurna.csv"
"867",1751507225126,26.1,2025-07-03 01:47:05.126,47.4,"Annapurna.csv"
"868",1751512445196,25.6,2025-07-03 03:14:05.196,48.9,"Annapurna.csv"
"869",1751514484999,25.2,2025-07-03 03:48:04.999,50.7,"Annapurna.csv"
"870",1751517905621,24.7,2025-07-03 04:45:05.621,52.8,"Annapurna.csv"
"871",1751521745585,24.2,2025-07-03 05:49:05.585,56,"Annapurna.csv"
"872",1751525224755,24.7,2025-07-03 06:47:04.755,56.6,"Annapurna.csv"
"873",1751526846224,25.3,2025-07-03 07:14:06.224,55.5,"Annapurna.csv"
"874",1751529005049,25.7,2025-07-03 07:50:05.049,54.7,"Annapurna.csv"
"875",1751534704398,26.2,2025-07-03 09:25:04.398,53.2,"Annapurna.csv"
"876",1751536266422,26.2,2025-07-03 09:51:06.422,52.8,"Annapurna.csv"
"877",1751543523575,26.6,2025-07-03 11:52:03.575,50.4,"Annapurna.csv"
"878",1751550483800,27.1,2025-07-03 13:48:03.8,47.8,"Annapurna.csv"
"879",1751550785850,27.1,2025-07-03 13:53:05.85,47.7,"Annapurna.csv"
"880",1751553544780,27.6,2025-07-03 14:39:04.78,47.2,"Annapurna.csv"
"881",1751556364834,28.2,2025-07-03 15:26:04.834,46.3,"Annapurna.csv"
"882",1751558046092,28.4,2025-07-03 15:54:06.092,45.7,"Annapurna.csv"
"883",1751561884398,28.9,2025-07-03 16:58:04.398,43.5,"Annapurna.csv"
"884",1751565305634,28.9,2025-07-03 17:55:05.634,42.4,"Annapurna.csv"
"885",1751569204885,28.4,2025-07-03 19:00:04.885,41.6,"Annapurna.csv"
"886",1751569992238,27.8,2025-07-03 19:13:12.238,37.9,"Annapurna.csv"
"887",1751570346272,27.3,2025-07-03 19:19:06.272,37.7,"Annapurna.csv"
"888",1751573410764,25,2025-07-03 20:10:10.764,36.7,"Annapurna.csv"
"889",1751575388170,24.5,2025-07-03 20:43:08.17,37.3,"Annapurna.csv"
"890",1751577065498,24,2025-07-03 21:11:05.498,38.2,"Annapurna.csv"
"891",1751579586831,23.5,2025-07-03 21:53:06.831,38.8,"Annapurna.csv"
"892",1751579826470,23.5,2025-07-03 21:57:06.47,38.8,"Annapurna.csv"
"893",1751582345616,23,2025-07-03 22:39:05.616,39.8,"Annapurna.csv"
"894",1751587084821,22.5,2025-07-03 23:58:04.821,42,"Annapurna.csv"
"895",1751590505095,22,2025-07-04 00:55:05.095,43,"Annapurna.csv"
"896",1751593924272,21.5,2025-07-04 01:52:04.272,43.9,"Annapurna.csv"
"897",1751594345942,21.5,2025-07-04 01:59:05.942,44.1,"Annapurna.csv"
"898",1751596625965,21,2025-07-04 02:37:05.965,45.3,"Annapurna.csv"
"899",1751601603473,20.6,2025-07-04 04:00:03.473,46.7,"Annapurna.csv"
"900",1751607965137,21.2,2025-07-04 05:46:05.137,47.8,"Annapurna.csv"
"901",1751608450426,21.7,2025-07-04 05:54:10.426,47.7,"Annapurna.csv"
"902",1751608867244,22,2025-07-04 06:01:07.244,47.6,"Annapurna.csv"
"903",1751609886754,22.5,2025-07-04 06:18:06.754,47.3,"Annapurna.csv"
"904",1751611147372,23,2025-07-04 06:39:07.372,47.2,"Annapurna.csv"
"905",1751612888557,23.6,2025-07-04 07:08:08.557,46.7,"Annapurna.csv"
"906",1751615167454,24.1,2025-07-04 07:46:07.454,46.5,"Annapurna.csv"
"907",1751616128992,24.2,2025-07-04 08:02:08.992,46.5,"Annapurna.csv"
"908",1751623391361,24.9,2025-07-04 10:03:11.361,46.3,"Annapurna.csv"
"909",1751630648277,25.2,2025-07-04 12:04:08.277,44.9,"Annapurna.csv"
"910",1751637906484,25.9,2025-07-04 14:05:06.484,43.7,"Annapurna.csv"
"911",1751642947011,26.7,2025-07-04 15:29:07.011,37.9,"Annapurna.csv"
"912",1751645165218,26.5,2025-07-04 16:06:05.218,34.6,"Annapurna.csv"
"913",1751647565259,27,2025-07-04 16:46:05.259,36.2,"Annapurna.csv"
"914",1751652424014,26.9,2025-07-04 18:07:04.014,38.5,"Annapurna.csv"
"915",1751655364856,26.4,2025-07-04 18:56:04.856,36.7,"Annapurna.csv"
"916",1751656448786,25.8,2025-07-04 19:14:08.786,35.2,"Annapurna.csv"
"917",1751658668180,24.8,2025-07-04 19:51:08.18,34.8,"Annapurna.csv"
"918",1751659685027,24.4,2025-07-04 20:08:05.027,34.8,"Annapurna.csv"
"919",1751660765732,23.9,2025-07-04 20:26:05.732,35.3,"Annapurna.csv"
"920",1751663708488,22.9,2025-07-04 21:15:08.488,37.5,"Annapurna.csv"
"921",1751666584520,21.8,2025-07-04 22:03:04.52,39.7,"Annapurna.csv"
"922",1751666948008,21.8,2025-07-04 22:09:08.008,39.8,"Annapurna.csv"
"923",1751668985094,21.3,2025-07-04 22:43:05.094,41,"Annapurna.csv"
"924",1751671685782,20.8,2025-07-04 23:28:05.782,42.1,"Annapurna.csv"
"925",1751673965687,20.3,2025-07-05 00:06:05.687,43.7,"Annapurna.csv"
"926",1751674206263,20.3,2025-07-05 00:10:06.263,43.8,"Annapurna.csv"
"927",1751678106259,19.8,2025-07-05 01:15:06.259,43.7,"Annapurna.csv"
"928",1751681465831,19.5,2025-07-05 02:11:05.831,42.8,"Annapurna.csv"
"929",1751684946963,19,2025-07-05 03:09:06.963,42.7,"Annapurna.csv"
"930",1751688724789,19,2025-07-05 04:12:04.789,42.7,"Annapurna.csv"
"931",1751692984792,19.5,2025-07-05 05:23:04.792,42.3,"Annapurna.csv"
"932",1751695385120,20,2025-07-05 06:03:05.12,42.2,"Annapurna.csv"
"933",1751695986577,20.1,2025-07-05 06:13:06.577,42,"Annapurna.csv"
"934",1751697965257,20.7,2025-07-05 06:46:05.257,41.1,"Annapurna.csv"
"935",1751701924771,21.7,2025-07-05 07:52:04.771,40.8,"Annapurna.csv"
"936",1751703074927,22.2,2025-07-05 08:11:14.927,41.3,"Annapurna.csv"
"937",1751704987531,22.8,2025-07-05 08:43:07.531,41.3,"Annapurna.csv"
"938",1751707267650,23.3,2025-07-05 09:21:07.65,40.5,"Annapurna.csv"
"939",1751710206030,23.8,2025-07-05 10:10:06.03,39.5,"Annapurna.csv"
"940",1751710507590,23.9,2025-07-05 10:15:07.59,39.4,"Annapurna.csv"
"941",1751716324124,24.4,2025-07-05 11:52:04.124,38.6,"Annapurna.csv"
"942",1751717765619,24.5,2025-07-05 12:16:05.619,38.4,"Annapurna.csv"
"943",1751725023941,24.9,2025-07-05 14:17:03.941,39,"Annapurna.csv"
"944",1751728864818,25.4,2025-07-05 15:21:04.818,35.5,"Annapurna.csv"
"945",1751732286995,25.9,2025-07-05 16:18:06.995,36.4,"Annapurna.csv"
"946",1751739544968,25.9,2025-07-05 18:19:04.968,34.3,"Annapurna.csv"
"947",1751742905421,25.4,2025-07-05 19:15:05.421,34.6,"Annapurna.csv"
"948",1751746804619,24.9,2025-07-05 20:20:04.619,35.4,"Annapurna.csv"
"949",1751757120891,23.2,2025-07-05 23:12:00.891,38.3,"Annapurna.csv"
"950",1751761324566,22.7,2025-07-06 00:22:04.566,40.5,"Annapurna.csv"
"951",1751765345051,22.2,2025-07-06 01:29:05.051,42,"Annapurna.csv"
"952",1751775842232,21.6,2025-07-06 04:24:02.232,44.4,"Annapurna.csv"
"953",1751781363948,22.1,2025-07-06 05:56:03.948,43.7,"Annapurna.csv"
"954",1751783105133,22.3,2025-07-06 06:25:05.133,43.2,"Annapurna.csv"
"955",1751789164154,23.3,2025-07-06 08:06:04.154,41.9,"Annapurna.csv"
"956",1751790368813,23.7,2025-07-06 08:26:08.813,42,"Annapurna.csv"
"957",1751792406095,24.3,2025-07-06 09:00:06.095,42,"Annapurna.csv"
"958",1751796727971,24.8,2025-07-06 10:12:07.971,40.7,"Annapurna.csv"
"959",1751797626057,24.8,2025-07-06 10:27:06.057,40.3,"Annapurna.csv"
"960",1751803263996,25.4,2025-07-06 12:01:03.996,37.4,"Annapurna.csv"
"961",1751804887494,25.5,2025-07-06 12:28:07.494,36.5,"Annapurna.csv"
"962",1751812142801,25.8,2025-07-06 14:29:02.801,38.2,"Annapurna.csv"
"963",1751819403383,25.8,2025-07-06 16:30:03.383,38.6,"Annapurna.csv"
"964",1751824384208,25.3,2025-07-06 17:53:04.208,35.4,"Annapurna.csv"
"965",1751826664900,24.9,2025-07-06 18:31:04.9,34.9,"Annapurna.csv"
"966",1751833923342,24.4,2025-07-06 20:32:03.342,37.1,"Annapurna.csv"
"967",1751839084654,23.9,2025-07-06 21:58:04.654,38.3,"Annapurna.csv"
"968",1751841186498,23.6,2025-07-06 22:33:06.498,39.7,"Annapurna.csv"
"969",1751845384517,23.1,2025-07-06 23:43:04.517,42.1,"Annapurna.csv"
"970",1751848445613,22.7,2025-07-07 00:34:05.613,44.1,"Annapurna.csv"
"971",1751852404634,22.2,2025-07-07 01:40:04.634,46.2,"Annapurna.csv"
"972",1751855705430,21.8,2025-07-07 02:35:05.43,48.5,"Annapurna.csv"
"973",1751858644519,21.3,2025-07-07 03:24:04.519,51.5,"Annapurna.csv"
"974",1751862965016,21.1,2025-07-07 04:36:05.016,53.1,"Annapurna.csv"
"975",1751868124228,21.6,2025-07-07 06:02:04.228,52.9,"Annapurna.csv"
"976",1751868785888,22.1,2025-07-07 06:13:05.888,52.1,"Annapurna.csv"
"977",1751869746499,22.7,2025-07-07 06:29:06.499,51.2,"Annapurna.csv"
"978",1751870225949,22.8,2025-07-07 06:37:05.949,50.9,"Annapurna.csv"
"979",1751872085574,23.4,2025-07-07 07:08:05.574,49.8,"Annapurna.csv"
"980",1751874846156,23.9,2025-07-07 07:54:06.156,48.6,"Annapurna.csv"
"981",1751877484586,24.2,2025-07-07 08:38:04.586,48.4,"Annapurna.csv"
"982",1751884744359,24.5,2025-07-07 10:39:04.359,47.9,"Annapurna.csv"
"983",1751891942923,25,2025-07-07 12:39:02.923,48,"Annapurna.csv"
"984",1751892007599,25.1,2025-07-07 12:40:07.599,48,"Annapurna.csv"
"985",1751896504483,25.6,2025-07-07 13:55:04.483,47.7,"Annapurna.csv"
"986",1751898245643,26.1,2025-07-07 14:24:05.643,46.4,"Annapurna.csv"
"987",1751899205785,26.7,2025-07-07 14:40:05.785,45.4,"Annapurna.csv"
"988",1751899265511,26.8,2025-07-07 14:41:05.511,45.2,"Annapurna.csv"
"989",1751900165787,26.3,2025-07-07 14:56:05.787,44.6,"Annapurna.csv"
"990",1751901305157,25.7,2025-07-07 15:15:05.157,44.5,"Annapurna.csv"
"991",1751902326101,25.2,2025-07-07 15:32:06.101,46.1,"Annapurna.csv"
"992",1751903165614,24.7,2025-07-07 15:46:05.614,48.9,"Annapurna.csv"
"993",1751906285653,25.2,2025-07-07 16:38:05.653,50.2,"Annapurna.csv"
"994",1751906526680,25.3,2025-07-07 16:42:06.68,50.1,"Annapurna.csv"
"995",1751909165619,25.8,2025-07-07 17:26:05.619,49.7,"Annapurna.csv"
"996",1751913783896,25.7,2025-07-07 18:43:03.896,49.8,"Annapurna.csv"
"997",1751921043676,25.2,2025-07-07 20:44:03.676,50.8,"Annapurna.csv"
"998",1751921889559,24.7,2025-07-07 20:58:09.559,51.6,"Annapurna.csv"
"999",1751923625944,23.7,2025-07-07 21:27:05.944,53.2,"Annapurna.csv"
"1000",1751924827720,23.1,2025-07-07 21:47:07.72,53.9,"Annapurna.csv"
"1001",1751926028006,22.6,2025-07-07 22:07:08.006,54.8,"Annapurna.csv"
"1002",1751927885365,22.1,2025-07-07 22:38:05.365,56.1,"Annapurna.csv"
"1003",1751928305751,22,2025-07-07 22:45:05.751,56.3,"Annapurna.csv"
"1004",1751930527159,21.5,2025-07-07 23:22:07.159,57.1,"Annapurna.csv"
"1005",1751932925083,21,2025-07-08 00:02:05.083,57.9,"Annapurna.csv"
"1006",1751934965317,20.5,2025-07-08 00:36:05.317,59.4,"Annapurna.csv"
"1007",1751935566655,20.3,2025-07-08 00:46:06.655,59.9,"Annapurna.csv"
"1008",1751938025829,19.8,2025-07-08 01:27:05.829,61.3,"Annapurna.csv"
"1009",1751941384676,19.3,2025-07-08 02:23:04.676,62.1,"Annapurna.csv"
"1010",1751942826195,19.1,2025-07-08 02:47:06.195,62.2,"Annapurna.csv"
"1011",1751947744076,18.6,2025-07-08 04:09:04.076,62.5,"Annapurna.csv"
"1012",1751950085862,18.3,2025-07-08 04:48:05.862,62.1,"Annapurna.csv"
"1013",1751951285449,18.8,2025-07-08 05:08:05.449,61.7,"Annapurna.csv"
"1014",1751951707077,19.4,2025-07-08 05:15:07.077,61.4,"Annapurna.csv"
"1015",1751952306707,19.9,2025-07-08 05:25:06.707,61,"Annapurna.csv"
"1016",1751953205968,20.4,2025-07-08 05:40:05.968,60.2,"Annapurna.csv"
"1017",1751954405074,20.9,2025-07-08 06:00:05.074,59.2,"Annapurna.csv"
"1018",1751956145401,21.4,2025-07-08 06:29:05.401,58.1,"Annapurna.csv"
"1019",1751957346984,21.9,2025-07-08 06:49:06.984,57.1,"Annapurna.csv"
"1020",1751959745488,22.4,2025-07-08 07:29:05.488,55.8,"Annapurna.csv"
"1021",1751963644660,22.9,2025-07-08 08:34:04.66,53.8,"Annapurna.csv"
"1022",1751964605075,23,2025-07-08 08:50:05.075,53.5,"Annapurna.csv"
"1023",1751971863254,23.5,2025-07-08 10:51:03.254,51.1,"Annapurna.csv"
"1024",1751979122233,23.8,2025-07-08 12:52:02.233,49.2,"Annapurna.csv"
"1025",1751985364074,24.4,2025-07-08 14:36:04.074,47.7,"Annapurna.csv"
"1026",1751986386340,24.4,2025-07-08 14:53:06.34,45.2,"Annapurna.csv"
"1027",1751989145199,23.9,2025-07-08 15:39:05.199,42.1,"Annapurna.csv"
"1028",1751992804335,23.4,2025-07-08 16:40:04.335,41,"Annapurna.csv"
"1029",1751993646261,23.4,2025-07-08 16:54:06.261,41,"Annapurna.csv"
"1030",1752007028247,24.7,2025-07-08 20:37:08.247,43.9,"Annapurna.csv"
"1031",1752007507138,24.2,2025-07-08 20:45:07.138,42.3,"Annapurna.csv"
"1032",1752008165487,23.9,2025-07-08 20:56:05.487,42.1,"Annapurna.csv"
"1033",1752008946080,23.4,2025-07-08 21:09:06.08,42.6,"Annapurna.csv"
"1034",1752009367460,22.9,2025-07-08 21:16:07.46,43.3,"Annapurna.csv"
"1035",1752010145535,22.4,2025-07-08 21:29:05.535,44.1,"Annapurna.csv"
"1036",1752011167065,21.9,2025-07-08 21:46:07.065,45.1,"Annapurna.csv"
"1037",1752012365602,21.4,2025-07-08 22:06:05.602,46.2,"Annapurna.csv"
"1038",1752014345282,20.9,2025-07-08 22:39:05.282,47.6,"Annapurna.csv"
"1039",1752015426329,20.7,2025-07-08 22:57:06.329,48.8,"Annapurna.csv"
"1040",1752019025759,20.1,2025-07-08 23:57:05.759,51.8,"Annapurna.csv"
"1041",1752022685144,19.9,2025-07-09 00:58:05.144,54.2,"Annapurna.csv"
"1042",1752028624327,19.3,2025-07-09 02:37:04.327,56.8,"Annapurna.csv"
"1043",1752029945352,19.2,2025-07-09 02:59:05.352,57.6,"Annapurna.csv"
"1044",1752037204216,18.9,2025-07-09 05:00:04.216,59.1,"Annapurna.csv"
"1045",1752037746007,19.4,2025-07-09 05:09:06.007,58.1,"Annapurna.csv"
"1046",1752038346468,19.9,2025-07-09 05:19:06.468,57.4,"Annapurna.csv"
"1047",1752039126072,20.5,2025-07-09 05:32:06.072,56.8,"Annapurna.csv"
"1048",1752040206795,21,2025-07-09 05:50:06.795,55.6,"Annapurna.csv"
"1049",1752041706821,21.5,2025-07-09 06:15:06.821,54.4,"Annapurna.csv"
"1050",1752044405426,22,2025-07-09 07:00:05.426,53.6,"Annapurna.csv"
"1051",1752044465834,22,2025-07-09 07:01:05.834,53.6,"Annapurna.csv"
"1052",1752051723271,22,2025-07-09 09:02:03.271,53.4,"Annapurna.csv"
"1053",1752052085984,21.3,2025-07-09 09:08:05.984,55.4,"Annapurna.csv"
"1054",1752052566672,20.8,2025-07-09 09:16:06.672,57.3,"Annapurna.csv"
"1055",1752053285336,20.2,2025-07-09 09:28:05.336,59.3,"Annapurna.csv"
"1056",1752054545472,20.8,2025-07-09 09:49:05.472,57.9,"Annapurna.csv"
"1057",1752055746807,21.3,2025-07-09 10:09:06.807,57.5,"Annapurna.csv"
"1058",1752057186237,21.8,2025-07-09 10:33:06.237,56.9,"Annapurna.csv"
"1059",1752058986028,22.2,2025-07-09 11:03:06.028,56,"Annapurna.csv"
"1060",1752062584946,22.7,2025-07-09 12:03:04.946,54.4,"Annapurna.csv"
"1061",1752066005016,23.3,2025-07-09 13:00:05.016,53,"Annapurna.csv"
"1062",1752066246813,23.3,2025-07-09 13:04:06.813,52.9,"Annapurna.csv"
"1063",1752073506060,23.5,2025-07-09 15:05:06.06,51.3,"Annapurna.csv"
"1064",1752080763453,23.6,2025-07-09 17:06:03.453,50.7,"Annapurna.csv"
"1065",1752088023344,23.4,2025-07-09 19:07:03.344,50.4,"Annapurna.csv"
"1066",1752094322931,21.8,2025-07-09 20:52:02.931,52.6,"Annapurna.csv"
"1067",1752095288872,21.5,2025-07-09 21:08:08.872,53.2,"Annapurna.csv"
"1068",1752102543387,20.6,2025-07-09 23:09:03.387,55.7,"Annapurna.csv"
"1069",1752108603321,20.1,2025-07-10 00:50:03.321,56.9,"Annapurna.csv"
"1070",1752109805753,20.1,2025-07-10 01:10:05.753,57.6,"Annapurna.csv"
"1071",1752117070329,19.4,2025-07-10 03:11:10.329,60.4,"Annapurna.csv"
"1072",1752119706293,19.9,2025-07-10 03:55:06.293,59.5,"Annapurna.csv"
"1073",1752120366146,20.4,2025-07-10 04:06:06.146,58.9,"Annapurna.csv"
"1074",1752121565789,20.9,2025-07-10 04:26:05.789,57.9,"Annapurna.csv"
"1075",1752123486092,21.4,2025-07-10 04:58:06.092,57,"Annapurna.csv"
"1076",1752124325920,21.6,2025-07-10 05:12:05.92,56.5,"Annapurna.csv"
"1077",1752129904999,22.1,2025-07-10 06:45:04.999,55.7,"Annapurna.csv"
"1078",1752131585674,22.2,2025-07-10 07:13:05.674,55.4,"Annapurna.csv"
"1079",1752138842308,22.6,2025-07-10 09:14:02.308,54.2,"Annapurna.csv"
"1080",1752146104135,23,2025-07-10 11:15:04.135,53.7,"Annapurna.csv"
"1081",1752160621162,22.9,2025-07-10 15:17:01.162,53.2,"Annapurna.csv"
"1082",1752182397019,22.9,2025-07-10 21:19:57.019,52.6,"Annapurna.csv"
"1083",1752183006135,22.4,2025-07-10 21:30:06.135,52.4,"Annapurna.csv"
"1084",1752184445796,23,2025-07-10 21:54:05.796,52.3,"Annapurna.csv"
"1085",1752184926836,23.5,2025-07-10 22:02:06.836,51.7,"Annapurna.csv"
"1086",1752185946046,24,2025-07-10 22:19:06.046,50.9,"Annapurna.csv"
"1087",1752186489616,23.5,2025-07-10 22:28:09.616,50.7,"Annapurna.csv"
"1088",1752187445910,23,2025-07-10 22:44:05.91,50.8,"Annapurna.csv"
"1089",1752187986115,22.4,2025-07-10 22:53:06.115,51.4,"Annapurna.csv"
"1090",1752189485586,21.4,2025-07-10 23:18:05.586,52.6,"Annapurna.csv"
"1091",1752189605644,21.4,2025-07-10 23:20:05.644,52.5,"Annapurna.csv"
"1092",1752190685657,20.9,2025-07-10 23:38:05.657,53.2,"Annapurna.csv"
"1093",1752195124846,19.9,2025-07-11 00:52:04.846,55.2,"Annapurna.csv"
"1094",1752196865455,19.6,2025-07-11 01:21:05.455,56,"Annapurna.csv"
"1095",1752211381147,18.3,2025-07-11 05:23:01.147,56.5,"Annapurna.csv"
"1096",1752215824538,18.9,2025-07-11 06:37:04.538,57.6,"Annapurna.csv"
"1097",1752218645400,19.4,2025-07-11 07:24:05.4,58,"Annapurna.csv"
"1098",1752220505110,19.9,2025-07-11 07:55:05.11,57.5,"Annapurna.csv"
"1099",1752221405887,20.4,2025-07-11 08:10:05.887,56.8,"Annapurna.csv"
"1100",1752223145893,20.9,2025-07-11 08:39:05.893,55.9,"Annapurna.csv"
"1101",1752225305178,21.4,2025-07-11 09:15:05.178,55,"Annapurna.csv"
"1102",1752225905420,21.5,2025-07-11 09:25:05.42,54.7,"Annapurna.csv"
"1103",1752229567027,22,2025-07-11 10:26:07.027,53.8,"Annapurna.csv"
"1104",1752240421251,22.5,2025-07-11 13:27:01.251,52.7,"Annapurna.csv"
"1105",1752247693263,22.8,2025-07-11 15:28:13.263,52.1,"Annapurna.csv"
"1106",1752254950477,22.5,2025-07-11 17:29:10.477,52.6,"Annapurna.csv"
"1107",1752266822649,21.9,2025-07-11 20:47:02.649,54.3,"Annapurna.csv"
"1108",1752267126319,21.3,2025-07-11 20:52:06.319,55.7,"Annapurna.csv"
"1109",1752267905813,20.8,2025-07-11 21:05:05.813,57.1,"Annapurna.csv"
"1110",1752268865568,20.3,2025-07-11 21:21:05.568,58.2,"Annapurna.csv"
"1111",1752269466289,20,2025-07-11 21:31:06.289,59.1,"Annapurna.csv"
"1112",1752271265501,19.5,2025-07-11 22:01:05.501,60.7,"Annapurna.csv"
"1113",1752273846936,19,2025-07-11 22:44:06.936,62.7,"Annapurna.csv"
"1114",1752276725006,18.6,2025-07-11 23:32:05.006,64.8,"Annapurna.csv"
"1115",1752282427120,18.1,2025-07-12 01:07:07.12,67.3,"Annapurna.csv"
"1116",1752283985275,18,2025-07-12 01:33:05.275,68,"Annapurna.csv"
"1117",1752291243499,18,2025-07-12 03:34:03.499,69.6,"Annapurna.csv"
"1118",1752298503723,18,2025-07-12 05:35:03.723,71.5,"Annapurna.csv"
"1119",1752302524194,18.5,2025-07-12 06:42:04.194,70.6,"Annapurna.csv"
"1120",1752304564767,19.6,2025-07-12 07:16:04.767,68.3,"Annapurna.csv"
"1121",1752305765593,19.9,2025-07-12 07:36:05.593,67.3,"Annapurna.csv"
"1122",1752309427191,20.4,2025-07-12 08:37:07.191,65,"Annapurna.csv"
"1123",1752313024332,20.7,2025-07-12 09:37:04.332,63.6,"Annapurna.csv"
"1124",1752320283669,21.1,2025-07-12 11:38:03.669,63.3,"Annapurna.csv"
"1125",1752327543964,21.4,2025-07-12 13:39:03.964,62.6,"Annapurna.csv"
"1126",1752334803405,21.5,2025-07-12 15:40:03.405,62,"Annapurna.csv"
"1127",1752342063550,21.6,2025-07-12 17:41:03.55,61.7,"Annapurna.csv"
"1128",1752349323590,21.6,2025-07-12 19:42:03.59,61.4,"Annapurna.csv"
"1129",1752355264174,21.1,2025-07-12 21:21:04.174,64.9,"Annapurna.csv"
"1130",1752356465635,20.6,2025-07-12 21:41:05.635,67.8,"Annapurna.csv"
"1131",1752356585552,20.6,2025-07-12 21:43:05.552,67.9,"Annapurna.csv"
"1132",1752358565015,20.1,2025-07-12 22:16:05.015,70.3,"Annapurna.csv"
"1133",1752362164290,19.6,2025-07-12 23:16:04.29,72.5,"Annapurna.csv"
"1134",1752363846325,19.5,2025-07-12 23:44:06.325,73,"Annapurna.csv"
"1135",1752371103928,19,2025-07-13 01:45:03.928,74.2,"Annapurna.csv"
"1136",1752378365888,18.9,2025-07-13 03:46:05.888,76,"Annapurna.csv"
"1137",1752385623391,18.9,2025-07-13 05:47:03.391,76.8,"Annapurna.csv"
"1138",1752391924764,19.5,2025-07-13 07:32:04.764,76.2,"Annapurna.csv"
"1139",1752392885388,19.9,2025-07-13 07:48:05.388,74.9,"Annapurna.csv"
"1140",1752394625602,20.5,2025-07-13 08:17:05.602,73.3,"Annapurna.csv"
"1141",1752396966026,21,2025-07-13 08:56:06.026,71.4,"Annapurna.csv"
"1142",1752400144853,21.4,2025-07-13 09:49:04.853,70,"Annapurna.csv"
"1143",1752406443849,21.9,2025-07-13 11:34:03.849,67.8,"Annapurna.csv"
"1144",1752407405590,22,2025-07-13 11:50:05.59,67.5,"Annapurna.csv"
"1145",1752414663788,22.4,2025-07-13 13:51:03.788,65.7,"Annapurna.csv"
"1146",1752418264713,22.9,2025-07-13 14:51:04.713,64.9,"Annapurna.csv"
"1147",1752421924567,23.2,2025-07-13 15:52:04.567,64,"Annapurna.csv"
"1148",1752427624389,22.7,2025-07-13 17:27:04.389,62.4,"Annapurna.csv"
"1149",1752429187784,22.5,2025-07-13 17:53:07.784,62.3,"Annapurna.csv"
"1150",1752433746147,22,2025-07-13 19:09:06.147,63.2,"Annapurna.csv"
"1151",1752436444574,21.7,2025-07-13 19:54:04.574,64.5,"Annapurna.csv"
"1152",1752440764735,21.2,2025-07-13 21:06:04.735,67.9,"Annapurna.csv"
"1153",1752443704455,20.9,2025-07-13 21:55:04.455,69.4,"Annapurna.csv"
"1154",1752447964791,20.4,2025-07-13 23:06:04.791,71,"Annapurna.csv"
"1155",1752450964959,20,2025-07-13 23:56:04.959,72.1,"Annapurna.csv"
"1156",1752456063931,19.5,2025-07-14 01:21:03.931,74.6,"Annapurna.csv"
"1157",1752458225846,19.3,2025-07-14 01:57:05.846,75.1,"Annapurna.csv"
"1158",1752461825392,18.8,2025-07-14 02:57:05.392,75.7,"Annapurna.csv"
"1159",1752465485526,18.6,2025-07-14 03:58:05.526,75.7,"Annapurna.csv"
"1160",1752468485351,19.1,2025-07-14 04:48:05.351,74.8,"Annapurna.csv"
"1161",1752469326998,19.7,2025-07-14 05:02:06.998,74,"Annapurna.csv"
"1162",1752470346394,20.2,2025-07-14 05:19:06.394,73.2,"Annapurna.csv"
"1163",1752472085370,20.7,2025-07-14 05:48:05.37,72.1,"Annapurna.csv"
"1164",1752472751275,20.8,2025-07-14 05:59:11.275,71.7,"Annapurna.csv"
"1165",1752476105394,21.3,2025-07-14 06:55:05.394,70.8,"Annapurna.csv"
"1166",1752480004357,21.7,2025-07-14 08:00:04.357,69.2,"Annapurna.csv"
"1167",1752486244675,22.2,2025-07-14 09:44:04.675,67.6,"Annapurna.csv"
"1168",1752487265436,22.2,2025-07-14 10:01:05.436,67.4,"Annapurna.csv"
"1169",1752494523265,22.6,2025-07-14 12:02:03.265,66,"Annapurna.csv"
"1170",1752499864139,23.1,2025-07-14 13:31:04.139,65.2,"Annapurna.csv"
"1171",1752501785331,23.2,2025-07-14 14:03:05.331,64.7,"Annapurna.csv"
"1172",1752507484050,23.7,2025-07-14 15:38:04.05,63.7,"Annapurna.csv"
"1173",1752509045351,23.9,2025-07-14 16:04:05.351,63.2,"Annapurna.csv"
"1174",1752516303232,23.5,2025-07-14 18:05:03.232,63,"Annapurna.csv"
"1175",1752523562929,23.2,2025-07-14 20:06:02.929,62.8,"Annapurna.csv"
"1176",1752528184184,22.7,2025-07-14 21:23:04.184,64.8,"Annapurna.csv"
"1177",1752530825181,22.3,2025-07-14 22:07:05.181,66.3,"Annapurna.csv"
"1178",1752535503713,21.8,2025-07-14 23:25:03.713,68,"Annapurna.csv"
"1179",1752536347461,21.2,2025-07-14 23:39:07.461,69.4,"Annapurna.csv"
"1180",1752537665989,20.7,2025-07-15 00:01:05.989,71.2,"Annapurna.csv"
"1181",1752538086462,20.5,2025-07-15 00:08:06.462,71.7,"Annapurna.csv"
"1182",1752540664631,20,2025-07-15 00:51:04.631,73.7,"Annapurna.csv"
"1183",1752545344206,19.8,2025-07-15 02:09:04.206,75.4,"Annapurna.csv"
"1184",1752552606415,19.8,2025-07-15 04:10:06.415,77.3,"Annapurna.csv"
"1185",1752556144965,20.4,2025-07-15 05:09:04.965,76.4,"Annapurna.csv"
"1186",1752558605567,20.9,2025-07-15 05:50:05.567,75.4,"Annapurna.csv"
"1187",1752559865672,21.3,2025-07-15 06:11:05.672,74.1,"Annapurna.csv"
"1188",1752562204758,21.8,2025-07-15 06:50:04.758,72.6,"Annapurna.csv"
"1189",1752567064625,22.3,2025-07-15 08:11:04.625,70.4,"Annapurna.csv"
"1190",1752567126192,22.4,2025-07-15 08:12:06.192,70.3,"Annapurna.csv"
"1191",1752574382982,22.8,2025-07-15 10:13:02.982,68.8,"Annapurna.csv"
"1192",1752581645157,22.7,2025-07-15 12:14:05.157,68.1,"Annapurna.csv"
"1193",1752588904051,23.2,2025-07-15 14:15:04.051,67.1,"Annapurna.csv"
"1194",1752591964647,23.7,2025-07-15 15:06:04.647,66,"Annapurna.csv"
"1195",1752596164354,23.8,2025-07-15 16:16:04.354,64.9,"Annapurna.csv"
"1196",1752601024973,24.3,2025-07-15 17:37:04.973,64.3,"Annapurna.csv"
"1197",1752603425694,24.1,2025-07-15 18:17:05.694,64.6,"Annapurna.csv"
"1198",1752607384994,23.6,2025-07-15 19:23:04.994,64.8,"Annapurna.csv"
"1199",1752610684903,23.3,2025-07-15 20:18:04.903,64.6,"Annapurna.csv"
"1200",1752615483968,22.8,2025-07-15 21:38:03.968,64.3,"Annapurna.csv"
"1201",1752616985289,22.3,2025-07-15 22:03:05.289,64.3,"Annapurna.csv"
"1202",1752617945125,22.1,2025-07-15 22:19:05.125,64.2,"Annapurna.csv"
"1203",1752621125111,21.6,2025-07-15 23:12:05.111,64.2,"Annapurna.csv"
"1204",1752624604841,21.1,2025-07-16 00:10:04.841,63.9,"Annapurna.csv"
"1205",1752625206095,21.1,2025-07-16 00:20:06.095,63.8,"Annapurna.csv"
"1206",1752631024074,20.6,2025-07-16 01:57:04.074,64.2,"Annapurna.csv"
"1207",1752632466669,20.5,2025-07-16 02:21:06.669,64.3,"Annapurna.csv"
"1208",1752639723283,20,2025-07-16 04:22:03.283,65.6,"Annapurna.csv"
"1209",1752646983289,20.3,2025-07-16 06:23:03.289,65.4,"Annapurna.csv"
"1210",1752650944468,20.8,2025-07-16 07:29:04.468,64.8,"Annapurna.csv"
"1211",1752651965455,21.3,2025-07-16 07:46:05.455,65.7,"Annapurna.csv"
"1212",1752654126556,21.8,2025-07-16 08:22:06.556,64.8,"Annapurna.csv"
"1213",1752654245808,21.9,2025-07-16 08:24:05.808,64.6,"Annapurna.csv"
"1214",1752661504102,22.3,2025-07-16 10:25:04.102,62.1,"Annapurna.csv"
"1215",1752668762898,22.5,2025-07-16 12:26:02.898,60.2,"Annapurna.csv"
"1216",1752676022507,22.3,2025-07-16 14:27:02.507,59.9,"Annapurna.csv"
"1217",1752681305221,22.8,2025-07-16 15:55:05.221,59.2,"Annapurna.csv"
"1218",1752682565333,23.3,2025-07-16 16:16:05.333,58.9,"Annapurna.csv"
"1219",1752683285351,23.6,2025-07-16 16:28:05.351,58.7,"Annapurna.csv"
"1220",1752685864965,24.1,2025-07-16 17:11:04.965,57.9,"Annapurna.csv"
"1221",1752690544582,24,2025-07-16 18:29:04.582,57.9,"Annapurna.csv"
"1222",1752692286079,23.4,2025-07-16 18:58:06.079,57.3,"Annapurna.csv"
"1223",1752692828216,22.8,2025-07-16 19:07:08.216,57.1,"Annapurna.csv"
"1224",1752693725125,22.3,2025-07-16 19:22:05.125,57.2,"Annapurna.csv"
"1225",1752694746255,21.8,2025-07-16 19:39:06.255,57.8,"Annapurna.csv"
"1226",1752696065959,21.2,2025-07-16 20:01:05.959,59.1,"Annapurna.csv"
"1227",1752697805222,20.8,2025-07-16 20:30:05.222,60.6,"Annapurna.csv"
"1228",1752699005371,20.2,2025-07-16 20:50:05.371,62,"Annapurna.csv"
"1229",1752701645376,19.7,2025-07-16 21:34:05.376,63.5,"Annapurna.csv"
"1230",1752705065419,19.3,2025-07-16 22:31:05.419,63.7,"Annapurna.csv"
"1231",1752709864751,18.7,2025-07-16 23:51:04.751,65.9,"Annapurna.csv"
"1232",1752712325102,18.4,2025-07-17 00:32:05.102,67,"Annapurna.csv"
"1233",1752717784120,17.9,2025-07-17 02:03:04.12,68.2,"Annapurna.csv"
"1234",1752719585764,17.7,2025-07-17 02:33:05.764,68.5,"Annapurna.csv"
"1235",1752726842495,17.3,2025-07-17 04:34:02.495,69.6,"Annapurna.csv"
"1236",1752729904961,17.9,2025-07-17 05:25:04.961,69.7,"Annapurna.csv"
"1237",1752730805814,18.4,2025-07-17 05:40:05.814,69.1,"Annapurna.csv"
"1238",1752732365155,18.9,2025-07-17 06:06:05.155,68.2,"Annapurna.csv"
"1239",1752734105937,19.2,2025-07-17 06:35:05.937,67.4,"Annapurna.csv"
"1240",1752737526785,19.8,2025-07-17 07:32:06.785,66.7,"Annapurna.csv"
"1241",1752741364882,20.2,2025-07-17 08:36:04.882,65.8,"Annapurna.csv"
"1242",1752748383455,20.8,2025-07-17 10:33:03.455,64.4,"Annapurna.csv"
"1243",1752748625982,20.9,2025-07-17 10:37:05.982,64.2,"Annapurna.csv"
"1244",1752753424583,21.4,2025-07-17 11:57:04.583,63.7,"Annapurna.csv"
"1245",1752755884869,21.4,2025-07-17 12:38:04.869,63.3,"Annapurna.csv"
"1246",1752763143310,21.5,2025-07-17 14:39:03.31,62.8,"Annapurna.csv"
"1247",1752765964851,21,2025-07-17 15:26:04.851,65.7,"Annapurna.csv"
"1248",1752768005033,20.5,2025-07-17 16:00:05.033,68.6,"Annapurna.csv"
"1249",1752770405165,20.2,2025-07-17 16:40:05.165,70.6,"Annapurna.csv"
"1250",1752771965915,20.7,2025-07-17 17:06:05.915,69.3,"Annapurna.csv"
"1251",1752776284339,21.2,2025-07-17 18:18:04.339,67.2,"Annapurna.csv"
"1252",1752777665954,21.3,2025-07-17 18:41:05.954,66.8,"Annapurna.csv"
"1253",1752784692517,21.8,2025-07-17 20:38:12.517,69.8,"Annapurna.csv"
"1254",1752787205743,21.4,2025-07-17 21:20:05.743,70.6,"Annapurna.csv"
"1255",1752789065480,20.9,2025-07-17 21:51:05.48,71.7,"Annapurna.csv"
"1256",1752792185643,20.4,2025-07-17 22:43:05.643,73,"Annapurna.csv"
"1257",1752799083638,19.9,2025-07-18 00:38:03.638,74.5,"Annapurna.csv"
"1258",1752799447075,19.9,2025-07-18 00:44:07.075,74.5,"Annapurna.csv"
"1259",1752806703366,19.7,2025-07-18 02:45:03.366,75.1,"Annapurna.csv"
"1260",1752813963676,19.5,2025-07-18 04:46:03.676,75.3,"Annapurna.csv"
"1261",1752816606244,20,2025-07-18 05:30:06.244,74.2,"Annapurna.csv"
"1262",1752818105763,20.5,2025-07-18 05:55:05.763,73,"Annapurna.csv"
"1263",1752820745403,21,2025-07-18 06:39:05.403,72,"Annapurna.csv"
"1264",1752821226275,21.1,2025-07-18 06:47:06.275,71.7,"Annapurna.csv"
"1265",1752826565037,21.6,2025-07-18 08:16:05.037,70,"Annapurna.csv"
"1266",1752828497666,21.8,2025-07-18 08:48:17.666,69.7,"Annapurna.csv"
"1267",1752835744128,22.1,2025-07-18 10:49:04.128,68.1,"Annapurna.csv"
"1268",1752847380253,22.9,2025-07-18 14:03:00.253,68.3,"Annapurna.csv"
"1269",1752850271707,23.3,2025-07-18 14:51:11.707,67.5,"Annapurna.csv"
"1270",1752852305512,23.8,2025-07-18 15:25:05.512,66.7,"Annapurna.csv"
"1271",1752857523509,23.9,2025-07-18 16:52:03.509,63.5,"Annapurna.csv"
"1272",1752864784009,23.7,2025-07-18 18:53:04.009,63.3,"Annapurna.csv"
"1273",1752872044278,23.3,2025-07-18 20:54:04.278,63.5,"Annapurna.csv"
"1274",1752873545451,22.8,2025-07-18 21:19:05.451,64.2,"Annapurna.csv"
"1275",1752876844364,22.3,2025-07-18 22:14:04.364,65.5,"Annapurna.csv"
"1276",1752879305504,21.9,2025-07-18 22:55:05.504,66.4,"Annapurna.csv"
"1277",1752885063959,21.4,2025-07-19 00:31:03.959,68.1,"Annapurna.csv"
"1278",1752886565067,21.3,2025-07-19 00:56:05.067,68.7,"Annapurna.csv"
"1279",1752890644624,20.8,2025-07-19 02:04:04.624,70.3,"Annapurna.csv"
"1280",1752893825582,20.4,2025-07-19 02:57:05.582,71.5,"Annapurna.csv"
"1281",1752901083612,20.2,2025-07-19 04:58:03.612,73.6,"Annapurna.csv"
"1282",1752904325418,20.7,2025-07-19 05:52:05.418,73.6,"Annapurna.csv"
"1283",1752907087075,21.3,2025-07-19 06:38:07.075,72.5,"Annapurna.csv"
"1284",1752908345174,21.5,2025-07-19 06:59:05.174,71.7,"Annapurna.csv"
"1285",1752911105792,22,2025-07-19 07:45:05.792,69.9,"Annapurna.csv"
"1286",1752914225450,22.5,2025-07-19 08:37:05.45,68.7,"Annapurna.csv"
"1287",1752915605339,22.7,2025-07-19 09:00:05.339,68.1,"Annapurna.csv"
"1288",1752922863058,23.1,2025-07-19 11:01:03.058,65.5,"Annapurna.csv"
"1289",1752930123073,23.4,2025-07-19 13:02:03.073,63.6,"Annapurna.csv"
"1290",1752935584473,23.9,2025-07-19 14:33:04.473,62.2,"Annapurna.csv"
"1291",1752937388778,24,2025-07-19 15:03:08.778,61.9,"Annapurna.csv"
"1292",1752938885503,24.6,2025-07-19 15:28:05.503,61.3,"Annapurna.csv"
"1293",1752942364716,25.1,2025-07-19 16:26:04.716,60.6,"Annapurna.csv"
"1294",1752944645738,25.2,2025-07-19 17:04:05.738,60.1,"Annapurna.csv"
"1295",1752945845857,25.7,2025-07-19 17:24:05.857,56.8,"Annapurna.csv"
"1296",1752951543667,25.2,2025-07-19 18:59:03.667,56.2,"Annapurna.csv"
"1297",1752951905711,25.1,2025-07-19 19:05:05.711,56.4,"Annapurna.csv"
"1298",1752955984911,24.6,2025-07-19 20:13:04.911,57.8,"Annapurna.csv"
"1299",1752959166364,24.4,2025-07-19 21:06:06.364,58.3,"Annapurna.csv"
"1300",1752966003842,23.9,2025-07-19 23:00:03.842,59.7,"Annapurna.csv"
"1301",1752966426143,23.9,2025-07-19 23:07:06.143,59.8,"Annapurna.csv"
"1302",1752971343454,23.3,2025-07-20 00:29:03.454,61.7,"Annapurna.csv"
"1303",1752973685127,23,2025-07-20 01:08:05.127,62.8,"Annapurna.csv"
"1304",1752976685194,22.5,2025-07-20 01:58:05.194,64.5,"Annapurna.csv"
"1305",1752980584862,22,2025-07-20 03:03:04.862,66.6,"Annapurna.csv"
"1306",1752980945969,22,2025-07-20 03:09:05.969,66.9,"Annapurna.csv"
"1307",1752988203995,22.1,2025-07-20 05:10:03.995,68.2,"Annapurna.csv"
"1308",1752991866450,22.6,2025-07-20 06:11:06.45,68,"Annapurna.csv"
"1309",1752994745591,23.1,2025-07-20 06:59:05.591,67.8,"Annapurna.csv"
"1310",1752995465949,23.2,2025-07-20 07:11:05.949,67.5,"Annapurna.csv"
"1311",1752998945242,23.7,2025-07-20 08:09:05.242,66.4,"Annapurna.csv"
"1312",1753002724934,24,2025-07-20 09:12:04.934,65.4,"Annapurna.csv"
"1313",1753009984219,24.3,2025-07-20 11:13:04.219,64,"Annapurna.csv"
"1314",1753017243468,24.6,2025-07-20 13:14:03.468,62.2,"Annapurna.csv"
"1315",1753022643893,25.2,2025-07-20 14:44:03.893,61.1,"Annapurna.csv"
"1316",1753024504958,25.1,2025-07-20 15:15:04.958,60.9,"Annapurna.csv"
"1317",1753027328262,25.6,2025-07-20 16:02:08.262,60.3,"Annapurna.csv"
"1318",1753029365568,26.1,2025-07-20 16:36:05.568,59.3,"Annapurna.csv"
"1319",1753031765973,26.5,2025-07-20 17:16:05.973,58.5,"Annapurna.csv"
"1320",1753037883622,26,2025-07-20 18:58:03.622,56.2,"Annapurna.csv"
"1321",1753039026500,25.9,2025-07-20 19:17:06.5,56.5,"Annapurna.csv"
"1322",1753046283223,25.6,2025-07-20 21:18:03.223,57.9,"Annapurna.csv"
"1323",1753052764119,25.1,2025-07-20 23:06:04.119,58.8,"Annapurna.csv"
"1324",1753053547829,25,2025-07-20 23:19:07.829,58.9,"Annapurna.csv"
"1325",1753060805343,24.6,2025-07-21 01:20:05.343,59.2,"Annapurna.csv"
"1326",1753065066795,24.1,2025-07-21 02:31:06.795,62,"Annapurna.csv"
"1327",1753068064786,23.8,2025-07-21 03:21:04.786,65.5,"Annapurna.csv"
"1328",1753075323720,23.9,2025-07-21 05:22:03.72,67.9,"Annapurna.csv"
"1329",1753080005196,24.4,2025-07-21 06:40:05.196,66.6,"Annapurna.csv"
"1330",1753082584305,24.7,2025-07-21 07:23:04.305,65.6,"Annapurna.csv"
"1331",1753089846388,25.1,2025-07-21 09:24:06.388,64.4,"Annapurna.csv"
"1332",1753097103800,25,2025-07-21 11:25:03.8,64.3,"Annapurna.csv"
"1333",1753104363023,25,2025-07-21 13:26:03.023,64.3,"Annapurna.csv"
"1334",1753111625653,24.9,2025-07-21 15:27:05.653,64.5,"Annapurna.csv"
"1335",1753118880737,24.6,2025-07-21 17:28:00.737,64.3,"Annapurna.csv"
"1336",1753122964103,24.1,2025-07-21 18:36:04.103,63,"Annapurna.csv"
"1337",1753126145195,24.3,2025-07-21 19:29:05.195,63.2,"Annapurna.csv"
"1338",1753127225892,23.7,2025-07-21 19:47:05.892,62.2,"Annapurna.csv"
"1339",1753127467910,23.1,2025-07-21 19:51:07.91,62.6,"Annapurna.csv"
"1340",1753127893184,22.6,2025-07-21 19:58:13.184,63.1,"Annapurna.csv"
"1341",1753128485508,22.1,2025-07-21 20:08:05.508,63.8,"Annapurna.csv"
"1342",1753129566127,21.6,2025-07-21 20:26:06.127,64.6,"Annapurna.csv"
"1343",1753130884967,21.1,2025-07-21 20:48:04.967,65.5,"Annapurna.csv"
"1344",1753132625520,20.6,2025-07-21 21:17:05.52,66.8,"Annapurna.csv"
"1345",1753133405096,20.4,2025-07-21 21:30:05.096,67.2,"Annapurna.csv"
"1346",1753135992205,19.9,2025-07-21 22:13:12.205,68.4,"Annapurna.csv"
"1347",1753140364366,19.4,2025-07-21 23:26:04.366,70.1,"Annapurna.csv"
"1348",1753140667688,19.4,2025-07-21 23:31:07.688,70.1,"Annapurna.csv"
"1349",1753147923266,19.1,2025-07-22 01:32:03.266,71.8,"Annapurna.csv"
"1350",1753155183535,19.1,2025-07-22 03:33:03.535,73.4,"Annapurna.csv"
"1351",1753162024478,19.6,2025-07-22 05:27:04.478,74,"Annapurna.csv"
"1352",1753162385829,20.1,2025-07-22 05:33:05.829,73.3,"Annapurna.csv"
"1353",1753162444948,20.2,2025-07-22 05:34:04.948,73.2,"Annapurna.csv"
"1354",1753163345552,20.8,2025-07-22 05:49:05.552,72.4,"Annapurna.csv"
"1355",1753164545608,21.3,2025-07-22 06:09:05.608,71.5,"Annapurna.csv"
"1356",1753166706082,21.8,2025-07-22 06:45:06.082,70.1,"Annapurna.csv"
"1357",1753169405965,22.3,2025-07-22 07:30:05.965,68.9,"Annapurna.csv"
"1358",1753169705555,22.4,2025-07-22 07:35:05.555,68.7,"Annapurna.csv"
"1359",1753176003877,22.9,2025-07-22 09:20:03.877,66.5,"Annapurna.csv"
"1360",1753176965624,23,2025-07-22 09:36:05.624,66.2,"Annapurna.csv"
"1361",1753184223264,23,2025-07-22 11:37:03.264,65.4,"Annapurna.csv"
"1362",1753191483179,23.4,2025-07-22 13:38:03.179,65.3,"Annapurna.csv"
"1363",1753194847596,23.9,2025-07-22 14:34:07.596,64.9,"Annapurna.csv"
"1364",1753196405987,24.4,2025-07-22 15:00:05.987,64.3,"Annapurna.csv"
"1365",1753198745036,24.4,2025-07-22 15:39:05.036,63.7,"Annapurna.csv"
"1366",1753204264656,23.9,2025-07-22 17:11:04.656,63.7,"Annapurna.csv"
"1367",1753206005311,23.8,2025-07-22 17:40:05.311,63.7,"Annapurna.csv"
"1368",1753213263485,23.4,2025-07-22 19:41:03.485,63.7,"Annapurna.csv"
"1369",1753216565588,22.8,2025-07-22 20:36:05.588,62.9,"Annapurna.csv"
"1370",1753217045267,22.3,2025-07-22 20:44:05.267,63.1,"Annapurna.csv"
"1371",1753217945881,21.8,2025-07-22 20:59:05.881,63.7,"Annapurna.csv"
"1372",1753219085032,21.3,2025-07-22 21:18:05.032,64.4,"Annapurna.csv"
"1373",1753220532352,20.8,2025-07-22 21:42:12.352,65.3,"Annapurna.csv"
"1374",1753222326076,20.3,2025-07-22 22:12:06.076,66.4,"Annapurna.csv"
"1375",1753227783931,19.8,2025-07-22 23:43:03.931,68.6,"Annapurna.csv"
"1376",1753235046389,19.6,2025-07-23 01:44:06.389,71.3,"Annapurna.csv"
"1377",1753242303451,19.3,2025-07-23 03:45:03.451,73.6,"Annapurna.csv"
"1378",1753249563461,19.3,2025-07-23 05:46:03.461,74.7,"Annapurna.csv"
"1379",1753250466170,19.8,2025-07-23 06:01:06.17,73.7,"Annapurna.csv"
"1380",1753251607697,20.4,2025-07-23 06:20:07.697,72.9,"Annapurna.csv"
"1381",1753253165310,20.9,2025-07-23 06:46:05.31,72.4,"Annapurna.csv"
"1382",1753255085408,21.4,2025-07-23 07:18:05.408,71.5,"Annapurna.csv"
"1383",1753256825405,21.7,2025-07-23 07:47:05.405,70.6,"Annapurna.csv"
"1384",1753264082989,22.1,2025-07-23 09:48:02.989,68.5,"Annapurna.csv"
"1385",1753271343938,22.3,2025-07-23 11:49:03.938,67.8,"Annapurna.csv"
"1386",1753278605729,22.4,2025-07-23 13:50:05.729,67.5,"Annapurna.csv"
"1387",1753285863163,22.4,2025-07-23 15:51:03.163,67,"Annapurna.csv"
"1388",1753293123502,22.5,2025-07-23 17:52:03.502,66.9,"Annapurna.csv"
"1389",1753300383498,22.6,2025-07-23 19:53:03.498,66.8,"Annapurna.csv"
"1390",1753305005322,22,2025-07-23 21:10:05.322,67.3,"Annapurna.csv"
"1391",1753306447425,21.5,2025-07-23 21:34:07.425,68.5,"Annapurna.csv"
"1392",1753307645438,21.3,2025-07-23 21:54:05.438,69.1,"Annapurna.csv"
"1393",1753312084874,20.8,2025-07-23 23:08:04.874,70.5,"Annapurna.csv"
"1394",1753314905650,20.6,2025-07-23 23:55:05.65,71.3,"Annapurna.csv"
"1395",1753319404828,20.1,2025-07-24 01:10:04.828,73.5,"Annapurna.csv"
"1396",1753322166981,19.8,2025-07-24 01:56:06.981,74.1,"Annapurna.csv"
"1397",1753329422723,19.4,2025-07-24 03:57:02.723,75,"Annapurna.csv"
"1398",1753336683565,19.6,2025-07-24 05:58:03.565,74.7,"Annapurna.csv"
"1399",1753337532669,20.2,2025-07-24 06:12:12.669,74.1,"Annapurna.csv"
"1400",1753338732224,20.7,2025-07-24 06:32:12.224,73.6,"Annapurna.csv"
"1401",1753340705052,21.2,2025-07-24 07:05:05.052,72.5,"Annapurna.csv"
"1402",1753343405819,21.7,2025-07-24 07:50:05.819,71.3,"Annapurna.csv"
"1403",1753343948212,21.8,2025-07-24 07:59:08.212,71.2,"Annapurna.csv"
"1404",1753349644866,22.3,2025-07-24 09:34:04.866,70.5,"Annapurna.csv"
"1405",1753351207646,22.4,2025-07-24 10:00:07.646,70,"Annapurna.csv"
"1406",1753358464037,22.7,2025-07-24 12:01:04.037,68.5,"Annapurna.csv"
"1407",1753365722619,23,2025-07-24 14:02:02.619,67.7,"Annapurna.csv"
"1408",1753372984100,23.1,2025-07-24 16:03:04.1,67.7,"Annapurna.csv"
"1409",1753380243402,23.2,2025-07-24 18:04:03.402,67.7,"Annapurna.csv"
"1410",1753387503636,22.9,2025-07-24 20:05:03.636,67.6,"Annapurna.csv"
"1411",1753391824423,23.5,2025-07-24 21:17:04.423,66.7,"Annapurna.csv"
"1412",1753392785967,22.9,2025-07-24 21:33:05.967,66.2,"Annapurna.csv"
"1413",1753393205437,22.4,2025-07-24 21:40:05.437,66.7,"Annapurna.csv"
"1414",1753394166644,21.8,2025-07-24 21:56:06.644,67.5,"Annapurna.csv"
"1415",1753394765386,21.6,2025-07-24 22:06:05.386,68.1,"Annapurna.csv"
"1416",1753396686309,21.1,2025-07-24 22:38:06.309,69.5,"Annapurna.csv"
"1417",1753401244636,20.6,2025-07-24 23:54:04.636,72.1,"Annapurna.csv"
"1418",1753402028248,20.6,2025-07-25 00:07:08.248,72.4,"Annapurna.csv"
"1419",1753409283461,20.4,2025-07-25 02:08:03.461,75.6,"Annapurna.csv"
"1420",1753416544872,20.1,2025-07-25 04:09:04.872,78.2,"Annapurna.csv"
"1421",1753422363955,20.7,2025-07-25 05:46:03.955,77.4,"Annapurna.csv"
"1422",1753423807592,21.2,2025-07-25 06:10:07.592,76.1,"Annapurna.csv"
"1423",1753426325297,21.7,2025-07-25 06:52:05.297,74.8,"Annapurna.csv"
"1424",1753431003657,22.2,2025-07-25 08:10:03.657,72.7,"Annapurna.csv"
"1425",1753431065821,22.3,2025-07-25 08:11:05.821,72.6,"Annapurna.csv"
"1426",1753438330368,22.7,2025-07-25 10:12:10.368,70.9,"Annapurna.csv"
"1427",1753445584666,22.8,2025-07-25 12:13:04.666,69.8,"Annapurna.csv"
"1428",1753452843699,23.3,2025-07-25 14:14:03.699,68.9,"Annapurna.csv"
"1429",1753455004577,23.8,2025-07-25 14:50:04.577,68.4,"Annapurna.csv"
"1430",1753456984851,24.4,2025-07-25 15:23:04.851,67.7,"Annapurna.csv"
"1431",1753460104710,24.6,2025-07-25 16:15:04.71,67.2,"Annapurna.csv"
"1432",1753467363198,24.2,2025-07-25 18:16:03.198,67,"Annapurna.csv"
"1433",1753472823828,23.7,2025-07-25 19:47:03.828,67.2,"Annapurna.csv"
"1434",1753473665953,23.2,2025-07-25 20:01:05.953,68.2,"Annapurna.csv"
"1435",1753474625912,22.8,2025-07-25 20:17:05.912,69.1,"Annapurna.csv"
"1436",1753477685532,22.3,2025-07-25 21:08:05.532,71,"Annapurna.csv"
"1437",1753481884461,21.9,2025-07-25 22:18:04.461,73.5,"Annapurna.csv"
"1438",1753489023167,21.4,2025-07-26 00:17:03.167,76.8,"Annapurna.csv"
"1439",1753489145685,21.5,2025-07-26 00:19:05.685,76.6,"Annapurna.csv"
"1440",1753494244209,21,2025-07-26 01:44:04.209,77.1,"Annapurna.csv"
"1441",1753496404935,20.7,2025-07-26 02:20:04.935,77.1,"Annapurna.csv"
"1442",1753501324591,20.2,2025-07-26 03:42:04.591,76.4,"Annapurna.csv"
"1443",1753503665964,20,2025-07-26 04:21:05.964,76.2,"Annapurna.csv"
"1444",1753510923231,19.9,2025-07-26 06:22:03.231,74.4,"Annapurna.csv"
"1445",1753515247664,20.5,2025-07-26 07:34:07.664,73,"Annapurna.csv"
"1446",1753516086919,21.1,2025-07-26 07:48:06.919,72.8,"Annapurna.csv"
"1447",1753517465484,21.6,2025-07-26 08:11:05.484,72.5,"Annapurna.csv"
"1448",1753518186554,21.8,2025-07-26 08:23:06.554,72.2,"Annapurna.csv"
"1449",1753521005141,22.3,2025-07-26 09:10:05.141,71.3,"Annapurna.csv"
"1450",1753525443946,22.7,2025-07-26 10:24:03.946,70.1,"Annapurna.csv"
"1451",1753532704102,22.9,2025-07-26 12:25:04.102,69.1,"Annapurna.csv"
"1452",1753539963037,23.2,2025-07-26 14:26:03.037,68.2,"Annapurna.csv"
"1453",1753547223428,23.4,2025-07-26 16:27:03.428,67.4,"Annapurna.csv"
"1454",1753554483543,23.6,2025-07-26 18:28:03.543,67,"Annapurna.csv"
"1455",1753561743550,23.2,2025-07-26 20:29:03.55,67,"Annapurna.csv"
"1456",1753562645561,22.7,2025-07-26 20:44:05.561,66.1,"Annapurna.csv"
"1457",1753564326524,22.2,2025-07-26 21:12:06.524,65.9,"Annapurna.csv"
"1458",1753566547898,21.6,2025-07-26 21:49:07.898,66.4,"Annapurna.csv"
"1459",1753569005050,21.2,2025-07-26 22:30:05.05,67.1,"Annapurna.csv"
"1460",1753572847212,20.7,2025-07-26 23:34:07.212,67.8,"Annapurna.csv"
"1461",1753576264486,20.5,2025-07-27 00:31:04.486,68.3,"Annapurna.csv"
"1462",1753583523303,20.1,2025-07-27 02:32:03.303,69.3,"Annapurna.csv"
"1463",1753590783088,19.9,2025-07-27 04:33:03.088,70.3,"Annapurna.csv"
"1464",1753596965609,20.4,2025-07-27 06:16:05.609,69.8,"Annapurna.csv"
"1465",1753598045940,20.6,2025-07-27 06:34:05.94,69.5,"Annapurna.csv"
"1466",1753601944542,21.1,2025-07-27 07:39:04.542,68.4,"Annapurna.csv"
"1467",1753605305761,21.6,2025-07-27 08:35:05.761,67.3,"Annapurna.csv"
"1468",1753607046503,22.1,2025-07-27 09:04:06.503,67.4,"Annapurna.csv"
"1469",1753611304224,22.6,2025-07-27 10:15:04.224,66.4,"Annapurna.csv"
"1470",1753612568708,22.7,2025-07-27 10:36:08.708,66.2,"Annapurna.csv"
"1471",1753618024014,23.2,2025-07-27 12:07:04.014,63.1,"Annapurna.csv"
"1472",1753619824990,23.4,2025-07-27 12:37:04.99,60.7,"Annapurna.csv"
"1473",1753625524531,23.9,2025-07-27 14:12:04.531,61.7,"Annapurna.csv"
"1474",1753627085911,24.3,2025-07-27 14:38:05.911,61.8,"Annapurna.csv"
"1475",1753634343144,23.9,2025-07-27 16:39:03.144,61.8,"Annapurna.csv"
"1476",1753641543717,23.4,2025-07-27 18:39:03.717,62,"Annapurna.csv"
"1477",1753641606289,23.4,2025-07-27 18:40:06.289,62,"Annapurna.csv"
"1478",1753642686180,22.9,2025-07-27 18:58:06.18,63.5,"Annapurna.csv"
"1479",1753645865854,22.4,2025-07-27 19:51:05.854,64.8,"Annapurna.csv"
"1480",1753648866410,22.3,2025-07-27 20:41:06.41,65.6,"Annapurna.csv"
"1481",1753656129751,21.8,2025-07-27 22:42:09.751,67.2,"Annapurna.csv"
"1482",1753661943854,21.3,2025-07-28 00:19:03.854,69.1,"Annapurna.csv"
"1483",1753670642577,20.8,2025-07-28 02:44:02.577,70.6,"Annapurna.csv"
"1484",1753677903293,20.5,2025-07-28 04:45:03.293,73.4,"Annapurna.csv"
"1485",1753683488935,21.1,2025-07-28 06:18:08.935,73.1,"Annapurna.csv"
"1486",1753684928218,21.6,2025-07-28 06:42:08.218,72.3,"Annapurna.csv"
"1487",1753685166160,21.7,2025-07-28 06:46:06.16,72.2,"Annapurna.csv"
"1488",1753689124906,22.2,2025-07-28 07:52:04.906,70.5,"Annapurna.csv"
"1489",1753692425129,22.5,2025-07-28 08:47:05.129,69.6,"Annapurna.csv"
"1490",1753699683439,22.9,2025-07-28 10:48:03.439,68.4,"Annapurna.csv"
"1491",1753706943418,23.2,2025-07-28 12:49:03.418,67.3,"Annapurna.csv"
"1492",1753713783866,23.7,2025-07-28 14:43:03.866,65.5,"Annapurna.csv"
"1493",1753714205794,23.9,2025-07-28 14:50:05.794,64.8,"Annapurna.csv"
"1494",1753717265086,24.4,2025-07-28 15:41:05.086,62.2,"Annapurna.csv"
"1495",1753721464238,24.7,2025-07-28 16:51:04.238,60.9,"Annapurna.csv"
"1496",1753724404947,24.4,2025-07-28 17:40:04.947,55.6,"Annapurna.csv"
"1497",1753725845822,23.9,2025-07-28 18:04:05.822,54.5,"Annapurna.csv"
"1498",1753727405344,23.4,2025-07-28 18:30:05.344,53.6,"Annapurna.csv"
"1499",1753728726026,23.1,2025-07-28 18:52:06.026,53.8,"Annapurna.csv"
"1500",1753731484711,22.6,2025-07-28 19:38:04.711,54.8,"Annapurna.csv"
"1501",1753734124993,22,2025-07-28 20:22:04.993,55,"Annapurna.csv"
"1502",1753735985770,21.9,2025-07-28 20:53:05.77,56.1,"Annapurna.csv"
"1503",1753739044647,21.4,2025-07-28 21:44:04.647,57.4,"Annapurna.csv"
"1504",1753743244583,20.9,2025-07-28 22:54:04.583,60.2,"Annapurna.csv"
"1505",1753747324230,20.4,2025-07-29 00:02:04.23,61.1,"Annapurna.csv"
"1506",1753749725279,19.9,2025-07-29 00:42:05.279,61.1,"Annapurna.csv"
"1507",1753750505936,19.8,2025-07-29 00:55:05.936,61.2,"Annapurna.csv"
"1508",1753753024896,19.3,2025-07-29 01:37:04.896,62.4,"Annapurna.csv"
"1509",1753755904719,18.8,2025-07-29 02:25:04.719,64.2,"Annapurna.csv"
"1510",1753757765042,18.5,2025-07-29 02:56:05.042,65.1,"Annapurna.csv"
"1511",1753764544147,18,2025-07-29 04:49:04.147,67.3,"Annapurna.csv"
"1512",1753765025602,18,2025-07-29 04:57:05.602,67.3,"Annapurna.csv"
"1513",1753770783032,18.5,2025-07-29 06:33:03.032,67.5,"Annapurna.csv"
"1514",1753772285994,18.8,2025-07-29 06:58:05.994,67,"Annapurna.csv"
"1515",1753772825897,19.3,2025-07-29 07:07:05.897,66.7,"Annapurna.csv"
"1516",1753773486094,19.8,2025-07-29 07:18:06.094,66.4,"Annapurna.csv"
"1517",1753774505867,20.3,2025-07-29 07:35:05.867,65.8,"Annapurna.csv"
"1518",1753775885173,20.9,2025-07-29 07:58:05.173,65.2,"Annapurna.csv"
"1519",1753778106192,21.4,2025-07-29 08:35:06.192,64.3,"Annapurna.csv"
"1520",1753779545778,21.6,2025-07-29 08:59:05.778,63.8,"Annapurna.csv"
"1521",1753785964276,22.1,2025-07-29 10:46:04.276,62.7,"Annapurna.csv"
"1522",1753786806123,22.2,2025-07-29 11:00:06.123,62.6,"Annapurna.csv"
"1523",1753794062665,22.7,2025-07-29 13:01:02.665,62,"Annapurna.csv"
"1524",1753799884470,23.2,2025-07-29 14:38:04.47,62.2,"Annapurna.csv"
"1525",1753801324865,23.6,2025-07-29 15:02:04.865,61.9,"Annapurna.csv"
"1526",1753804985461,24.1,2025-07-29 16:03:05.461,60.6,"Annapurna.csv"
"1527",1753808586635,24.2,2025-07-29 17:03:06.635,57.1,"Annapurna.csv"
"1528",1753815303387,23.6,2025-07-29 18:55:03.387,54.6,"Annapurna.csv"
"1529",1753815845160,23.1,2025-07-29 19:04:05.16,55.2,"Annapurna.csv"
"1530",1753816745719,22.6,2025-07-29 19:19:05.719,55,"Annapurna.csv"
"1531",1753817705396,22,2025-07-29 19:35:05.396,54,"Annapurna.csv"
"1532",1753819205667,21.5,2025-07-29 20:00:05.667,53.7,"Annapurna.csv"
"1533",1753820765144,21,2025-07-29 20:26:05.144,54.2,"Annapurna.csv"
"1534",1753822445424,20.5,2025-07-29 20:54:05.424,55.1,"Annapurna.csv"
"1535",1753823106278,20.3,2025-07-29 21:05:06.278,55.4,"Annapurna.csv"
"1536",1753825085099,19.8,2025-07-29 21:38:05.099,56.4,"Annapurna.csv"
"1537",1753827428104,19.3,2025-07-29 22:17:08.104,57.8,"Annapurna.csv"
"1538",1753830304719,18.8,2025-07-29 23:05:04.719,59.4,"Annapurna.csv"
"1539",1753830366432,18.9,2025-07-29 23:06:06.432,59.4,"Annapurna.csv"
"1540",1753837624325,17.9,2025-07-30 01:07:04.325,62.1,"Annapurna.csv"
"1541",1753842845564,17.3,2025-07-30 02:34:05.564,64.3,"Annapurna.csv"
"1542",1753844885306,17.2,2025-07-30 03:08:05.306,64.4,"Annapurna.csv"
"1543",1753852143371,17.8,2025-07-30 05:09:03.371,64.8,"Annapurna.csv"
"1544",1753853345944,18.3,2025-07-30 05:29:05.944,64.4,"Annapurna.csv"
"1545",1753854605338,18.8,2025-07-30 05:50:05.338,64,"Annapurna.csv"
"1546",1753857065722,19.3,2025-07-30 06:31:05.722,63.4,"Annapurna.csv"
"1547",1753859405129,19.6,2025-07-30 07:10:05.129,62.5,"Annapurna.csv"
"1548",1753860485379,20.1,2025-07-30 07:28:05.379,62.3,"Annapurna.csv"
"1549",1753862045660,20.6,2025-07-30 07:54:05.66,62.6,"Annapurna.csv"
"1550",1753864265607,21.1,2025-07-30 08:31:05.607,62.6,"Annapurna.csv"
"1551",1753866664734,21.4,2025-07-30 09:11:04.734,62.3,"Annapurna.csv"
"1552",1753873924026,21.8,2025-07-30 11:12:04.026,61,"Annapurna.csv"
"1553",1753881184213,22.3,2025-07-30 13:13:04.213,60.2,"Annapurna.csv"
"1554",1753887064488,23.2,2025-07-30 14:51:04.488,53.1,"Annapurna.csv"
"1555",1753888446372,23.4,2025-07-30 15:14:06.372,52.2,"Annapurna.csv"
"1556",1753893244215,22.9,2025-07-30 16:34:04.215,49.9,"Annapurna.csv"
"1557",1753895708266,23.2,2025-07-30 17:15:08.266,50.3,"Annapurna.csv"
"1558",1753902963989,22.8,2025-07-30 19:16:03.989,53.3,"Annapurna.csv"
"1559",1753905485383,22.3,2025-07-30 19:58:05.383,53.2,"Annapurna.csv"
"1560",1753906266004,21.8,2025-07-30 20:11:06.004,53.1,"Annapurna.csv"
"1561",1753907465771,21.2,2025-07-30 20:31:05.771,53.5,"Annapurna.csv"
"1562",1753909445165,20.7,2025-07-30 21:04:05.165,53.9,"Annapurna.csv"
"1563",1753910225973,20.6,2025-07-30 21:17:05.973,54,"Annapurna.csv"
"1564",1753914124625,20.1,2025-07-30 22:22:04.625,54.6,"Annapurna.csv"
"1565",1753917487041,19.8,2025-07-30 23:18:07.041,55.4,"Annapurna.csv"
"1566",1753923304372,19.3,2025-07-31 00:55:04.372,57.2,"Annapurna.csv"
"1567",1753924747943,19.1,2025-07-31 01:19:07.943,59.4,"Annapurna.csv"
"1568",1753926365645,18.6,2025-07-31 01:46:05.645,62.2,"Annapurna.csv"
"1569",1753928824613,18,2025-07-31 02:27:04.613,64.8,"Annapurna.csv"
"1570",1753932004905,17.8,2025-07-31 03:20:04.905,66.7,"Annapurna.csv"
"1571",1753939265238,17.7,2025-07-31 05:21:05.238,68.2,"Annapurna.csv"
"1572",1753941006618,18.2,2025-07-31 05:50:06.618,67.2,"Annapurna.csv"
"1573",1753941485874,18.8,2025-07-31 05:58:05.874,66.5,"Annapurna.csv"
"1574",1753942386930,19.3,2025-07-31 06:13:06.93,66.2,"Annapurna.csv"
"1575",1753943586082,19.8,2025-07-31 06:33:06.082,65.7,"Annapurna.csv"
"1576",1753945085243,20.3,2025-07-31 06:58:05.243,64.7,"Annapurna.csv"
"1577",1753946525453,20.7,2025-07-31 07:22:05.453,63.9,"Annapurna.csv"
"1578",1753950244743,21.2,2025-07-31 08:24:04.743,62.4,"Annapurna.csv"
"1579",1753953785083,21.5,2025-07-31 09:23:05.083,61.5,"Annapurna.csv"
"1580",1753961042356,21.6,2025-07-31 11:24:02.356,61.1,"Annapurna.csv"
"1581",1753968303732,21.9,2025-07-31 13:25:03.732,60.5,"Annapurna.csv"
"1582",1753971904256,22.4,2025-07-31 14:25:04.256,60,"Annapurna.csv"
"1583",1753975564062,22.4,2025-07-31 15:26:04.062,60.1,"Annapurna.csv"
"1584",1753982824079,22.4,2025-07-31 17:27:04.079,60.5,"Annapurna.csv"
"1585",1753990084567,22,2025-07-31 19:28:04.567,60.9,"Annapurna.csv"
"1586",1753991285893,21.5,2025-07-31 19:48:05.893,60.8,"Annapurna.csv"
"1587",1753993085606,21,2025-07-31 20:18:05.606,61.1,"Annapurna.csv"
"1588",1753995787082,20.5,2025-07-31 21:03:07.082,61.5,"Annapurna.csv"
"1589",1753997345545,20.2,2025-07-31 21:29:05.545,61.7,"Annapurna.csv"
"1590",1754001965373,19.7,2025-07-31 22:46:05.373,62.9,"Annapurna.csv"
"1591",1754011862886,19.2,2025-08-01 01:31:02.886,66.3,"Annapurna.csv"
"1592",1754019122551,18.9,2025-08-01 03:32:02.551,68,"Annapurna.csv"
"1593",1754025663139,19.4,2025-08-01 05:21:03.139,68.5,"Annapurna.csv"
"1594",1754026386463,19.8,2025-08-01 05:33:06.463,68.2,"Annapurna.csv"
"1595",1754028244878,20.3,2025-08-01 06:04:04.878,67.6,"Annapurna.csv"
"1596",1754031724654,20.8,2025-08-01 07:02:04.654,66.6,"Annapurna.csv"
"1597",1754033647878,21,2025-08-01 07:34:07.878,66,"Annapurna.csv"
"1598",1754040903458,20.6,2025-08-01 09:35:03.458,65.3,"Annapurna.csv"
"1599",1754048163170,20.9,2025-08-01 11:36:03.17,64.8,"Annapurna.csv"
"1600",1754049187723,20.3,2025-08-01 11:53:07.723,68.2,"Annapurna.csv"
"1601",1754054883317,20.9,2025-08-01 13:28:03.317,69.2,"Annapurna.csv"
"1602",1754055425808,21.2,2025-08-01 13:37:05.808,68.5,"Annapurna.csv"
"1603",1754060103433,21.7,2025-08-01 14:55:03.433,66.6,"Annapurna.csv"
"1604",1754062385220,22.3,2025-08-01 15:33:05.22,64.8,"Annapurna.csv"
"1605",1754062686161,22.4,2025-08-01 15:38:06.161,63.3,"Annapurna.csv"
"1606",1754064545051,22.9,2025-08-01 16:09:05.051,63.4,"Annapurna.csv"
"1607",1754069943397,22.9,2025-08-01 17:39:03.397,62.2,"Annapurna.csv"
"1608",1754072465854,22.4,2025-08-01 18:21:05.854,59.8,"Annapurna.csv"
"1609",1754073486202,21.9,2025-08-01 18:38:06.202,60.3,"Annapurna.csv"
"1610",1754075105359,21.4,2025-08-01 19:05:05.359,62.5,"Annapurna.csv"
"1611",1754077205274,20.9,2025-08-01 19:40:05.274,64.6,"Annapurna.csv"
"1612",1754079424975,20.4,2025-08-01 20:17:04.975,65.7,"Annapurna.csv"
"1613",1754081528946,19.8,2025-08-01 20:52:08.946,67,"Annapurna.csv"
"1614",1754084225138,19.3,2025-08-01 21:37:05.138,68.2,"Annapurna.csv"
"1615",1754084466187,19.3,2025-08-01 21:41:06.187,68.1,"Annapurna.csv"
"1616",1754087645059,18.8,2025-08-01 22:34:05.059,70,"Annapurna.csv"
"1617",1754091604939,18.3,2025-08-01 23:40:04.939,72.2,"Annapurna.csv"
"1618",1754091725758,18.4,2025-08-01 23:42:05.758,72.3,"Annapurna.csv"
"1619",1754095625254,17.8,2025-08-02 00:47:05.254,74.9,"Annapurna.csv"
"1620",1754098984374,17.7,2025-08-02 01:43:04.374,75.6,"Annapurna.csv"
"1621",1754103424858,18.2,2025-08-02 02:57:04.858,74.1,"Annapurna.csv"
"1622",1754103846089,18.8,2025-08-02 03:04:06.089,72.9,"Annapurna.csv"
"1623",1754104745752,19.3,2025-08-02 03:19:05.752,71.8,"Annapurna.csv"
"1624",1754106246131,19.8,2025-08-02 03:44:06.131,70.6,"Annapurna.csv"
"1625",1754108524701,20.3,2025-08-02 04:22:04.701,69.2,"Annapurna.csv"
"1626",1754112543640,20.8,2025-08-02 05:29:03.64,67.9,"Annapurna.csv"
"1627",1754113505786,20.9,2025-08-02 05:45:05.786,67.6,"Annapurna.csv"
"1628",1754120763890,21.3,2025-08-02 07:46:03.89,66.2,"Annapurna.csv"
"1629",1754128024106,21.7,2025-08-02 09:47:04.106,66.6,"Annapurna.csv"
"1630",1754131504584,22.4,2025-08-02 10:45:04.584,68.3,"Annapurna.csv"
"1631",1754134804775,21.9,2025-08-02 11:40:04.775,64.3,"Annapurna.csv"
"1632",1754135285924,21.9,2025-08-02 11:48:05.924,64.1,"Annapurna.csv"
"1633",1754141403514,22.4,2025-08-02 13:30:03.514,63,"Annapurna.csv"
"1634",1754142545610,22.9,2025-08-02 13:49:05.61,61.9,"Annapurna.csv"
"1635",1754145185281,23.4,2025-08-02 14:33:05.281,59.7,"Annapurna.csv"
"1636",1754146385579,23.9,2025-08-02 14:53:05.579,58,"Annapurna.csv"
"1637",1754146686461,24.4,2025-08-02 14:58:06.461,57.5,"Annapurna.csv"
"1638",1754149805048,24,2025-08-02 15:50:05.048,58.1,"Annapurna.csv"
"1639",1754157063596,24.3,2025-08-02 17:51:03.596,60,"Annapurna.csv"
"1640",1754161864473,23.8,2025-08-02 19:11:04.473,60.7,"Annapurna.csv"
"1641",1754164325395,23.6,2025-08-02 19:52:05.395,60.9,"Annapurna.csv"
"1642",1754166005636,23,2025-08-02 20:20:05.636,59,"Annapurna.csv"
"1643",1754166906100,22.5,2025-08-02 20:35:06.1,58.5,"Annapurna.csv"
"1644",1754167867504,22,2025-08-02 20:51:07.504,59.2,"Annapurna.csv"
"1645",1754169725565,21.5,2025-08-02 21:22:05.565,59.3,"Annapurna.csv"
"1646",1754171045491,21,2025-08-02 21:44:05.491,59.9,"Annapurna.csv"
"1647",1754171586183,20.8,2025-08-02 21:53:06.183,60.2,"Annapurna.csv"
"1648",1754173565402,20.3,2025-08-02 22:26:05.402,61.5,"Annapurna.csv"
"1649",1754175904659,19.8,2025-08-02 23:05:04.659,63.7,"Annapurna.csv"
"1650",1754178844892,19.5,2025-08-02 23:54:04.892,64.8,"Annapurna.csv"
"1651",1754183103803,19,2025-08-03 01:05:03.803,67.4,"Annapurna.csv"
"1652",1754186106900,18.6,2025-08-03 01:55:06.9,68.9,"Annapurna.csv"
"1653",1754193363151,17.9,2025-08-03 03:56:03.151,71.3,"Annapurna.csv"
"1654",1754200624941,18.3,2025-08-03 05:57:04.941,69.8,"Annapurna.csv"
"1655",1754205725510,19.4,2025-08-03 07:22:05.51,68.1,"Annapurna.csv"
"1656",1754207885026,20.3,2025-08-03 07:58:05.026,67,"Annapurna.csv"
"1657",1754210165306,20.8,2025-08-03 08:36:05.306,66.3,"Annapurna.csv"
"1658",1754214724662,21.3,2025-08-03 09:52:04.662,65,"Annapurna.csv"
"1659",1754215147619,21.4,2025-08-03 09:59:07.619,64.9,"Annapurna.csv"
"1660",1754221083783,21.9,2025-08-03 11:38:03.783,64.6,"Annapurna.csv"
"1661",1754222407250,22,2025-08-03 12:00:07.25,64.5,"Annapurna.csv"
"1662",1754229664036,22.2,2025-08-03 14:01:04.036,64.3,"Annapurna.csv"
"1663",1754244180810,21.7,2025-08-03 18:03:00.81,63.2,"Annapurna.csv"
"1664",1754252761749,20.9,2025-08-03 20:26:01.749,61.7,"Annapurna.csv"
"1665",1754253305998,20.4,2025-08-03 20:35:05.998,61.9,"Annapurna.csv"
"1666",1754254446048,19.9,2025-08-03 20:54:06.048,62.6,"Annapurna.csv"
"1667",1754256726364,19.4,2025-08-03 21:32:06.364,64.2,"Annapurna.csv"
"1668",1754258706665,19,2025-08-03 22:05:06.665,66.8,"Annapurna.csv"
"1669",1754263624515,18.4,2025-08-03 23:27:04.515,69.6,"Annapurna.csv"
"1670",1754265964528,18.4,2025-08-04 00:06:04.528,70.2,"Annapurna.csv"
"1671",1754272504172,17.9,2025-08-04 01:55:04.172,71.3,"Annapurna.csv"
"1672",1754273225785,17.8,2025-08-04 02:07:05.785,71.4,"Annapurna.csv"
"1673",1754280482304,17.5,2025-08-04 04:08:02.304,72.6,"Annapurna.csv"
"1674",1754285644745,18,2025-08-04 05:34:04.745,71.9,"Annapurna.csv"
"1675",1754286486385,18.5,2025-08-04 05:48:06.385,71,"Annapurna.csv"
"1676",1754287147658,19,2025-08-04 05:59:07.658,70.6,"Annapurna.csv"
"1677",1754287745381,19.3,2025-08-04 06:09:05.381,70.5,"Annapurna.csv"
"1678",1754289604984,19.8,2025-08-04 06:40:04.984,69.6,"Annapurna.csv"
"1679",1754293864392,20.3,2025-08-04 07:51:04.392,68.3,"Annapurna.csv"
"1680",1754295006339,20.4,2025-08-04 08:10:06.339,68,"Annapurna.csv"
"1681",1754298604842,20.9,2025-08-04 09:10:04.842,67.8,"Annapurna.csv"
"1682",1754302264476,21.1,2025-08-04 10:11:04.476,67,"Annapurna.csv"
"1683",1754309522707,21.4,2025-08-04 12:12:02.707,66.4,"Annapurna.csv"
"1684",1754315104343,21.9,2025-08-04 13:45:04.343,65.6,"Annapurna.csv"
"1685",1754316784897,22.3,2025-08-04 14:13:04.897,65.1,"Annapurna.csv"
"1686",1754318825760,22.8,2025-08-04 14:47:05.76,64.5,"Annapurna.csv"
"1687",1754322725146,23.3,2025-08-04 15:52:05.146,63.5,"Annapurna.csv"
"1688",1754324045740,23.5,2025-08-04 16:14:05.74,63,"Annapurna.csv"
"1689",1754331302793,23,2025-08-04 18:15:02.793,62.8,"Annapurna.csv"
"1690",1754336114846,22.5,2025-08-04 19:35:14.846,62,"Annapurna.csv"
"1691",1754338204987,22,2025-08-04 20:10:04.987,60.8,"Annapurna.csv"
"1692",1754338566058,22,2025-08-04 20:16:06.058,60.6,"Annapurna.csv"
"1693",1754342586435,21.5,2025-08-04 21:23:06.435,59.9,"Annapurna.csv"
"1694",1754345824429,21.2,2025-08-04 22:17:04.429,60.1,"Annapurna.csv"
"1695",1754353083659,21.1,2025-08-05 00:18:03.659,62.4,"Annapurna.csv"
"1696",1754360343737,20.6,2025-08-05 02:19:03.737,67.2,"Annapurna.csv"
"1697",1754367602655,20.4,2025-08-05 04:20:02.655,70.9,"Annapurna.csv"
"1698",1754374863047,20.6,2025-08-05 06:21:03.047,73.1,"Annapurna.csv"
"1699",1754376245443,21.1,2025-08-05 06:44:05.443,71.4,"Annapurna.csv"
"1700",1754379965427,21.6,2025-08-05 07:46:05.427,70.1,"Annapurna.csv"
"1701",1754382124983,21.7,2025-08-05 08:22:04.983,69.4,"Annapurna.csv"
"1702",1754389383954,21.8,2025-08-05 10:23:03.954,68.1,"Annapurna.csv"
"1703",1754396643206,21.8,2025-08-05 12:24:03.206,67.4,"Annapurna.csv"
"1704",1754403903202,22.3,2025-08-05 14:25:03.202,66.2,"Annapurna.csv"
"1705",1754406185273,22.8,2025-08-05 15:03:05.273,65.4,"Annapurna.csv"
"1706",1754411170788,23.2,2025-08-05 16:26:10.788,63.9,"Annapurna.csv"
"1707",1754418423730,23.1,2025-08-05 18:27:03.73,62.4,"Annapurna.csv"
"1708",1754420164904,22.3,2025-08-05 18:56:04.904,61.3,"Annapurna.csv"
"1709",1754420345871,21.8,2025-08-05 18:59:05.871,62.7,"Annapurna.csv"
"1710",1754422025195,21.3,2025-08-05 19:27:05.195,63.9,"Annapurna.csv"
"1711",1754423585603,20.8,2025-08-05 19:53:05.603,62.4,"Annapurna.csv"
"1712",1754424726068,20.2,2025-08-05 20:12:06.068,61.1,"Annapurna.csv"
"1713",1754425685700,19.9,2025-08-05 20:28:05.7,60.4,"Annapurna.csv"
"1714",1754427965431,20.4,2025-08-05 21:06:05.431,59.2,"Annapurna.csv"
"1715",1754428805902,19.9,2025-08-05 21:20:05.902,59.1,"Annapurna.csv"
"1716",1754430366322,19.4,2025-08-05 21:46:06.322,58.9,"Annapurna.csv"
"1717",1754432165310,18.9,2025-08-05 22:16:05.31,59.2,"Annapurna.csv"
"1718",1754432945621,18.7,2025-08-05 22:29:05.621,59.3,"Annapurna.csv"
"1719",1754436604897,18.2,2025-08-05 23:30:04.897,59.9,"Annapurna.csv"
"1720",1754440206459,17.7,2025-08-06 00:30:06.459,60.6,"Annapurna.csv"
"1721",1754443684831,17.2,2025-08-06 01:28:04.831,61.3,"Annapurna.csv"
"1722",1754447464488,16.8,2025-08-06 02:31:04.488,61.6,"Annapurna.csv"
"1723",1754451963757,16.3,2025-08-06 03:46:03.757,62.4,"Annapurna.csv"
"1724",1754454725286,16.2,2025-08-06 04:32:05.286,63.1,"Annapurna.csv"
"1725",1754458084510,16.7,2025-08-06 05:28:04.51,63.6,"Annapurna.csv"
"1726",1754459105509,17.2,2025-08-06 05:45:05.509,63.4,"Annapurna.csv"
"1727",1754460545680,17.7,2025-08-06 06:09:05.68,63.1,"Annapurna.csv"
"1728",1754461986108,18,2025-08-06 06:33:06.108,63,"Annapurna.csv"
"1729",1754464505670,18.6,2025-08-06 07:15:05.67,62.6,"Annapurna.csv"
"1730",1754467024596,19.1,2025-08-06 07:57:04.596,62.4,"Annapurna.csv"
"1731",1754468646601,19.6,2025-08-06 08:24:06.601,62.2,"Annapurna.csv"
"1732",1754469246654,19.7,2025-08-06 08:34:06.654,62,"Annapurna.csv"
"1733",1754472364531,20.2,2025-08-06 09:26:04.531,61.4,"Annapurna.csv"
"1734",1754476504700,20.6,2025-08-06 10:35:04.7,60.6,"Annapurna.csv"
"1735",1754483583771,21.1,2025-08-06 12:33:03.771,59.4,"Annapurna.csv"
"1736",1754483768559,21.1,2025-08-06 12:36:08.559,59.3,"Annapurna.csv"
"1737",1754487664597,21.7,2025-08-06 13:41:04.597,58.9,"Annapurna.csv"
"1738",1754490365298,22.2,2025-08-06 14:26:05.298,58.3,"Annapurna.csv"
"1739",1754491025986,22.3,2025-08-06 14:37:05.986,58,"Annapurna.csv"
"1740",1754493546025,22.8,2025-08-06 15:19:06.025,57.2,"Annapurna.csv"
"1741",1754498284777,23.2,2025-08-06 16:38:04.777,56.3,"Annapurna.csv"
"1742",1754504643638,22.7,2025-08-06 18:24:03.638,54.8,"Annapurna.csv"
"1743",1754505485297,22.2,2025-08-06 18:38:05.297,53.8,"Annapurna.csv"
"1744",1754505545441,22.2,2025-08-06 18:39:05.441,53.4,"Annapurna.csv"
"1745",1754506566123,21.7,2025-08-06 18:56:06.123,53.1,"Annapurna.csv"
"1746",1754508365670,21.2,2025-08-06 19:26:05.67,53,"Annapurna.csv"
"1747",1754511845521,20.7,2025-08-06 20:24:05.521,53.1,"Annapurna.csv"
"1748",1754512805087,20.6,2025-08-06 20:40:05.087,53.1,"Annapurna.csv"
"1749",1754514904581,20,2025-08-06 21:15:04.581,53.7,"Annapurna.csv"
"1750",1754517424952,19.5,2025-08-06 21:57:04.952,54.6,"Annapurna.csv"
"1751",1754520065522,19.1,2025-08-06 22:41:05.522,55.3,"Annapurna.csv"
"1752",1754523005339,18.6,2025-08-06 23:30:05.339,56.4,"Annapurna.csv"
"1753",1754527324863,18.2,2025-08-07 00:42:04.863,57.1,"Annapurna.csv"
"1754",1754534584345,17.8,2025-08-07 02:43:04.345,58.7,"Annapurna.csv"
"1755",1754541843579,17.8,2025-08-07 04:44:03.579,59.8,"Annapurna.csv"
"1756",1754544665431,18.3,2025-08-07 05:31:05.431,60,"Annapurna.csv"
"1757",1754545691886,18.8,2025-08-07 05:48:11.886,60.2,"Annapurna.csv"
"1758",1754546768349,19.3,2025-08-07 06:06:08.349,60.1,"Annapurna.csv"
"1759",1754548625214,19.8,2025-08-07 06:37:05.214,60,"Annapurna.csv"
"1760",1754549106626,19.9,2025-08-07 06:45:06.626,59.9,"Annapurna.csv"
"1761",1754551991587,20.4,2025-08-07 07:33:11.587,60.1,"Annapurna.csv"
"1762",1754556363738,20.9,2025-08-07 08:46:03.738,60.5,"Annapurna.csv"
"1763",1754562964144,21.4,2025-08-07 10:36:04.144,60.3,"Annapurna.csv"
"1764",1754563625727,21.4,2025-08-07 10:47:05.727,60.1,"Annapurna.csv"
"1765",1754570883957,21.8,2025-08-07 12:48:03.957,59.1,"Annapurna.csv"
"1766",1754573584518,22.3,2025-08-07 13:33:04.518,58.4,"Annapurna.csv"
"1767",1754576765219,22.8,2025-08-07 14:26:05.219,57.7,"Annapurna.csv"
"1768",1754578146683,23.3,2025-08-07 14:49:06.683,57.3,"Annapurna.csv"
"1769",1754583903799,23.8,2025-08-07 16:25:03.799,56.3,"Annapurna.csv"
"1770",1754585165458,24.3,2025-08-07 16:46:05.458,53.8,"Annapurna.csv"
"1771",1754585405567,24.5,2025-08-07 16:50:05.567,53.4,"Annapurna.csv"
"1772",1754588105129,24,2025-08-07 17:35:05.129,54.4,"Annapurna.csv"
"1773",1754592665291,23.2,2025-08-07 18:51:05.291,55.4,"Annapurna.csv"
"1774",1754596445008,22.7,2025-08-07 19:54:05.008,54.6,"Annapurna.csv"
"1775",1754605629760,21.8,2025-08-07 22:27:09.76,54,"Annapurna.csv"
"1776",1754607186871,21.6,2025-08-07 22:53:06.871,54,"Annapurna.csv"
"1777",1754613184077,21.1,2025-08-08 00:33:04.077,54.2,"Annapurna.csv"
"1778",1754614445444,21,2025-08-08 00:54:05.444,54.2,"Annapurna.csv"
"1779",1754620023514,20.5,2025-08-08 02:27:03.514,55.6,"Annapurna.csv"
"1780",1754621705945,20.4,2025-08-08 02:55:05.945,56.2,"Annapurna.csv"
"1781",1754628963349,20.1,2025-08-08 04:56:03.349,58.2,"Annapurna.csv"
"1782",1754631845392,20.6,2025-08-08 05:44:05.392,58.3,"Annapurna.csv"
"1783",1754633585626,21.1,2025-08-08 06:13:05.626,58.5,"Annapurna.csv"
"1784",1754636224731,21.7,2025-08-08 06:57:04.731,58.5,"Annapurna.csv"
"1785",1754641324322,22.2,2025-08-08 08:22:04.322,59,"Annapurna.csv"
"1786",1754643485590,22.3,2025-08-08 08:58:05.59,59.2,"Annapurna.csv"
"1787",1754650745467,22.7,2025-08-08 10:59:05.467,59.1,"Annapurna.csv"
"1788",1754658003546,23.1,2025-08-08 13:00:03.546,59,"Annapurna.csv"
"1789",1754660825388,23.6,2025-08-08 13:47:05.388,58.6,"Annapurna.csv"
"1790",1754665263561,23.7,2025-08-08 15:01:03.561,58.9,"Annapurna.csv"
"1791",1754667365915,24.3,2025-08-08 15:36:05.915,57.6,"Annapurna.csv"
"1792",1754672524183,23.9,2025-08-08 17:02:04.183,57.3,"Annapurna.csv"
"1793",1754679784481,23.6,2025-08-08 19:03:04.481,58,"Annapurna.csv"
"1794",1754685603313,23.1,2025-08-08 20:40:03.313,58.4,"Annapurna.csv"
"1795",1754687045226,22.9,2025-08-08 21:04:05.226,58.7,"Annapurna.csv"
"1796",1754689804824,22.4,2025-08-08 21:50:04.824,59.7,"Annapurna.csv"
"1797",1754694184562,21.9,2025-08-08 23:03:04.562,60.4,"Annapurna.csv"
"1798",1754694305528,22,2025-08-08 23:05:05.528,60.3,"Annapurna.csv"
"1799",1754696768166,21.5,2025-08-08 23:46:08.166,61.2,"Annapurna.csv"
"1800",1754701384497,21,2025-08-09 01:03:04.497,62.3,"Annapurna.csv"
"1801",1754701565769,21,2025-08-09 01:06:05.769,62.4,"Annapurna.csv"
"1802",1754706725109,20.4,2025-08-09 02:32:05.109,63.4,"Annapurna.csv"
"1803",1754708825997,20.1,2025-08-09 03:07:05.997,64.1,"Annapurna.csv"
"1804",1754711824301,19.6,2025-08-09 03:57:04.301,65.1,"Annapurna.csv"
"1805",1754716084204,19.6,2025-08-09 05:08:04.204,66.2,"Annapurna.csv"
"1806",1754719385520,20.1,2025-08-09 06:03:05.52,66.2,"Annapurna.csv"
"1807",1754721665303,20.6,2025-08-09 06:41:05.303,65.7,"Annapurna.csv"
"1808",1754723345686,21,2025-08-09 07:09:05.686,65.2,"Annapurna.csv"
"1809",1754725205329,21.5,2025-08-09 07:40:05.329,65.2,"Annapurna.csv"
"1810",1754727844922,22,2025-08-09 08:24:04.922,64.7,"Annapurna.csv"
"1811",1754730605338,22.3,2025-08-09 09:10:05.338,63.7,"Annapurna.csv"
"1812",1754736785071,22.8,2025-08-09 10:53:05.071,62.9,"Annapurna.csv"
"1813",1754737865982,22.9,2025-08-09 11:11:05.982,62.8,"Annapurna.csv"
"1814",1754744823529,23.4,2025-08-09 13:07:03.529,62.1,"Annapurna.csv"
"1815",1754745126233,23.5,2025-08-09 13:12:06.233,61.9,"Annapurna.csv"
"1816",1754747585693,24,2025-08-09 13:53:05.693,61.3,"Annapurna.csv"
"1817",1754750165014,24.5,2025-08-09 14:36:05.014,60.6,"Annapurna.csv"
"1818",1754752384700,24.8,2025-08-09 15:13:04.7,60.1,"Annapurna.csv"
"1819",1754759643173,25,2025-08-09 17:14:03.173,59.5,"Annapurna.csv"
"1820",1754766363932,24.4,2025-08-09 19:06:03.932,58.6,"Annapurna.csv"
"1821",1754766905345,24.5,2025-08-09 19:15:05.345,58.6,"Annapurna.csv"
"1822",1754774163452,24.2,2025-08-09 21:16:03.452,58.5,"Annapurna.csv"
"1823",1754781423359,23.7,2025-08-09 23:17:03.359,57.8,"Annapurna.csv"
"1824",1754786286254,23.2,2025-08-10 00:38:06.254,57.7,"Annapurna.csv"
"1825",1754788685416,22.8,2025-08-10 01:18:05.416,57.8,"Annapurna.csv"
"1826",1754791025793,22.3,2025-08-10 01:57:05.793,58.1,"Annapurna.csv"
"1827",1754793604967,21.8,2025-08-10 02:40:04.967,58.5,"Annapurna.csv"
"1828",1754795945365,21.3,2025-08-10 03:19:05.365,58.8,"Annapurna.csv"
"1829",1754799124643,20.8,2025-08-10 04:12:04.643,59.9,"Annapurna.csv"
"1830",1754801524903,20.3,2025-08-10 04:52:04.903,60.9,"Annapurna.csv"
"1831",1754803205268,20.2,2025-08-10 05:20:05.268,60.9,"Annapurna.csv"
"1832",1754810463794,19.9,2025-08-10 07:21:03.794,60,"Annapurna.csv"
"1833",1754814305193,20.5,2025-08-10 08:25:05.193,58.7,"Annapurna.csv"
"1834",1754816225065,21,2025-08-10 08:57:05.065,58.9,"Annapurna.csv"
"1835",1754817726194,21.4,2025-08-10 09:22:06.194,59,"Annapurna.csv"
"1836",1754819945130,21.9,2025-08-10 09:59:05.13,58.8,"Annapurna.csv"
"1837",1754823544337,22.5,2025-08-10 10:59:04.337,58.3,"Annapurna.csv"
"1838",1754824987405,22.6,2025-08-10 11:23:07.405,58,"Annapurna.csv"
"1839",1754829904032,23.1,2025-08-10 12:45:04.032,57,"Annapurna.csv"
"1840",1754832245542,23.5,2025-08-10 13:24:05.542,56.2,"Annapurna.csv"
"1841",1754834585388,24,2025-08-10 14:03:05.388,55.4,"Annapurna.csv"
"1842",1754836504937,24.5,2025-08-10 14:35:04.937,54.7,"Annapurna.csv"
"1843",1754839505974,24.8,2025-08-10 15:25:05.974,54.1,"Annapurna.csv"
"1844",1754844544623,24.8,2025-08-10 16:49:04.623,48.8,"Annapurna.csv"
"1845",1754846765610,24.4,2025-08-10 17:26:05.61,47.2,"Annapurna.csv"
"1846",1754850124674,23.9,2025-08-10 18:22:04.674,47.4,"Annapurna.csv"
"1847",1754852704983,23.4,2025-08-10 19:05:04.983,47.8,"Annapurna.csv"
"1848",1754854026111,23.1,2025-08-10 19:27:06.111,48,"Annapurna.csv"
"1849",1754857205179,22.6,2025-08-10 20:20:05.179,48.6,"Annapurna.csv"
"1850",1754859904510,22.1,2025-08-10 21:05:04.51,49,"Annapurna.csv"
"1851",1754861285875,21.8,2025-08-10 21:28:05.875,49.4,"Annapurna.csv"
"1852",1754864465024,21.3,2025-08-10 22:21:05.024,50.8,"Annapurna.csv"
"1853",1754866504986,20.8,2025-08-10 22:55:04.986,51.8,"Annapurna.csv"
"1854",1754868544957,20.5,2025-08-10 23:29:04.957,52.4,"Annapurna.csv"
"1855",1754870705561,19.9,2025-08-11 00:05:05.561,53.6,"Annapurna.csv"
"1856",1754873044942,19.4,2025-08-11 00:44:04.942,55.3,"Annapurna.csv"
"1857",1754875804492,19.1,2025-08-11 01:30:04.492,56.7,"Annapurna.csv"
"1858",1754878745355,18.6,2025-08-11 02:19:05.355,58.2,"Annapurna.csv"
"1859",1754882466944,18,2025-08-11 03:21:06.944,60,"Annapurna.csv"
"1860",1754883066494,18,2025-08-11 03:31:06.494,60.3,"Annapurna.csv"
"1861",1754887444971,18.6,2025-08-11 04:44:04.971,60.4,"Annapurna.csv"
"1862",1754887926247,19.1,2025-08-11 04:52:06.247,60.2,"Annapurna.csv"
"1863",1754888705803,19.6,2025-08-11 05:05:05.803,59.7,"Annapurna.csv"
"1864",1754889846243,20.2,2025-08-11 05:24:06.243,59.2,"Annapurna.csv"
"1865",1754890325416,20.3,2025-08-11 05:32:05.416,58.9,"Annapurna.csv"
"1866",1754892186170,20.9,2025-08-11 06:03:06.17,58.4,"Annapurna.csv"
"1867",1750073182712,27.7,2025-06-16 11:26:22.712,50.2,"Denali.csv"
"1868",1750074189963,26.4,2025-06-16 11:43:09.963,46.9,"Denali.csv"
"1869",1750075148078,25.9,2025-06-16 11:59:08.078,46.5,"Denali.csv"
"1870",1750077426175,25.4,2025-06-16 12:37:06.175,47.6,"Denali.csv"
"1871",1750080605600,25.1,2025-06-16 13:30:05.6,48.8,"Denali.csv"
"1872",1750087865194,25,2025-06-16 15:31:05.194,50,"Denali.csv"
"1873",1750095123595,24.9,2025-06-16 17:32:03.595,50.4,"Denali.csv"
"1874",1750109640544,24.7,2025-06-16 21:34:00.544,49.4,"Denali.csv"
"1875",1750116904195,24.6,2025-06-16 23:35:04.195,49.4,"Denali.csv"
"1876",1750124163578,24.5,2025-06-17 01:36:03.578,49.5,"Denali.csv"
"1877",1750131424134,24.4,2025-06-17 03:37:04.134,49.3,"Denali.csv"
"1878",1750138684085,24.5,2025-06-17 05:38:04.085,51.2,"Denali.csv"
"1879",1750145944217,24.7,2025-06-17 07:39:04.217,51.4,"Denali.csv"
"1880",1750153204122,25.1,2025-06-17 09:40:04.122,51.3,"Denali.csv"
"1881",1750158003672,25.6,2025-06-17 11:00:03.672,50.8,"Denali.csv"
"1882",1750160465773,25.7,2025-06-17 11:41:05.773,50.6,"Denali.csv"
"1883",1750167724364,25.9,2025-06-17 13:42:04.364,50.1,"Denali.csv"
"1884",1750174985438,25.7,2025-06-17 15:43:05.438,50.4,"Denali.csv"
"1885",1750182250770,25.6,2025-06-17 17:44:10.77,51.1,"Denali.csv"
"1886",1750189503646,25.4,2025-06-17 19:45:03.646,51.2,"Denali.csv"
"1887",1750196764614,25.2,2025-06-17 21:46:04.614,51,"Denali.csv"
"1888",1750204023383,25.1,2025-06-17 23:47:03.383,51,"Denali.csv"
"1889",1750211285949,25,2025-06-18 01:48:05.949,50.7,"Denali.csv"
"1890",1750218544137,24.9,2025-06-18 03:49:04.137,50.7,"Denali.csv"
"1891",1750225803801,25,2025-06-18 05:50:03.801,50.7,"Denali.csv"
"1892",1750233063558,25.3,2025-06-18 07:51:03.558,51.3,"Denali.csv"
"1893",1750240085693,25.8,2025-06-18 09:48:05.693,51.5,"Denali.csv"
"1894",1750240328438,25.8,2025-06-18 09:52:08.438,51.4,"Denali.csv"
"1895",1750245904530,26.3,2025-06-18 11:25:04.53,51.1,"Denali.csv"
"1896",1750247586176,26.4,2025-06-18 11:53:06.176,50.8,"Denali.csv"
"1897",1750262101398,26.3,2025-06-18 15:55:01.398,49.5,"Denali.csv"
"1898",1750269366539,26,2025-06-18 17:56:06.539,49.5,"Denali.csv"
"1899",1750276623758,25.9,2025-06-18 19:57:03.758,50.6,"Denali.csv"
"1900",1750283893705,25.8,2025-06-18 21:58:13.705,51.1,"Denali.csv"
"1901",1750291145667,25.8,2025-06-18 23:59:05.667,51.3,"Denali.csv"
"1902",1750298403666,25.6,2025-06-19 02:00:03.666,51.3,"Denali.csv"
"1903",1750305667117,25.6,2025-06-19 04:01:07.117,50.9,"Denali.csv"
"1904",1750312923683,25.6,2025-06-19 06:02:03.683,50.6,"Denali.csv"
"1905",1750320183577,25.6,2025-06-19 08:03:03.577,49.8,"Denali.csv"
"1906",1750327444422,26,2025-06-19 10:04:04.422,49.9,"Denali.csv"
"1907",1750341960850,26.4,2025-06-19 14:06:00.85,48.4,"Denali.csv"
"1908",1750349227278,26.3,2025-06-19 16:07:07.278,50,"Denali.csv"
"1909",1750378256670,25.4,2025-06-20 00:10:56.67,48,"Denali.csv"
"1910",1750385465293,25.5,2025-06-20 02:11:05.293,49.3,"Denali.csv"
"1911",1750392723860,25.5,2025-06-20 04:12:03.86,50.1,"Denali.csv"
"1912",1750429015038,25.9,2025-06-20 14:16:55.038,48.8,"Denali.csv"
"1913",1750436284652,25.5,2025-06-20 16:18:04.652,45.5,"Denali.csv"
"1914",1750443543929,25.2,2025-06-20 18:19:03.929,45.4,"Denali.csv"
"1915",1750450804947,25.2,2025-06-20 20:20:04.947,46.8,"Denali.csv"
"1916",1750472579845,25.3,2025-06-21 02:22:59.845,49.6,"Denali.csv"
"1917",1750487101097,25.3,2025-06-21 06:25:01.097,50.8,"Denali.csv"
"1918",1750491076606,25,2025-06-21 07:31:16.606,45.7,"Denali.csv"
"1919",1750494365887,24.8,2025-06-21 08:26:05.887,42.9,"Denali.csv"
"1920",1750504984277,25.7,2025-06-21 11:23:04.277,45.4,"Denali.csv"
"1921",1750508885566,25.9,2025-06-21 12:28:05.566,45.9,"Denali.csv"
"1922",1750516143913,25.7,2025-06-21 14:29:03.913,46.1,"Denali.csv"
"1923",1750523403402,25.5,2025-06-21 16:30:03.402,45.9,"Denali.csv"
"1924",1750530663164,25.4,2025-06-21 18:31:03.164,46.1,"Denali.csv"
"1925",1750537923335,25.5,2025-06-21 20:32:03.335,48.2,"Denali.csv"
"1926",1750545183852,25.4,2025-06-21 22:33:03.852,48.4,"Denali.csv"
"1927",1750552454916,25.3,2025-06-22 00:34:14.916,47.9,"Denali.csv"
"1928",1750559704623,25.2,2025-06-22 02:35:04.623,47.3,"Denali.csv"
"1929",1750566964525,25.1,2025-06-22 04:36:04.525,46.7,"Denali.csv"
"1930",1750574223369,25.1,2025-06-22 06:37:03.369,46.6,"Denali.csv"
"1931",1750581486330,25.4,2025-06-22 08:38:06.33,44.7,"Denali.csv"
"1932",1750585504524,25.9,2025-06-22 09:45:04.524,43.3,"Denali.csv"
"1933",1750588745216,26.2,2025-06-22 10:39:05.216,43.4,"Denali.csv"
"1934",1750594984290,26.7,2025-06-22 12:23:04.29,43.3,"Denali.csv"
"1935",1750596006676,26.7,2025-06-22 12:40:06.676,43.2,"Denali.csv"
"1936",1750603265002,26.9,2025-06-22 14:41:05.002,44.1,"Denali.csv"
"1937",1750610527292,27,2025-06-22 16:42:07.292,45.7,"Denali.csv"
"1938",1750617784613,26.8,2025-06-22 18:43:04.613,45.3,"Denali.csv"
"1939",1750632303441,26.4,2025-06-22 22:45:03.441,44.2,"Denali.csv"
"1940",1750639563986,26.5,2025-06-23 00:46:03.986,45.7,"Denali.csv"
"1941",1750646824219,26.6,2025-06-23 02:47:04.219,46.6,"Denali.csv"
"1942",1750654084058,26.6,2025-06-23 04:48:04.058,47.4,"Denali.csv"
"1943",1750668601216,27,2025-06-23 08:50:01.216,46.1,"Denali.csv"
"1944",1750675873946,27,2025-06-23 10:51:13.946,43.9,"Denali.csv"
"1945",1750683123711,27.1,2025-06-23 12:52:03.711,43.1,"Denali.csv"
"1946",1750712156595,26.4,2025-06-23 20:55:56.595,43.3,"Denali.csv"
"1947",1750719363778,26.3,2025-06-23 22:56:03.778,43.6,"Denali.csv"
"1948",1750726624578,26.4,2025-06-24 00:57:04.578,44.9,"Denali.csv"
"1949",1750733883892,26.3,2025-06-24 02:58:03.892,46,"Denali.csv"
"1950",1750741143517,26.2,2025-06-24 04:59:03.517,46.7,"Denali.csv"
"1951",1750748405215,25.9,2025-06-24 07:00:05.215,44.6,"Denali.csv"
"1952",1750755664083,25.9,2025-06-24 09:01:04.083,43.8,"Denali.csv"
"1953",1750762924086,25.9,2025-06-24 11:02:04.086,43.3,"Denali.csv"
"1954",1750791955844,25.8,2025-06-24 19:05:55.844,45.5,"Denali.csv"
"1955",1750799164177,25.4,2025-06-24 21:06:04.177,45,"Denali.csv"
"1956",1750806425469,25.7,2025-06-24 23:07:05.469,46.4,"Denali.csv"
"1957",1750813683640,25.8,2025-06-25 01:08:03.64,47.1,"Denali.csv"
"1958",1750820944028,25.7,2025-06-25 03:09:04.028,47.5,"Denali.csv"
"1959",1750828204258,25.8,2025-06-25 05:10:04.258,48,"Denali.csv"
"1960",1750835464082,25.8,2025-06-25 07:11:04.082,48.7,"Denali.csv"
"1961",1750842726619,25.8,2025-06-25 09:12:06.619,51.6,"Denali.csv"
"1962",1750847645270,26.3,2025-06-25 10:34:05.27,51,"Denali.csv"
"1963",1750849986059,26.4,2025-06-25 11:13:06.059,50.6,"Denali.csv"
"1964",1750871757138,26.3,2025-06-25 17:15:57.138,50.6,"Denali.csv"
"1965",1750893478714,25.7,2025-06-25 23:17:58.714,49.6,"Denali.csv"
"1966",1750907950148,25.3,2025-06-26 03:19:10.148,48.5,"Denali.csv"
"1967",1750915205658,25.2,2025-06-26 05:20:05.658,48.5,"Denali.csv"
"1968",1750922465448,25.3,2025-06-26 07:21:05.448,48.8,"Denali.csv"
"1969",1750929724662,25.5,2025-06-26 09:22:04.662,48.9,"Denali.csv"
"1970",1750936983837,25.8,2025-06-26 11:23:03.837,49.5,"Denali.csv"
"1971",1750942384705,26.3,2025-06-26 12:53:04.705,49.7,"Denali.csv"
"1972",1750944248047,26.3,2025-06-26 13:24:08.047,49.7,"Denali.csv"
"1973",1750951504908,26.3,2025-06-26 15:25:04.908,49.8,"Denali.csv"
"1974",1750958763495,26.1,2025-06-26 17:26:03.495,51.4,"Denali.csv"
"1975",1750966023384,26,2025-06-26 19:27:03.384,52.3,"Denali.csv"
"1976",1750973284219,25.9,2025-06-26 21:28:04.219,52.7,"Denali.csv"
"1977",1750980544994,25.9,2025-06-26 23:29:04.994,52.9,"Denali.csv"
"1978",1750987803415,25.8,2025-06-27 01:30:03.415,53,"Denali.csv"
"1979",1750995063652,25.8,2025-06-27 03:31:03.652,53.1,"Denali.csv"
"1980",1751002323982,25.8,2025-06-27 05:32:03.982,53,"Denali.csv"
"1981",1751009584803,26,2025-06-27 07:33:04.803,52.7,"Denali.csv"
"1982",1751016844513,26,2025-06-27 09:34:04.513,51.5,"Denali.csv"
"1983",1751024103417,26,2025-06-27 11:35:03.417,50.3,"Denali.csv"
"1984",1751031363817,26.2,2025-06-27 13:36:03.817,50,"Denali.csv"
"1985",1751038624016,26,2025-06-27 15:37:04.016,49.3,"Denali.csv"
"1986",1751045883071,25.9,2025-06-27 17:38:03.071,48.4,"Denali.csv"
"1987",1751053143704,25.6,2025-06-27 19:39:03.704,48,"Denali.csv"
"1988",1751060403788,25.5,2025-06-27 21:40:03.788,48.2,"Denali.csv"
"1989",1751074922243,25.2,2025-06-28 01:42:02.243,48.1,"Denali.csv"
"1990",1751082184313,25.2,2025-06-28 03:43:04.313,48.2,"Denali.csv"
"1991",1751089444064,25.2,2025-06-28 05:44:04.064,48.4,"Denali.csv"
"1992",1751096705836,25.3,2025-06-28 07:45:05.836,48.2,"Denali.csv"
"1993",1751103964526,25.7,2025-06-28 09:46:04.526,48.5,"Denali.csv"
"1994",1751109795667,26.2,2025-06-28 11:23:15.667,48.4,"Denali.csv"
"1995",1751111226816,26.3,2025-06-28 11:47:06.816,48.3,"Denali.csv"
"1996",1751125744867,26.2,2025-06-28 15:49:04.867,48.9,"Denali.csv"
"1997",1751133004019,26.1,2025-06-28 17:50:04.019,49.6,"Denali.csv"
"1998",1751140263595,25.9,2025-06-28 19:51:03.595,50.3,"Denali.csv"
"1999",1751147523438,25.9,2025-06-28 21:52:03.438,51.2,"Denali.csv"
"2000",1751154783770,25.9,2025-06-28 23:53:03.77,51.8,"Denali.csv"
"2001",1751162047626,25.9,2025-06-29 01:54:07.626,52.3,"Denali.csv"
"2002",1751169303733,25.8,2025-06-29 03:55:03.733,52.5,"Denali.csv"
"2003",1751176563921,25.9,2025-06-29 05:56:03.921,52.3,"Denali.csv"
"2004",1751183824516,26.1,2025-06-29 07:57:04.516,52.4,"Denali.csv"
"2005",1751191086078,26.4,2025-06-29 09:58:06.078,52.5,"Denali.csv"
"2006",1751198344796,26.5,2025-06-29 11:59:04.796,52.7,"Denali.csv"
"2007",1751205605790,27,2025-06-29 14:00:05.79,52.2,"Denali.csv"
"2008",1751234643480,27.3,2025-06-29 22:04:03.48,59.6,"Denali.csv"
"2009",1751241904130,27,2025-06-30 00:05:04.13,56.8,"Denali.csv"
"2010",1751249163295,27.1,2025-06-30 02:06:03.295,57.8,"Denali.csv"
"2011",1751256424691,27.1,2025-06-30 04:07:04.691,58.2,"Denali.csv"
"2012",1751263684041,27.1,2025-06-30 06:08:04.041,58.7,"Denali.csv"
"2013",1751267105469,26.6,2025-06-30 07:05:05.469,53.7,"Denali.csv"
"2014",1751270944547,26.4,2025-06-30 08:09:04.547,50.8,"Denali.csv"
"2015",1751278204252,26.4,2025-06-30 10:10:04.252,48.9,"Denali.csv"
"2016",1751292725784,26.6,2025-06-30 14:12:05.784,45.4,"Denali.csv"
"2017",1751299985618,26.5,2025-06-30 16:13:05.618,45.1,"Denali.csv"
"2018",1751307244456,26.3,2025-06-30 18:14:04.456,42.4,"Denali.csv"
"2019",1751314504074,26.2,2025-06-30 20:15:04.074,44.7,"Denali.csv"
"2020",1751321763708,25.9,2025-06-30 22:16:03.708,42.9,"Denali.csv"
"2021",1751336294316,26.3,2025-07-01 02:18:14.316,47.8,"Denali.csv"
"2022",1751343554509,26.5,2025-07-01 04:19:14.509,50.2,"Denali.csv"
"2023",1751350803249,26.7,2025-07-01 06:20:03.249,51.6,"Denali.csv"
"2024",1751354766905,26.3,2025-07-01 07:26:06.905,46.6,"Denali.csv"
"2025",1751358065917,26.1,2025-07-01 08:21:05.917,43.1,"Denali.csv"
"2026",1751364006516,26.6,2025-07-01 10:00:06.516,39.6,"Denali.csv"
"2027",1751365326150,26.8,2025-07-01 10:22:06.15,38.9,"Denali.csv"
"2028",1751368324405,27.3,2025-07-01 11:12:04.405,37.2,"Denali.csv"
"2029",1751372284565,27.8,2025-07-01 12:18:04.565,35.9,"Denali.csv"
"2030",1751372588215,27.9,2025-07-01 12:23:08.215,35.8,"Denali.csv"
"2031",1751387103523,28.1,2025-07-01 16:25:03.523,34.2,"Denali.csv"
"2032",1751394372955,27.8,2025-07-01 18:26:12.955,33,"Denali.csv"
"2033",1751401624093,27.5,2025-07-01 20:27:04.093,35.2,"Denali.csv"
"2034",1751408824575,27,2025-07-01 22:27:04.575,36.4,"Denali.csv"
"2035",1751408888619,27,2025-07-01 22:28:08.619,36.4,"Denali.csv"
"2036",1751416143496,27.3,2025-07-02 00:29:03.496,38.8,"Denali.csv"
"2037",1751423403738,27.3,2025-07-02 02:30:03.738,40.5,"Denali.csv"
"2038",1751430662957,27.2,2025-07-02 04:31:02.957,42,"Denali.csv"
"2039",1751437923381,27.2,2025-07-02 06:32:03.381,42.4,"Denali.csv"
"2040",1751445184530,27.2,2025-07-02 08:33:04.53,40.6,"Denali.csv"
"2041",1751452443626,27.6,2025-07-02 10:34:03.626,40.2,"Denali.csv"
"2042",1751459704058,28.1,2025-07-02 12:35:04.058,41.1,"Denali.csv"
"2043",1751466964446,28.3,2025-07-02 14:36:04.446,42.1,"Denali.csv"
"2044",1751474224706,28.3,2025-07-02 16:37:04.706,42.3,"Denali.csv"
"2045",1751481483225,28.4,2025-07-02 18:38:03.225,42.1,"Denali.csv"
"2046",1751496001467,28.3,2025-07-02 22:40:01.467,42.6,"Denali.csv"
"2047",1751503265636,28.4,2025-07-03 00:41:05.636,44.1,"Denali.csv"
"2048",1751509683617,27.8,2025-07-03 02:28:03.617,45.1,"Denali.csv"
"2049",1751510525865,27.8,2025-07-03 02:42:05.865,45.2,"Denali.csv"
"2050",1751517783425,27.8,2025-07-03 04:43:03.425,46.1,"Denali.csv"
"2051",1751525043201,27.8,2025-07-03 06:44:03.201,48.6,"Denali.csv"
"2052",1751539563283,28,2025-07-03 10:46:03.283,48.3,"Denali.csv"
"2053",1751546824590,28.5,2025-07-03 12:47:04.59,47,"Denali.csv"
"2054",1751554087047,28.4,2025-07-03 14:48:07.047,45.5,"Denali.csv"
"2055",1751561347039,28.3,2025-07-03 16:49:07.039,45.5,"Denali.csv"
"2056",1751568604511,28.2,2025-07-03 18:50:04.511,45.3,"Denali.csv"
"2057",1751571305227,27.7,2025-07-03 19:35:05.227,41.5,"Denali.csv"
"2058",1751573527235,27.2,2025-07-03 20:12:07.235,39.1,"Denali.csv"
"2059",1751575866412,26.7,2025-07-03 20:51:06.412,38.2,"Denali.csv"
"2060",1751577905636,26.2,2025-07-03 21:25:05.636,37.5,"Denali.csv"
"2061",1751583127130,27,2025-07-03 22:52:07.13,40.4,"Denali.csv"
"2062",1751588344506,26.5,2025-07-04 00:19:04.506,39.9,"Denali.csv"
"2063",1751589366106,26,2025-07-04 00:36:06.106,39.2,"Denali.csv"
"2064",1751590386104,25.5,2025-07-04 00:53:06.104,39.1,"Denali.csv"
"2065",1751591826082,25,2025-07-04 01:17:06.082,39.2,"Denali.csv"
"2066",1751593505405,24.5,2025-07-04 01:45:05.405,39.7,"Denali.csv"
"2067",1751596265136,25,2025-07-04 02:31:05.136,40.5,"Denali.csv"
"2068",1751597646765,25.4,2025-07-04 02:54:06.765,41.1,"Denali.csv"
"2069",1751600106401,25.9,2025-07-04 03:35:06.401,41.6,"Denali.csv"
"2070",1751604907109,26.4,2025-07-04 04:55:07.109,42.6,"Denali.csv"
"2071",1751612164279,26.8,2025-07-04 06:56:04.279,43.6,"Denali.csv"
"2072",1751619423034,27,2025-07-04 08:57:03.034,43.7,"Denali.csv"
"2073",1751626684054,27.5,2025-07-04 10:58:04.054,42.8,"Denali.csv"
"2074",1751633943782,27.9,2025-07-04 12:59:03.782,41.5,"Denali.csv"
"2075",1751641206271,27.8,2025-07-04 15:00:06.271,41.8,"Denali.csv"
"2076",1751648465267,27.5,2025-07-04 17:01:05.267,40.8,"Denali.csv"
"2077",1751655724179,27.2,2025-07-04 19:02:04.179,39.7,"Denali.csv"
"2078",1751662986633,26.9,2025-07-04 21:03:06.633,39,"Denali.csv"
"2079",1751667484765,26.4,2025-07-04 22:18:04.765,37.4,"Denali.csv"
"2080",1751668865897,25.8,2025-07-04 22:41:05.897,36.5,"Denali.csv"
"2081",1751670247337,25.7,2025-07-04 23:04:07.337,36.4,"Denali.csv"
"2082",1751677504382,25.3,2025-07-05 01:05:04.382,36.4,"Denali.csv"
"2083",1751684283229,24.8,2025-07-05 02:58:03.229,35.5,"Denali.csv"
"2084",1751684766068,24.8,2025-07-05 03:06:06.068,35.5,"Denali.csv"
"2085",1751692023534,24.4,2025-07-05 05:07:03.534,35.1,"Denali.csv"
"2086",1751699283530,24.8,2025-07-05 07:08:03.53,35.1,"Denali.csv"
"2087",1751704085109,25.3,2025-07-05 08:28:05.109,35.7,"Denali.csv"
"2088",1751711164130,26,2025-07-05 10:26:04.13,34.6,"Denali.csv"
"2089",1751713805420,26.2,2025-07-05 11:10:05.42,35.1,"Denali.csv"
"2090",1751719444062,26.7,2025-07-05 12:44:04.062,33.2,"Denali.csv"
"2091",1751735579937,26.6,2025-07-05 17:12:59.937,34.2,"Denali.csv"
"2092",1751742845745,26.5,2025-07-05 19:14:05.745,36,"Denali.csv"
"2093",1751750104018,26.3,2025-07-05 21:15:04.018,36.6,"Denali.csv"
"2094",1751756163865,25.8,2025-07-05 22:56:03.865,36.1,"Denali.csv"
"2095",1751757367116,25.6,2025-07-05 23:16:07.116,36.2,"Denali.csv"
"2096",1751764623448,24.9,2025-07-06 01:17:03.448,37.9,"Denali.csv"
"2097",1751771883750,25.3,2025-07-06 03:18:03.75,38.2,"Denali.csv"
"2098",1751779143429,25.4,2025-07-06 05:19:03.429,38.4,"Denali.csv"
"2099",1751786404655,25.7,2025-07-06 07:20:04.655,38.6,"Denali.csv"
"2100",1751793663577,25.9,2025-07-06 09:21:03.577,37,"Denali.csv"
"2101",1751797805122,26.4,2025-07-06 10:30:05.122,32.5,"Denali.csv"
"2102",1751800926284,26.8,2025-07-06 11:22:06.284,31.6,"Denali.csv"
"2103",1751808183337,27.4,2025-07-06 13:23:03.337,32.8,"Denali.csv"
"2104",1751815443886,27.3,2025-07-06 15:24:03.886,33.9,"Denali.csv"
"2105",1751822704903,26.9,2025-07-06 17:25:04.903,34.1,"Denali.csv"
"2106",1751829434595,26.4,2025-07-06 19:17:14.595,33.8,"Denali.csv"
"2107",1751837225050,26.2,2025-07-06 21:27:05.05,35.2,"Denali.csv"
"2108",1751844484023,26.4,2025-07-06 23:28:04.023,37.2,"Denali.csv"
"2109",1751851744471,26.6,2025-07-07 01:29:04.471,38.7,"Denali.csv"
"2110",1751866262889,26.6,2025-07-07 05:31:02.889,40.4,"Denali.csv"
"2111",1751888038678,26.6,2025-07-07 11:33:58.678,42.4,"Denali.csv"
"2112",1751895243989,26.8,2025-07-07 13:34:03.989,42.7,"Denali.csv"
"2113",1751909760134,25.8,2025-07-07 17:36:00.134,48.9,"Denali.csv"
"2114",1751910245978,25.2,2025-07-07 17:44:05.978,51.9,"Denali.csv"
"2115",1751917028120,25.1,2025-07-07 19:37:08.12,50.1,"Denali.csv"
"2116",1751924285118,25.1,2025-07-07 21:38:05.118,50.1,"Denali.csv"
"2117",1751931185014,25.6,2025-07-07 23:33:05.014,49.4,"Denali.csv"
"2118",1751931549482,25.6,2025-07-07 23:39:09.482,49.3,"Denali.csv"
"2119",1751938804684,25.8,2025-07-08 01:40:04.684,48.9,"Denali.csv"
"2120",1751946063285,25.8,2025-07-08 03:41:03.285,48.5,"Denali.csv"
"2121",1751953323336,25.5,2025-07-08 05:42:03.336,47.6,"Denali.csv"
"2122",1751955253290,25,2025-07-08 06:14:13.29,46.6,"Denali.csv"
"2123",1751960585024,24.7,2025-07-08 07:43:05.024,46.4,"Denali.csv"
"2124",1751967843462,25.1,2025-07-08 09:44:03.462,45.4,"Denali.csv"
"2125",1751975104021,25.3,2025-07-08 11:45:04.021,44.7,"Denali.csv"
"2126",1751989623631,25.5,2025-07-08 15:47:03.631,43,"Denali.csv"
"2127",1751996884446,25.5,2025-07-08 17:48:04.446,43.2,"Denali.csv"
"2128",1752004147213,25.5,2025-07-08 19:49:07.213,45.5,"Denali.csv"
"2129",1752011403607,25.2,2025-07-08 21:50:03.607,43.9,"Denali.csv"
"2130",1752014825779,24.7,2025-07-08 22:47:05.779,43.4,"Denali.csv"
"2131",1752018665755,24.2,2025-07-08 23:51:05.755,44.2,"Denali.csv"
"2132",1752025923618,23.8,2025-07-09 01:52:03.618,46.2,"Denali.csv"
"2133",1752054957843,24.1,2025-07-09 09:55:57.843,49.2,"Denali.csv"
"2134",1752062164458,24.5,2025-07-09 11:56:04.458,49.6,"Denali.csv"
"2135",1752069423537,24.8,2025-07-09 13:57:03.537,48.3,"Denali.csv"
"2136",1752076683047,24.9,2025-07-09 15:58:03.047,48.2,"Denali.csv"
"2137",1752091200899,24.6,2025-07-09 20:00:00.899,48.6,"Denali.csv"
"2138",1752098464235,24.4,2025-07-09 22:01:04.235,48.6,"Denali.csv"
"2139",1752105724318,24.2,2025-07-10 00:02:04.318,48.7,"Denali.csv"
"2140",1752112983985,24.1,2025-07-10 02:03:03.985,49,"Denali.csv"
"2141",1752120244015,23.9,2025-07-10 04:04:04.015,49.2,"Denali.csv"
"2142",1752127504030,23.8,2025-07-10 06:05:04.03,49.4,"Denali.csv"
"2143",1752134763366,24.1,2025-07-10 08:06:03.366,50,"Denali.csv"
"2144",1752142024230,24.6,2025-07-10 10:07:04.23,49.9,"Denali.csv"
"2145",1752156541533,24.7,2025-07-10 14:09:01.533,51.5,"Denali.csv"
"2146",1752163803522,24.5,2025-07-10 16:10:03.522,51.7,"Denali.csv"
"2147",1752171067098,24.4,2025-07-10 18:11:07.098,52.4,"Denali.csv"
"2148",1752178331627,24.1,2025-07-10 20:12:11.627,52.3,"Denali.csv"
"2149",1752185587624,23.7,2025-07-10 22:13:07.624,51.7,"Denali.csv"
"2150",1752192844169,23.4,2025-07-11 00:14:04.169,51,"Denali.csv"
"2151",1752200104051,23,2025-07-11 02:15:04.051,50.3,"Denali.csv"
"2152",1752207364140,22.7,2025-07-11 04:16:04.14,49.2,"Denali.csv"
"2153",1752214623604,22.7,2025-07-11 06:17:03.604,48.8,"Denali.csv"
"2154",1752221885639,23.4,2025-07-11 08:18:05.639,52,"Denali.csv"
"2155",1752229143552,23.9,2025-07-11 10:19:03.552,52,"Denali.csv"
"2156",1752243660778,24.1,2025-07-11 14:21:00.778,51.1,"Denali.csv"
"2157",1752258182142,24,2025-07-11 18:23:02.142,50.6,"Denali.csv"
"2158",1752265443422,23.9,2025-07-11 20:24:03.422,50.4,"Denali.csv"
"2159",1752272703616,23.9,2025-07-11 22:25:03.616,50.3,"Denali.csv"
"2160",1752279966926,23.8,2025-07-12 00:26:06.926,50.3,"Denali.csv"
"2161",1752287224284,23.8,2025-07-12 02:27:04.284,50.4,"Denali.csv"
"2162",1752294483329,23.7,2025-07-12 04:28:03.329,50.3,"Denali.csv"
"2163",1752301744472,23.7,2025-07-12 06:29:04.472,50.4,"Denali.csv"
"2164",1752309003593,23.6,2025-07-12 08:30:03.593,50.5,"Denali.csv"
"2165",1752316264185,23.7,2025-07-12 10:31:04.185,50.7,"Denali.csv"
"2166",1752323523832,23.7,2025-07-12 12:32:03.832,51,"Denali.csv"
"2167",1752330794094,23.7,2025-07-12 14:33:14.094,51.2,"Denali.csv"
"2168",1752338043507,23.7,2025-07-12 16:34:03.507,51.4,"Denali.csv"
"2169",1752345303735,23.6,2025-07-12 18:35:03.735,51.6,"Denali.csv"
"2170",1752352563663,23.5,2025-07-12 20:36:03.663,51.8,"Denali.csv"
"2171",1752359834028,23.5,2025-07-12 22:37:14.028,52.1,"Denali.csv"
"2172",1752367088114,23.4,2025-07-13 00:38:08.114,52.1,"Denali.csv"
"2173",1752374344549,23.4,2025-07-13 02:39:04.549,52.2,"Denali.csv"
"2174",1752381604039,23.3,2025-07-13 04:40:04.039,52.2,"Denali.csv"
"2175",1752388863694,23.4,2025-07-13 06:41:03.694,52.3,"Denali.csv"
"2176",1752396123855,23.4,2025-07-13 08:42:03.855,52.7,"Denali.csv"
"2177",1752403382808,23.7,2025-07-13 10:43:02.808,53.1,"Denali.csv"
"2178",1752410643521,23.8,2025-07-13 12:44:03.521,53,"Denali.csv"
"2179",1752425162384,23.9,2025-07-13 16:46:02.384,52.7,"Denali.csv"
"2180",1752432423303,23.8,2025-07-13 18:47:03.303,52.6,"Denali.csv"
"2181",1752439684020,23.7,2025-07-13 20:48:04.02,52.8,"Denali.csv"
"2182",1752446947330,23.7,2025-07-13 22:49:07.33,53.1,"Denali.csv"
"2183",1752454203863,23.6,2025-07-14 00:50:03.863,53.2,"Denali.csv"
"2184",1752461463395,23.6,2025-07-14 02:51:03.395,53.3,"Denali.csv"
"2185",1752468723487,23.6,2025-07-14 04:52:03.487,53.3,"Denali.csv"
"2186",1752475984290,23.6,2025-07-14 06:53:04.29,53.4,"Denali.csv"
"2187",1752483245906,23.8,2025-07-14 08:54:05.906,53.5,"Denali.csv"
"2188",1752490504090,24.2,2025-07-14 10:55:04.09,53.3,"Denali.csv"
"2189",1752497763486,24.6,2025-07-14 12:56:03.486,53.1,"Denali.csv"
"2190",1752505023376,24.7,2025-07-14 14:57:03.376,52.6,"Denali.csv"
"2191",1752512284405,24.6,2025-07-14 16:58:04.405,52.5,"Denali.csv"
"2192",1752519544130,24.5,2025-07-14 18:59:04.13,52.4,"Denali.csv"
"2193",1752534064788,24.4,2025-07-14 23:01:04.788,52.6,"Denali.csv"
"2194",1752541324994,24.4,2025-07-15 01:02:04.994,53.1,"Denali.csv"
"2195",1752548583507,24.4,2025-07-15 03:03:03.507,53.4,"Denali.csv"
"2196",1752555843673,24.3,2025-07-15 05:04:03.673,53.7,"Denali.csv"
"2197",1752563103065,24.3,2025-07-15 07:05:03.065,53.8,"Denali.csv"
"2198",1752570363877,24.4,2025-07-15 09:06:03.877,53.9,"Denali.csv"
"2199",1752577623032,24.5,2025-07-15 11:07:03.032,54,"Denali.csv"
"2200",1752584885004,24.5,2025-07-15 13:08:05.004,53.9,"Denali.csv"
"2201",1752592145033,24.7,2025-07-15 15:09:05.033,53.7,"Denali.csv"
"2202",1752599403929,24.6,2025-07-15 17:10:03.929,53.3,"Denali.csv"
"2203",1752606663558,24.5,2025-07-15 19:11:03.558,53.2,"Denali.csv"
"2204",1752613923495,24.4,2025-07-15 21:12:03.495,53.2,"Denali.csv"
"2205",1752628441617,24.2,2025-07-16 01:14:01.617,52.9,"Denali.csv"
"2206",1752635705783,24.1,2025-07-16 03:15:05.783,52.8,"Denali.csv"
"2207",1752642964352,24.1,2025-07-16 05:16:04.352,52.7,"Denali.csv"
"2208",1752650223907,24.1,2025-07-16 07:17:03.907,52.6,"Denali.csv"
"2209",1752657484379,24.2,2025-07-16 09:18:04.379,52.3,"Denali.csv"
"2210",1752664745358,24.4,2025-07-16 11:19:05.358,52.3,"Denali.csv"
"2211",1752672003502,24.4,2025-07-16 13:20:03.502,51.3,"Denali.csv"
"2212",1752679263870,24.3,2025-07-16 15:21:03.87,51.1,"Denali.csv"
"2213",1752686524106,24.3,2025-07-16 17:22:04.106,51.1,"Denali.csv"
"2214",1752701042354,24.1,2025-07-16 21:24:02.354,51.3,"Denali.csv"
"2215",1752708304160,24,2025-07-16 23:25:04.16,51.4,"Denali.csv"
"2216",1752715565338,23.9,2025-07-17 01:26:05.338,51.3,"Denali.csv"
"2217",1752722822984,23.8,2025-07-17 03:27:02.984,51.4,"Denali.csv"
"2218",1752730086545,23.7,2025-07-17 05:28:06.545,51.3,"Denali.csv"
"2219",1752737343570,23.8,2025-07-17 07:29:03.57,51.3,"Denali.csv"
"2220",1752744603646,23.8,2025-07-17 09:30:03.646,51.4,"Denali.csv"
"2221",1752766381160,23.6,2025-07-17 15:33:01.16,52.2,"Denali.csv"
"2222",1752773644261,23.6,2025-07-17 17:34:04.261,52.7,"Denali.csv"
"2223",1752780904143,23.5,2025-07-17 19:35:04.143,53.2,"Denali.csv"
"2224",1752788164066,23.5,2025-07-17 21:36:04.066,53.4,"Denali.csv"
"2225",1752795423904,23.4,2025-07-17 23:37:03.904,53.5,"Denali.csv"
"2226",1752802683637,23.3,2025-07-18 01:38:03.637,53.5,"Denali.csv"
"2227",1752809944187,23.3,2025-07-18 03:39:04.187,53.6,"Denali.csv"
"2228",1752817203640,23.3,2025-07-18 05:40:03.64,53.7,"Denali.csv"
"2229",1752824463565,23.4,2025-07-18 07:41:03.565,53.8,"Denali.csv"
"2230",1752831724367,23.6,2025-07-18 09:42:04.367,53.9,"Denali.csv"
"2231",1752838983878,23.8,2025-07-18 11:43:03.878,53.6,"Denali.csv"
"2232",1752846243701,23.9,2025-07-18 13:44:03.701,53.4,"Denali.csv"
"2233",1752853503129,23.9,2025-07-18 15:45:03.129,53.3,"Denali.csv"
"2234",1752860763890,23.9,2025-07-18 17:46:03.89,53.2,"Denali.csv"
"2235",1752868024261,23.8,2025-07-18 19:47:04.261,53.2,"Denali.csv"
"2236",1752875294396,23.7,2025-07-18 21:48:14.396,53.3,"Denali.csv"
"2237",1752882543443,23.7,2025-07-18 23:49:03.443,53.4,"Denali.csv"
"2238",1752889803683,23.7,2025-07-19 01:50:03.683,53.6,"Denali.csv"
"2239",1752897064813,23.6,2025-07-19 03:51:04.813,53.8,"Denali.csv"
"2240",1752904324231,23.7,2025-07-19 05:52:04.231,53.9,"Denali.csv"
"2241",1752911583999,23.8,2025-07-19 07:53:03.999,53.9,"Denali.csv"
"2242",1752918845952,24,2025-07-19 09:54:05.952,53.9,"Denali.csv"
"2243",1752926106216,24.5,2025-07-19 11:55:06.216,53.8,"Denali.csv"
"2244",1752933365186,24.8,2025-07-19 13:56:05.186,53.3,"Denali.csv"
"2245",1752940624392,24.7,2025-07-19 15:57:04.392,53,"Denali.csv"
"2246",1752947885830,24.6,2025-07-19 17:58:05.83,53,"Denali.csv"
"2247",1752962402392,24.5,2025-07-19 22:00:02.392,53.1,"Denali.csv"
"2248",1752969664357,24.5,2025-07-20 00:01:04.357,53.1,"Denali.csv"
"2249",1752976923856,24.5,2025-07-20 02:02:03.856,53.2,"Denali.csv"
"2250",1752984183918,24.5,2025-07-20 04:03:03.918,53.3,"Denali.csv"
"2251",1752991443021,24.6,2025-07-20 06:04:03.021,53.5,"Denali.csv"
"2252",1752998704369,24.7,2025-07-20 08:05:04.369,53.7,"Denali.csv"
"2253",1753005963936,25.1,2025-07-20 10:06:03.936,53.9,"Denali.csv"
"2254",1753012083921,25.6,2025-07-20 11:48:03.921,53.7,"Denali.csv"
"2255",1753013226758,25.7,2025-07-20 12:07:06.758,53.7,"Denali.csv"
"2256",1753020483926,25.8,2025-07-20 14:08:03.926,53.1,"Denali.csv"
"2257",1753027746177,25.8,2025-07-20 16:09:06.177,53,"Denali.csv"
"2258",1753035004732,25.7,2025-07-20 18:10:04.732,53,"Denali.csv"
"2259",1753042287226,25.7,2025-07-20 20:11:27.226,53.5,"Denali.csv"
"2260",1753049525535,26.1,2025-07-20 22:12:05.535,55.4,"Denali.csv"
"2261",1753056784676,26.3,2025-07-21 00:13:04.676,56.5,"Denali.csv"
"2262",1753064044212,26.5,2025-07-21 02:14:04.212,57.3,"Denali.csv"
"2263",1753071303432,26.5,2025-07-21 04:15:03.432,57.8,"Denali.csv"
"2264",1753078564468,26.6,2025-07-21 06:16:04.468,58.4,"Denali.csv"
"2265",1753085824227,26.2,2025-07-21 08:17:04.227,59.4,"Denali.csv"
"2266",1753100343950,26.2,2025-07-21 12:19:03.95,59.2,"Denali.csv"
"2267",1753107603191,26.1,2025-07-21 14:20:03.191,59.6,"Denali.csv"
"2268",1753114864276,26,2025-07-21 16:21:04.276,59.8,"Denali.csv"
"2269",1753129383830,24.8,2025-07-21 20:23:03.83,57.2,"Denali.csv"
"2270",1753136644085,25.1,2025-07-21 22:24:04.085,57.6,"Denali.csv"
"2271",1753143905643,25.3,2025-07-22 00:25:05.643,58.1,"Denali.csv"
"2272",1753151163717,25.3,2025-07-22 02:26:03.717,58.3,"Denali.csv"
"2273",1753158432133,25.3,2025-07-22 04:27:12.133,58.5,"Denali.csv"
"2274",1753165683779,25.3,2025-07-22 06:28:03.779,58.7,"Denali.csv"
"2275",1753172943589,25.4,2025-07-22 08:29:03.589,58.4,"Denali.csv"
"2276",1753180203149,25.5,2025-07-22 10:30:03.149,57.5,"Denali.csv"
"2277",1753192684133,24.9,2025-07-22 13:58:04.133,58.8,"Denali.csv"
"2278",1753194726229,24.7,2025-07-22 14:32:06.229,57.7,"Denali.csv"
"2279",1753201986309,24.5,2025-07-22 16:33:06.309,57.7,"Denali.csv"
"2280",1753216503474,24.3,2025-07-22 20:35:03.474,59.3,"Denali.csv"
"2281",1753223764155,24.5,2025-07-22 22:36:04.155,59.4,"Denali.csv"
"2282",1753231023204,24.7,2025-07-23 00:37:03.204,59.5,"Denali.csv"
"2283",1753238284001,24.7,2025-07-23 02:38:04.001,59.6,"Denali.csv"
"2284",1753245546180,24.6,2025-07-23 04:39:06.18,59.7,"Denali.csv"
"2285",1753252803682,24.6,2025-07-23 06:40:03.682,59.6,"Denali.csv"
"2286",1753260063623,24.4,2025-07-23 08:41:03.623,59.3,"Denali.csv"
"2287",1753267323610,24.4,2025-07-23 10:42:03.61,59.4,"Denali.csv"
"2288",1753274583856,24.4,2025-07-23 12:43:03.856,59.4,"Denali.csv"
"2289",1753281843611,24.4,2025-07-23 14:44:03.611,59.4,"Denali.csv"
"2290",1753289104507,24.3,2025-07-23 16:45:04.507,60,"Denali.csv"
"2291",1753296364064,24.2,2025-07-23 18:46:04.064,59.9,"Denali.csv"
"2292",1753303624169,24.2,2025-07-23 20:47:04.169,61.1,"Denali.csv"
"2293",1753310882774,24,2025-07-23 22:48:02.774,61.2,"Denali.csv"
"2294",1753318143834,23.9,2025-07-24 00:49:03.834,61.1,"Denali.csv"
"2295",1753325406107,23.6,2025-07-24 02:50:06.107,61,"Denali.csv"
"2296",1753332663674,23.5,2025-07-24 04:51:03.674,61,"Denali.csv"
"2297",1753339924244,23.5,2025-07-24 06:52:04.244,60.4,"Denali.csv"
"2298",1753347183538,23.7,2025-07-24 08:53:03.538,61.4,"Denali.csv"
"2299",1753354442854,23.7,2025-07-24 10:54:02.854,62.1,"Denali.csv"
"2300",1753361703689,23.8,2025-07-24 12:55:03.689,62,"Denali.csv"
"2301",1753368963941,24,2025-07-24 14:56:03.941,61.8,"Denali.csv"
"2302",1753376225698,24,2025-07-24 16:57:05.698,62.8,"Denali.csv"
"2303",1753383488080,24,2025-07-24 18:58:08.08,62.8,"Denali.csv"
"2304",1753398000883,24.3,2025-07-24 23:00:00.883,62.9,"Denali.csv"
"2305",1753405263395,24.3,2025-07-25 01:01:03.395,63,"Denali.csv"
"2306",1753412524070,24.3,2025-07-25 03:02:04.07,63.1,"Denali.csv"
"2307",1753419784684,24.1,2025-07-25 05:03:04.684,63.2,"Denali.csv"
"2308",1753427043338,24.1,2025-07-25 07:04:03.338,63.3,"Denali.csv"
"2309",1753434304069,24.3,2025-07-25 09:05:04.069,63.3,"Denali.csv"
"2310",1753441563774,24.5,2025-07-25 11:06:03.774,63.7,"Denali.csv"
"2311",1753448823734,24.7,2025-07-25 13:07:03.734,63.9,"Denali.csv"
"2312",1753456083617,24.9,2025-07-25 15:08:03.617,64.6,"Denali.csv"
"2313",1753463344231,24.9,2025-07-25 17:09:04.231,64.8,"Denali.csv"
"2314",1753470606614,24.7,2025-07-25 19:10:06.614,65.1,"Denali.csv"
"2315",1753477864031,24.7,2025-07-25 21:11:04.031,65.1,"Denali.csv"
"2316",1753485124058,24.9,2025-07-25 23:12:04.058,66.1,"Denali.csv"
"2317",1753492383634,25,2025-07-26 01:13:03.634,66.4,"Denali.csv"
"2318",1753499645021,25.1,2025-07-26 03:14:05.021,66.7,"Denali.csv"
"2319",1753506904672,25.1,2025-07-26 05:15:04.672,67.1,"Denali.csv"
"2320",1753514163261,24.8,2025-07-26 07:16:03.261,65,"Denali.csv"
"2321",1753517404977,24.2,2025-07-26 08:10:04.977,62.8,"Denali.csv"
"2322",1753521425096,24,2025-07-26 09:17:05.096,61.6,"Denali.csv"
"2323",1753526464417,24.5,2025-07-26 10:41:04.417,63.5,"Denali.csv"
"2324",1753535944676,24.4,2025-07-26 13:19:04.676,64,"Denali.csv"
"2325",1753543204201,24.5,2025-07-26 15:20:04.201,62.8,"Denali.csv"
"2326",1753550464064,24.5,2025-07-26 17:21:04.064,62.6,"Denali.csv"
"2327",1753557724005,24.3,2025-07-26 19:22:04.005,62,"Denali.csv"
"2328",1753564983560,24.2,2025-07-26 21:23:03.56,61.5,"Denali.csv"
"2329",1753572246293,24,2025-07-26 23:24:06.293,61.2,"Denali.csv"
"2330",1753579504935,23.9,2025-07-27 01:25:04.935,60.8,"Denali.csv"
"2331",1753586765592,24,2025-07-27 03:26:05.592,61.6,"Denali.csv"
"2332",1753594023926,24.3,2025-07-27 05:27:03.926,63,"Denali.csv"
"2333",1753601283425,24.7,2025-07-27 07:28:03.425,64,"Denali.csv"
"2334",1753608543300,25,2025-07-27 09:29:03.3,63.4,"Denali.csv"
"2335",1753615686968,25.2,2025-07-27 11:28:06.968,58.4,"Denali.csv"
"2336",1753615806939,25.2,2025-07-27 11:30:06.939,58.2,"Denali.csv"
"2337",1753623063827,25.2,2025-07-27 13:31:03.827,59.8,"Denali.csv"
"2338",1753630323737,25.1,2025-07-27 15:32:03.737,60.2,"Denali.csv"
"2339",1753637583242,24.9,2025-07-27 17:33:03.242,60.1,"Denali.csv"
"2340",1753644843473,24.8,2025-07-27 19:34:03.473,60.4,"Denali.csv"
"2341",1753652104824,25,2025-07-27 21:35:04.824,62.4,"Denali.csv"
"2342",1753659367432,25.2,2025-07-27 23:36:07.432,64.2,"Denali.csv"
"2343",1753666624065,25.3,2025-07-28 01:37:04.065,65,"Denali.csv"
"2344",1753673883873,25.3,2025-07-28 03:38:03.873,65.4,"Denali.csv"
"2345",1753681143406,25.3,2025-07-28 05:39:03.406,66,"Denali.csv"
"2346",1753686844339,24.8,2025-07-28 07:14:04.339,64,"Denali.csv"
"2347",1753688227142,24.3,2025-07-28 07:37:07.142,63.6,"Denali.csv"
"2348",1753688405925,24.3,2025-07-28 07:40:05.925,63.5,"Denali.csv"
"2349",1753695666272,24.2,2025-07-28 09:41:06.272,63.3,"Denali.csv"
"2350",1753700404235,24.7,2025-07-28 11:00:04.235,62.9,"Denali.csv"
"2351",1753702928507,24.9,2025-07-28 11:42:08.507,62.6,"Denali.csv"
"2352",1753710183754,25,2025-07-28 13:43:03.754,62.8,"Denali.csv"
"2353",1753717443619,25,2025-07-28 15:44:03.619,62.5,"Denali.csv"
"2354",1753724703942,25,2025-07-28 17:45:03.942,62.1,"Denali.csv"
"2355",1753731965354,24.8,2025-07-28 19:46:05.354,61.4,"Denali.csv"
"2356",1753739223158,25,2025-07-28 21:47:03.158,62.6,"Denali.csv"
"2357",1753746483840,25.1,2025-07-28 23:48:03.84,63.1,"Denali.csv"
"2358",1753753743572,25,2025-07-29 01:49:03.572,63.5,"Denali.csv"
"2359",1753761004353,24.9,2025-07-29 03:50:04.353,63.8,"Denali.csv"
"2360",1753765984934,24.4,2025-07-29 05:13:04.934,60.3,"Denali.csv"
"2361",1753768269400,24.3,2025-07-29 05:51:09.4,59.9,"Denali.csv"
"2362",1753782780604,24.7,2025-07-29 09:53:00.604,59.8,"Denali.csv"
"2363",1753790043649,24.9,2025-07-29 11:54:03.649,58.8,"Denali.csv"
"2364",1753797304562,25.1,2025-07-29 13:55:04.562,57.8,"Denali.csv"
"2365",1753804563803,25,2025-07-29 15:56:03.803,57.6,"Denali.csv"
"2366",1753811825598,24.8,2025-07-29 17:57:05.598,57.8,"Denali.csv"
"2367",1753819083640,24.8,2025-07-29 19:58:03.64,59.2,"Denali.csv"
"2368",1753826343498,24.8,2025-07-29 21:59:03.498,59.6,"Denali.csv"
"2369",1753833603494,24.8,2025-07-30 00:00:03.494,60.1,"Denali.csv"
"2370",1753840867107,24.7,2025-07-30 02:01:07.107,60.4,"Denali.csv"
"2371",1753848124353,24.7,2025-07-30 04:02:04.353,60.7,"Denali.csv"
"2372",1753855382968,24.7,2025-07-30 06:03:02.968,60.9,"Denali.csv"
"2373",1753869899896,24.9,2025-07-30 10:04:59.896,58,"Denali.csv"
"2374",1753877164239,25.1,2025-07-30 12:06:04.239,55.5,"Denali.csv"
"2375",1753884423405,25.2,2025-07-30 14:07:03.405,53.8,"Denali.csv"
"2376",1753891683793,25,2025-07-30 16:08:03.793,53.2,"Denali.csv"
"2377",1753898943914,24.9,2025-07-30 18:09:03.914,53.6,"Denali.csv"
"2378",1753920720815,24.9,2025-07-31 00:12:00.815,56.2,"Denali.csv"
"2379",1753927988087,24.9,2025-07-31 02:13:08.087,56.9,"Denali.csv"
"2380",1753935247491,24.8,2025-07-31 04:14:07.491,57.4,"Denali.csv"
"2381",1753942504221,24.8,2025-07-31 06:15:04.221,57.8,"Denali.csv"
"2382",1753949764116,24.5,2025-07-31 08:16:04.116,56.3,"Denali.csv"
"2383",1753957022856,24.4,2025-07-31 10:17:02.856,56.4,"Denali.csv"
"2384",1753971543980,24.4,2025-07-31 14:19:03.98,59.1,"Denali.csv"
"2385",1753978804859,24.7,2025-07-31 16:20:04.859,59.2,"Denali.csv"
"2386",1753986064721,24.5,2025-07-31 18:21:04.721,60.1,"Denali.csv"
"2387",1754000584514,24.3,2025-07-31 22:23:04.514,59.8,"Denali.csv"
"2388",1754007843705,24.4,2025-08-01 00:24:03.705,60,"Denali.csv"
"2389",1754022360382,24.3,2025-08-01 04:26:00.382,60.1,"Denali.csv"
"2390",1754036881796,24.2,2025-08-01 08:28:01.796,59.2,"Denali.csv"
"2391",1754044143688,24.2,2025-08-01 10:29:03.688,59,"Denali.csv"
"2392",1754051403234,24.1,2025-08-01 12:30:03.234,58.8,"Denali.csv"
"2393",1754058664206,24.2,2025-08-01 14:31:04.206,58.9,"Denali.csv"
"2394",1754073182915,24.1,2025-08-01 18:33:02.915,59,"Denali.csv"
"2395",1754080444668,23.9,2025-08-01 20:34:04.668,60,"Denali.csv"
"2396",1754087703685,24.1,2025-08-01 22:35:03.685,60,"Denali.csv"
"2397",1754116734481,24,2025-08-02 06:38:54.481,60.7,"Denali.csv"
"2398",1754123944679,24,2025-08-02 08:39:04.679,60.2,"Denali.csv"
"2399",1754145725780,24.5,2025-08-02 14:42:05.78,57.6,"Denali.csv"
"2400",1754152984448,24.3,2025-08-02 16:43:04.448,56,"Denali.csv"
"2401",1754160244482,24.3,2025-08-02 18:44:04.482,56.2,"Denali.csv"
"2402",1754167505661,24.1,2025-08-02 20:45:05.661,55.6,"Denali.csv"
"2403",1754174765103,24,2025-08-02 22:46:05.103,55.4,"Denali.csv"
"2404",1754182023064,23.8,2025-08-03 00:47:03.064,55.4,"Denali.csv"
"2405",1754189284528,23.7,2025-08-03 02:48:04.528,56,"Denali.csv"
"2406",1754196542953,23.8,2025-08-03 04:49:02.953,56.8,"Denali.csv"
"2407",1754203804340,23.9,2025-08-03 06:50:04.34,57.6,"Denali.csv"
"2408",1754211063714,24,2025-08-03 08:51:03.714,58.1,"Denali.csv"
"2409",1754218324507,23.9,2025-08-03 10:52:04.507,56.2,"Denali.csv"
"2410",1754225583715,23.7,2025-08-03 12:53:03.715,55.8,"Denali.csv"
"2411",1754232845312,23.4,2025-08-03 14:54:05.312,55,"Denali.csv"
"2412",1754240103447,23.1,2025-08-03 16:55:03.447,54.9,"Denali.csv"
"2413",1754245386810,22.5,2025-08-03 18:23:06.81,55.2,"Denali.csv"
"2414",1754247366527,22.7,2025-08-03 18:56:06.527,55,"Denali.csv"
"2415",1754254623345,22.8,2025-08-03 20:57:03.345,56.3,"Denali.csv"
"2416",1754269140186,23.4,2025-08-04 00:59:00.186,59.4,"Denali.csv"
"2417",1754276404028,23.3,2025-08-04 03:00:04.028,60.3,"Denali.csv"
"2418",1754283663917,23.3,2025-08-04 05:01:03.917,61.1,"Denali.csv"
"2419",1754290924760,23.3,2025-08-04 07:02:04.76,62.2,"Denali.csv"
"2420",1754295006067,22.8,2025-08-04 08:10:06.067,62.1,"Denali.csv"
"2421",1754295248274,22.2,2025-08-04 08:14:08.274,63.4,"Denali.csv"
"2422",1754298184500,22.4,2025-08-04 09:03:04.5,63.6,"Denali.csv"
"2423",1754302624197,21.9,2025-08-04 10:17:04.197,64.9,"Denali.csv"
"2424",1754305446043,21.9,2025-08-04 11:04:06.043,65.3,"Denali.csv"
"2425",1754307005549,22.4,2025-08-04 11:30:05.549,64.8,"Denali.csv"
"2426",1754312704341,22.9,2025-08-04 13:05:04.341,63.8,"Denali.csv"
"2427",1754319965700,23.3,2025-08-04 15:06:05.7,63.2,"Denali.csv"
"2428",1754327222818,23.5,2025-08-04 17:07:02.818,63.7,"Denali.csv"
"2429",1754334484503,23.6,2025-08-04 19:08:04.503,66,"Denali.csv"
"2430",1754341756567,23.2,2025-08-04 21:09:16.567,63.7,"Denali.csv"
"2431",1754349003169,23.4,2025-08-04 23:10:03.169,64.8,"Denali.csv"
"2432",1754356263351,23.5,2025-08-05 01:11:03.351,65.4,"Denali.csv"
"2433",1754363523412,23.4,2025-08-05 03:12:03.412,65.4,"Denali.csv"
"2434",1754370784314,23.4,2025-08-05 05:13:04.314,65.6,"Denali.csv"
"2435",1754378044042,23.5,2025-08-05 07:14:04.042,66.2,"Denali.csv"
"2436",1754385303204,23.5,2025-08-05 09:15:03.204,65.9,"Denali.csv"
"2437",1754392564050,23.4,2025-08-05 11:16:04.05,65.4,"Denali.csv"
"2438",1754399823361,23.3,2025-08-05 13:17:03.361,64.3,"Denali.csv"
"2439",1754407083708,23.3,2025-08-05 15:18:03.708,63.8,"Denali.csv"
"2440",1754414343227,23.2,2025-08-05 17:19:03.227,61.8,"Denali.csv"
"2441",1754421602871,23.1,2025-08-05 19:20:02.871,61.1,"Denali.csv"
"2442",1754428863743,23.2,2025-08-05 21:21:03.743,62,"Denali.csv"
"2443",1754436124442,23.4,2025-08-05 23:22:04.442,63.3,"Denali.csv"
"2444",1754443384392,23.6,2025-08-06 01:23:04.392,64.2,"Denali.csv"
"2445",1754450643398,23.6,2025-08-06 03:24:03.398,65.1,"Denali.csv"
"2446",1754457914168,23.6,2025-08-06 05:25:14.168,65.5,"Denali.csv"
"2447",1754465163862,23.5,2025-08-06 07:26:03.862,63.3,"Denali.csv"
"2448",1754472422454,23.3,2025-08-06 09:27:02.454,58.6,"Denali.csv"
"2449",1754479684262,23.6,2025-08-06 11:28:04.262,58.5,"Denali.csv"
"2450",1754486943542,23.9,2025-08-06 13:29:03.542,57.9,"Denali.csv"
"2451",1754494203573,23.7,2025-08-06 15:30:03.573,56.5,"Denali.csv"
"2452",1754501463302,23.6,2025-08-06 17:31:03.302,56.5,"Denali.csv"
"2453",1754508723954,23.3,2025-08-06 19:32:03.954,55.9,"Denali.csv"
"2454",1754515985223,23.2,2025-08-06 21:33:05.223,56.7,"Denali.csv"
"2455",1754523254149,23.3,2025-08-06 23:34:14.149,57.8,"Denali.csv"
"2456",1754530505233,23.4,2025-08-07 01:35:05.233,58.6,"Denali.csv"
"2457",1754537764041,23.4,2025-08-07 03:36:04.041,59.1,"Denali.csv"
"2458",1754545023920,23.4,2025-08-07 05:37:03.92,59.6,"Denali.csv"
"2459",1754552283603,23.4,2025-08-07 07:38:03.603,58.5,"Denali.csv"
"2460",1754559543788,23.6,2025-08-07 09:39:03.788,57.8,"Denali.csv"
"2461",1754566804438,23.9,2025-08-07 11:40:04.438,56.9,"Denali.csv"
"2462",1754574064000,24.2,2025-08-07 13:41:04,55.7,"Denali.csv"
"2463",1754581325224,24.1,2025-08-07 15:42:05.224,51.9,"Denali.csv"
"2464",1754588584405,23.9,2025-08-07 17:43:04.405,51.7,"Denali.csv"
"2465",1754595844055,23.9,2025-08-07 19:44:04.055,52.7,"Denali.csv"
"2466",1754603103238,24.1,2025-08-07 21:45:03.238,54.6,"Denali.csv"
"2467",1754610362929,24.1,2025-08-07 23:46:02.929,55.9,"Denali.csv"
"2468",1754617623773,24.1,2025-08-08 01:47:03.773,56.8,"Denali.csv"
"2469",1754624883923,24.2,2025-08-08 03:48:03.923,57.5,"Denali.csv"
"2470",1754632144316,23.9,2025-08-08 05:49:04.316,56,"Denali.csv"
"2471",1754639404305,24,2025-08-08 07:50:04.305,55.6,"Denali.csv"
"2472",1754646667156,24.4,2025-08-08 09:51:07.156,55.5,"Denali.csv"
"2473",1754653384036,24.9,2025-08-08 11:43:04.036,56.2,"Denali.csv"
"2474",1754653928031,24.9,2025-08-08 11:52:08.031,56.2,"Denali.csv"
"2475",1754661185704,25.1,2025-08-08 13:53:05.704,56.3,"Denali.csv"
"2476",1754668443735,25,2025-08-08 15:54:03.735,56.5,"Denali.csv"
"2477",1754675703859,24.9,2025-08-08 17:55:03.859,57.3,"Denali.csv"
"2478",1754682963627,24.7,2025-08-08 19:56:03.627,57.6,"Denali.csv"
"2479",1754697481992,24.8,2025-08-08 23:58:01.992,58.8,"Denali.csv"
"2480",1754704744242,25,2025-08-09 01:59:04.242,59.7,"Denali.csv"
"2481",1754712004384,25.1,2025-08-09 04:00:04.384,60.5,"Denali.csv"
"2482",1754719264669,25.1,2025-08-09 06:01:04.669,61,"Denali.csv"
"2483",1754726523394,25.3,2025-08-09 08:02:03.394,59.7,"Denali.csv"
"2484",1754733783982,25.5,2025-08-09 10:03:03.982,56.1,"Denali.csv"
"2485",1754740084240,26.1,2025-08-09 11:48:04.24,53.7,"Denali.csv"
"2486",1754741048350,26.2,2025-08-09 12:04:08.35,53.2,"Denali.csv"
"2487",1754748304312,26.7,2025-08-09 14:05:04.312,51.2,"Denali.csv"
"2488",1754755562796,26.7,2025-08-09 16:06:02.796,50.4,"Denali.csv"
"2489",1754762824439,26.3,2025-08-09 18:07:04.439,54.4,"Denali.csv"
"2490",1754770083671,26,2025-08-09 20:08:03.671,56.4,"Denali.csv"
"2491",1754777343648,25.8,2025-08-09 22:09:03.648,56.9,"Denali.csv"
"2492",1754784604677,26,2025-08-10 00:10:04.677,58,"Denali.csv"
"2493",1754791874567,26.2,2025-08-10 02:11:14.567,59.2,"Denali.csv"
"2494",1754799123322,26.3,2025-08-10 04:12:03.322,59.9,"Denali.csv"
"2495",1754806390736,26.3,2025-08-10 06:13:10.736,60.3,"Denali.csv"
"2496",1754820361242,25.6,2025-08-10 10:06:01.242,54,"Denali.csv"
"2497",1754820908491,25.6,2025-08-10 10:15:08.491,54,"Denali.csv"
"2498",1754828163463,26,2025-08-10 12:16:03.463,54.3,"Denali.csv"
"2499",1754835423980,26.1,2025-08-10 14:17:03.98,54,"Denali.csv"
"2500",1754842684616,26,2025-08-10 16:18:04.616,53.9,"Denali.csv"
"2501",1754849944158,25.9,2025-08-10 18:19:04.158,53.8,"Denali.csv"
"2502",1754857203036,25.9,2025-08-10 20:20:03.036,54.1,"Denali.csv"
"2503",1754864464120,26,2025-08-10 22:21:04.12,55.2,"Denali.csv"
"2504",1754871723625,26,2025-08-11 00:22:03.625,56.1,"Denali.csv"
"2505",1754878984019,25.9,2025-08-11 02:23:04.019,56.7,"Denali.csv"
"2506",1754886244512,25.8,2025-08-11 04:24:04.512,57.1,"Denali.csv"
"2507",1754893503805,25.8,2025-08-11 06:25:03.805,57.6,"Denali.csv"
"2508",1750244698170,28.3,2025-06-18 11:04:58.17,55.9,"Dhaulagiri.csv"
"2509",1750245183085,27.2,2025-06-18 11:13:03.085,52.8,"Dhaulagiri.csv"
"2510",1750245483768,26.7,2025-06-18 11:18:03.768,51.9,"Dhaulagiri.csv"
"2511",1750246264780,26.2,2025-06-18 11:31:04.78,50.2,"Dhaulagiri.csv"
"2512",1750248123536,25.6,2025-06-18 12:02:03.536,48.8,"Dhaulagiri.csv"
"2513",1750252083771,25.6,2025-06-18 13:08:03.771,48.2,"Dhaulagiri.csv"
"2514",1750259351255,26,2025-06-18 15:09:11.255,47.5,"Dhaulagiri.csv"
"2515",1750266601832,26.2,2025-06-18 17:10:01.832,47.2,"Dhaulagiri.csv"
"2516",1750273861856,26.2,2025-06-18 19:11:01.856,46,"Dhaulagiri.csv"
"2517",1750281121938,26,2025-06-18 21:12:01.938,45.9,"Dhaulagiri.csv"
"2518",1750288381892,25.9,2025-06-18 23:13:01.892,46,"Dhaulagiri.csv"
"2519",1750295639336,25.7,2025-06-19 01:13:59.336,46,"Dhaulagiri.csv"
"2520",1750302901524,25.2,2025-06-19 03:15:01.524,45.9,"Dhaulagiri.csv"
"2521",1750308061910,24.7,2025-06-19 04:41:01.91,44.6,"Dhaulagiri.csv"
"2522",1750310171831,24.7,2025-06-19 05:16:11.831,44.8,"Dhaulagiri.csv"
"2523",1750312564264,24.1,2025-06-19 05:56:04.264,44.1,"Dhaulagiri.csv"
"2524",1750313524186,23.6,2025-06-19 06:12:04.186,44.1,"Dhaulagiri.csv"
"2525",1750315143405,23.1,2025-06-19 06:39:03.405,44,"Dhaulagiri.csv"
"2526",1750317423198,23.2,2025-06-19 07:17:03.198,44.5,"Dhaulagiri.csv"
"2527",1750324081485,23.7,2025-06-19 09:08:01.485,45.1,"Dhaulagiri.csv"
"2528",1750324683247,23.7,2025-06-19 09:18:03.247,45,"Dhaulagiri.csv"
"2529",1750331941641,24.2,2025-06-19 11:19:01.641,45.1,"Dhaulagiri.csv"
"2530",1750339201822,24.6,2025-06-19 13:20:01.822,44.8,"Dhaulagiri.csv"
"2531",1750346461849,24.9,2025-06-19 15:21:01.849,43.5,"Dhaulagiri.csv"
"2532",1750353721915,24.7,2025-06-19 17:22:01.915,40.2,"Dhaulagiri.csv"
"2533",1750360982210,24.5,2025-06-19 19:23:02.21,38.7,"Dhaulagiri.csv"
"2534",1750368239830,24.2,2025-06-19 21:23:59.83,39.8,"Dhaulagiri.csv"
"2535",1750375501706,24.1,2025-06-19 23:25:01.706,41.9,"Dhaulagiri.csv"
"2536",1750382760766,24,2025-06-20 01:26:00.766,43.2,"Dhaulagiri.csv"
"2537",1750390020571,23.7,2025-06-20 03:27:00.571,43.6,"Dhaulagiri.csv"
"2538",1750397281275,23.3,2025-06-20 05:28:01.275,43.1,"Dhaulagiri.csv"
"2539",1750404541750,23,2025-06-20 07:29:01.75,42.9,"Dhaulagiri.csv"
"2540",1750411801879,23.2,2025-06-20 09:30:01.879,43,"Dhaulagiri.csv"
"2541",1750418642956,23.7,2025-06-20 11:24:02.956,42.1,"Dhaulagiri.csv"
"2542",1750419064363,23.7,2025-06-20 11:31:04.363,42,"Dhaulagiri.csv"
"2543",1750425722065,24.2,2025-06-20 13:22:02.065,41.3,"Dhaulagiri.csv"
"2544",1750426323927,24.3,2025-06-20 13:32:03.927,41.1,"Dhaulagiri.csv"
"2545",1750433580874,24.6,2025-06-20 15:33:00.874,39.7,"Dhaulagiri.csv"
"2546",1750440840827,24.6,2025-06-20 17:34:00.827,35.3,"Dhaulagiri.csv"
"2547",1750448101714,24.5,2025-06-20 19:35:01.714,35.5,"Dhaulagiri.csv"
"2548",1750454523820,24,2025-06-20 21:22:03.82,35.7,"Dhaulagiri.csv"
"2549",1750455363714,23.8,2025-06-20 21:36:03.714,35.3,"Dhaulagiri.csv"
"2550",1750458122994,23.3,2025-06-20 22:22:02.994,35.6,"Dhaulagiri.csv"
"2551",1750462622237,22.9,2025-06-20 23:37:02.237,37.3,"Dhaulagiri.csv"
"2552",1750469882307,22.7,2025-06-21 01:38:02.307,38.6,"Dhaulagiri.csv"
"2553",1750476901016,22.2,2025-06-21 03:35:01.016,39.8,"Dhaulagiri.csv"
"2554",1750477144387,22.2,2025-06-21 03:39:04.387,39.7,"Dhaulagiri.csv"
"2555",1750484401372,22,2025-06-21 05:40:01.372,41.6,"Dhaulagiri.csv"
"2556",1750491661630,22.2,2025-06-21 07:41:01.63,40.9,"Dhaulagiri.csv"
"2557",1750498921701,22.5,2025-06-21 09:42:01.701,40.9,"Dhaulagiri.csv"
"2558",1750503661478,23,2025-06-21 11:01:01.478,41,"Dhaulagiri.csv"
"2559",1750506183539,23.4,2025-06-21 11:43:03.539,41.5,"Dhaulagiri.csv"
"2560",1750510082659,23.9,2025-06-21 12:48:02.659,41.6,"Dhaulagiri.csv"
"2561",1750513442687,24.3,2025-06-21 13:44:02.687,41.9,"Dhaulagiri.csv"
"2562",1750517882686,24.8,2025-06-21 14:58:02.686,42.2,"Dhaulagiri.csv"
"2563",1750520703642,25.1,2025-06-21 15:45:03.642,42.4,"Dhaulagiri.csv"
"2564",1750527961940,25.6,2025-06-21 17:46:01.94,44.3,"Dhaulagiri.csv"
"2565",1750535222580,25.6,2025-06-21 19:47:02.58,42.5,"Dhaulagiri.csv"
"2566",1750542481663,25.2,2025-06-21 21:48:01.663,40.4,"Dhaulagiri.csv"
"2567",1750549742770,24.9,2025-06-21 23:49:02.77,40.4,"Dhaulagiri.csv"
"2568",1750555682038,24.3,2025-06-22 01:28:02.038,40.4,"Dhaulagiri.csv"
"2569",1750557003526,24.2,2025-06-22 01:50:03.526,40.7,"Dhaulagiri.csv"
"2570",1750564261026,24.3,2025-06-22 03:51:01.026,41.8,"Dhaulagiri.csv"
"2571",1750571520538,24.2,2025-06-22 05:52:00.538,42.4,"Dhaulagiri.csv"
"2572",1750578781596,24.2,2025-06-22 07:53:01.596,42.1,"Dhaulagiri.csv"
"2573",1750586042644,24.6,2025-06-22 09:54:02.644,42,"Dhaulagiri.csv"
"2574",1750589823841,25.1,2025-06-22 10:57:03.841,41.8,"Dhaulagiri.csv"
"2575",1750593305170,25.5,2025-06-22 11:55:05.17,42.1,"Dhaulagiri.csv"
"2576",1750597023966,26.1,2025-06-22 12:57:03.966,42,"Dhaulagiri.csv"
"2577",1750600442729,26.6,2025-06-22 13:54:02.729,41.9,"Dhaulagiri.csv"
"2578",1750600563639,26.6,2025-06-22 13:56:03.639,41.8,"Dhaulagiri.csv"
"2579",1750604941905,27.1,2025-06-22 15:09:01.905,41.8,"Dhaulagiri.csv"
"2580",1750607823835,27.4,2025-06-22 15:57:03.835,42,"Dhaulagiri.csv"
"2581",1750613821521,27.8,2025-06-22 17:37:01.521,37,"Dhaulagiri.csv"
"2582",1750615083718,28,2025-06-22 17:58:03.718,35.2,"Dhaulagiri.csv"
"2583",1750622344197,27.9,2025-06-22 19:59:04.197,35.5,"Dhaulagiri.csv"
"2584",1750629601828,27.4,2025-06-22 22:00:01.828,35.8,"Dhaulagiri.csv"
"2585",1750636862201,27,2025-06-23 00:01:02.201,36.3,"Dhaulagiri.csv"
"2586",1750644122382,26.5,2025-06-23 02:02:02.382,37.3,"Dhaulagiri.csv"
"2587",1750651381528,26.5,2025-06-23 04:03:01.528,39.2,"Dhaulagiri.csv"
"2588",1750657503006,26.3,2025-06-23 05:45:03.006,44.2,"Dhaulagiri.csv"
"2589",1750658643713,26.3,2025-06-23 06:04:03.713,44.5,"Dhaulagiri.csv"
"2590",1750661643392,25.8,2025-06-23 06:54:03.392,46.1,"Dhaulagiri.csv"
"2591",1750665903423,25.6,2025-06-23 08:05:03.423,45.4,"Dhaulagiri.csv"
"2592",1750671721397,26.1,2025-06-23 09:42:01.397,42.7,"Dhaulagiri.csv"
"2593",1750673163438,26.1,2025-06-23 10:06:03.438,42.4,"Dhaulagiri.csv"
"2594",1750680423698,26.3,2025-06-23 12:07:03.698,41.3,"Dhaulagiri.csv"
"2595",1750687682141,26.7,2025-06-23 14:08:02.141,40.3,"Dhaulagiri.csv"
"2596",1750694402022,26.2,2025-06-23 16:00:02.022,41.1,"Dhaulagiri.csv"
"2597",1750694944549,26.2,2025-06-23 16:09:04.549,41.4,"Dhaulagiri.csv"
"2598",1750697343221,25.7,2025-06-23 16:49:03.221,42.7,"Dhaulagiri.csv"
"2599",1750699083293,25.1,2025-06-23 17:18:03.293,42.9,"Dhaulagiri.csv"
"2600",1750702204156,24.8,2025-06-23 18:10:04.156,40.6,"Dhaulagiri.csv"
"2601",1750706042180,24.3,2025-06-23 19:14:02.18,39.1,"Dhaulagiri.csv"
"2602",1750707363992,23.8,2025-06-23 19:36:03.992,38.6,"Dhaulagiri.csv"
"2603",1750709462787,23.5,2025-06-23 20:11:02.787,38.7,"Dhaulagiri.csv"
"2604",1750715222460,24,2025-06-23 21:47:02.46,41.3,"Dhaulagiri.csv"
"2605",1750716723347,24.1,2025-06-23 22:12:03.347,41.7,"Dhaulagiri.csv"
"2606",1750723981889,24.3,2025-06-24 00:13:01.889,42.7,"Dhaulagiri.csv"
"2607",1750731242118,24.2,2025-06-24 02:14:02.118,42.8,"Dhaulagiri.csv"
"2608",1750738500546,24,2025-06-24 04:15:00.546,43.2,"Dhaulagiri.csv"
"2609",1750745761684,23.9,2025-06-24 06:16:01.684,42.8,"Dhaulagiri.csv"
"2610",1750753021380,23.8,2025-06-24 08:17:01.38,42.9,"Dhaulagiri.csv"
"2611",1750760281111,23.9,2025-06-24 10:18:01.111,42.7,"Dhaulagiri.csv"
"2612",1750767541612,24,2025-06-24 12:19:01.612,42.6,"Dhaulagiri.csv"
"2613",1750774801947,24.1,2025-06-24 14:20:01.947,42.6,"Dhaulagiri.csv"
"2614",1750782061698,24.4,2025-06-24 16:21:01.698,42.4,"Dhaulagiri.csv"
"2615",1750789321352,24.3,2025-06-24 18:22:01.352,43.6,"Dhaulagiri.csv"
"2616",1750796580961,24.3,2025-06-24 20:23:00.961,42.2,"Dhaulagiri.csv"
"2617",1750803838683,24.4,2025-06-24 22:23:58.683,43.9,"Dhaulagiri.csv"
"2618",1750811102809,24.4,2025-06-25 00:25:02.809,45.2,"Dhaulagiri.csv"
"2619",1750818365035,24.3,2025-06-25 02:26:05.035,46.8,"Dhaulagiri.csv"
"2620",1750825620861,24.3,2025-06-25 04:27:00.861,48.9,"Dhaulagiri.csv"
"2621",1750832882002,24,2025-06-25 06:28:02.002,49.2,"Dhaulagiri.csv"
"2622",1750840138161,23.8,2025-06-25 08:28:58.161,51.1,"Dhaulagiri.csv"
"2623",1750847395906,24,2025-06-25 10:29:55.906,52.9,"Dhaulagiri.csv"
"2624",1750852494259,24.5,2025-06-25 11:54:54.259,52.9,"Dhaulagiri.csv"
"2625",1750854602974,24.6,2025-06-25 12:30:02.974,52.3,"Dhaulagiri.csv"
"2626",1750861861512,24.9,2025-06-25 14:31:01.512,51.3,"Dhaulagiri.csv"
"2627",1750869121117,25.2,2025-06-25 16:32:01.117,50.6,"Dhaulagiri.csv"
"2628",1750876380507,25.4,2025-06-25 18:33:00.507,50,"Dhaulagiri.csv"
"2629",1750883641565,25.1,2025-06-25 20:34:01.565,48.8,"Dhaulagiri.csv"
"2630",1750890901916,24.7,2025-06-25 22:35:01.916,48.2,"Dhaulagiri.csv"
"2631",1750896663956,24.2,2025-06-26 00:11:03.956,48.1,"Dhaulagiri.csv"
"2632",1750898163893,24,2025-06-26 00:36:03.893,48,"Dhaulagiri.csv"
"2633",1750903802925,23.5,2025-06-26 02:10:02.925,48.4,"Dhaulagiri.csv"
"2634",1750905423567,23.4,2025-06-26 02:37:03.567,48.7,"Dhaulagiri.csv"
"2635",1750910044475,22.9,2025-06-26 03:54:04.475,49.4,"Dhaulagiri.csv"
"2636",1750912683283,22.5,2025-06-26 04:38:03.283,50.5,"Dhaulagiri.csv"
"2637",1750919941195,22.5,2025-06-26 06:39:01.195,51.4,"Dhaulagiri.csv"
"2638",1750924921182,23,2025-06-26 08:02:01.182,51.2,"Dhaulagiri.csv"
"2639",1750927203538,23.2,2025-06-26 08:40:03.538,50.8,"Dhaulagiri.csv"
"2640",1750933381640,23.7,2025-06-26 10:23:01.64,50.5,"Dhaulagiri.csv"
"2641",1750934463717,23.8,2025-06-26 10:41:03.717,50.6,"Dhaulagiri.csv"
"2642",1750939323386,24.3,2025-06-26 12:02:03.386,51.2,"Dhaulagiri.csv"
"2643",1750941736410,24.7,2025-06-26 12:42:16.41,51.4,"Dhaulagiri.csv"
"2644",1750944662846,25.2,2025-06-26 13:31:02.846,51.3,"Dhaulagiri.csv"
"2645",1750947784883,25.7,2025-06-26 14:23:04.883,51,"Dhaulagiri.csv"
"2646",1750948983829,25.8,2025-06-26 14:43:03.829,50.8,"Dhaulagiri.csv"
"2647",1750953123872,26.3,2025-06-26 15:52:03.872,50.2,"Dhaulagiri.csv"
"2648",1750956242402,26.8,2025-06-26 16:44:02.402,48.8,"Dhaulagiri.csv"
"2649",1750958642765,26.3,2025-06-26 17:24:02.765,54.1,"Dhaulagiri.csv"
"2650",1750962363404,25.8,2025-06-26 18:26:03.404,56,"Dhaulagiri.csv"
"2651",1750963504195,25.6,2025-06-26 18:45:04.195,55.8,"Dhaulagiri.csv"
"2652",1750968002708,25.1,2025-06-26 20:00:02.708,57.9,"Dhaulagiri.csv"
"2653",1750970762945,24.7,2025-06-26 20:46:02.945,59.3,"Dhaulagiri.csv"
"2654",1750978021956,24.6,2025-06-26 22:47:01.956,58.6,"Dhaulagiri.csv"
"2655",1750985281121,24.5,2025-06-27 00:48:01.121,58.1,"Dhaulagiri.csv"
"2656",1750992541448,24.2,2025-06-27 02:49:01.448,58.2,"Dhaulagiri.csv"
"2657",1750999802254,24.1,2025-06-27 04:50:02.254,58.4,"Dhaulagiri.csv"
"2658",1751007061708,24.1,2025-06-27 06:51:01.708,56.9,"Dhaulagiri.csv"
"2659",1751014320686,24.2,2025-06-27 08:52:00.686,55.5,"Dhaulagiri.csv"
"2660",1751021581720,24.2,2025-06-27 10:53:01.72,53.7,"Dhaulagiri.csv"
"2661",1751028841687,24.4,2025-06-27 12:54:01.687,53.4,"Dhaulagiri.csv"
"2662",1751036102312,24.5,2025-06-27 14:55:02.312,52.8,"Dhaulagiri.csv"
"2663",1751043359399,24.4,2025-06-27 16:55:59.399,52.2,"Dhaulagiri.csv"
"2664",1751050621400,24.2,2025-06-27 18:57:01.4,50.6,"Dhaulagiri.csv"
"2665",1751057880969,23.8,2025-06-27 20:58:00.969,50.1,"Dhaulagiri.csv"
"2666",1751065144436,23.7,2025-06-27 22:59:04.436,49.5,"Dhaulagiri.csv"
"2667",1751072401757,23.4,2025-06-28 01:00:01.757,49.3,"Dhaulagiri.csv"
"2668",1751079661278,23,2025-06-28 03:01:01.278,49.5,"Dhaulagiri.csv"
"2669",1751086920825,22.7,2025-06-28 05:02:00.825,50.1,"Dhaulagiri.csv"
"2670",1751094182894,22.7,2025-06-28 07:03:02.894,50.9,"Dhaulagiri.csv"
"2671",1751101444644,23.2,2025-06-28 09:04:04.644,52.9,"Dhaulagiri.csv"
"2672",1751105522520,23.7,2025-06-28 10:12:02.52,53.6,"Dhaulagiri.csv"
"2673",1751108702823,24.1,2025-06-28 11:05:02.823,53.5,"Dhaulagiri.csv"
"2674",1751111478635,24.6,2025-06-28 11:51:18.635,53.5,"Dhaulagiri.csv"
"2675",1751115362341,25.1,2025-06-28 12:56:02.341,53.2,"Dhaulagiri.csv"
"2676",1751115969460,25.1,2025-06-28 13:06:09.46,53,"Dhaulagiri.csv"
"2677",1751121304287,25.7,2025-06-28 14:35:04.287,52.4,"Dhaulagiri.csv"
"2678",1751123222408,25.8,2025-06-28 15:07:02.408,52,"Dhaulagiri.csv"
"2679",1751130482416,26.2,2025-06-28 17:08:02.416,52.1,"Dhaulagiri.csv"
"2680",1751137741042,26.4,2025-06-28 19:09:01.042,52.9,"Dhaulagiri.csv"
"2681",1751145002543,26.4,2025-06-28 21:10:02.543,54.6,"Dhaulagiri.csv"
"2682",1751152258937,26.5,2025-06-28 23:10:58.937,54.9,"Dhaulagiri.csv"
"2683",1751159522589,26.3,2025-06-29 01:12:02.589,54.8,"Dhaulagiri.csv"
"2684",1751166780597,26.1,2025-06-29 03:13:00.597,55.1,"Dhaulagiri.csv"
"2685",1751174041489,25.9,2025-06-29 05:14:01.489,56,"Dhaulagiri.csv"
"2686",1751181303091,25.8,2025-06-29 07:15:03.091,56.6,"Dhaulagiri.csv"
"2687",1751188561918,26.1,2025-06-29 09:16:01.918,57.1,"Dhaulagiri.csv"
"2688",1751195821575,26.4,2025-06-29 11:17:01.575,56.5,"Dhaulagiri.csv"
"2689",1751203020518,26.9,2025-06-29 13:17:00.518,56.1,"Dhaulagiri.csv"
"2690",1751203084109,26.9,2025-06-29 13:18:04.109,56,"Dhaulagiri.csv"
"2691",1751210343059,27.2,2025-06-29 15:19:03.059,54.2,"Dhaulagiri.csv"
"2692",1751217062321,27,2025-06-29 17:11:02.321,49,"Dhaulagiri.csv"
"2693",1751217603982,26.9,2025-06-29 17:20:03.982,47.8,"Dhaulagiri.csv"
"2694",1751221382227,26.7,2025-06-29 18:23:02.227,42.5,"Dhaulagiri.csv"
"2695",1751224863053,26.3,2025-06-29 19:21:03.053,38.9,"Dhaulagiri.csv"
"2696",1751228043314,25.8,2025-06-29 20:14:03.314,37.7,"Dhaulagiri.csv"
"2697",1751232126420,25.4,2025-06-29 21:22:06.42,38.3,"Dhaulagiri.csv"
"2698",1751239381438,25.2,2025-06-29 23:23:01.438,39.9,"Dhaulagiri.csv"
"2699",1751246641678,24.8,2025-06-30 01:24:01.678,40.8,"Dhaulagiri.csv"
"2700",1751253901005,24.4,2025-06-30 03:25:01.005,41.5,"Dhaulagiri.csv"
"2701",1751260262920,23.8,2025-06-30 05:11:02.92,42,"Dhaulagiri.csv"
"2702",1751261163385,23.7,2025-06-30 05:26:03.385,41.9,"Dhaulagiri.csv"
"2703",1751263382891,23.2,2025-06-30 06:03:02.891,42.5,"Dhaulagiri.csv"
"2704",1751265243637,22.6,2025-06-30 06:34:03.637,43.1,"Dhaulagiri.csv"
"2705",1751268423462,22.5,2025-06-30 07:27:03.462,43.5,"Dhaulagiri.csv"
"2706",1751271784458,23,2025-06-30 08:23:04.458,44.1,"Dhaulagiri.csv"
"2707",1751275684439,23.4,2025-06-30 09:28:04.439,44.4,"Dhaulagiri.csv"
"2708",1751280362269,23.9,2025-06-30 10:46:02.269,44.6,"Dhaulagiri.csv"
"2709",1751282945288,24.2,2025-06-30 11:29:05.288,44.5,"Dhaulagiri.csv"
"2710",1751287338270,24.7,2025-06-30 12:42:18.27,44.3,"Dhaulagiri.csv"
"2711",1751290204131,25,2025-06-30 13:30:04.131,44.2,"Dhaulagiri.csv"
"2712",1751294942287,25.6,2025-06-30 14:49:02.287,44.5,"Dhaulagiri.csv"
"2713",1751297473621,25.7,2025-06-30 15:31:13.621,45.1,"Dhaulagiri.csv"
"2714",1751304721096,26.1,2025-06-30 17:32:01.096,44.8,"Dhaulagiri.csv"
"2715",1751305444015,26,2025-06-30 17:44:04.015,39.5,"Dhaulagiri.csv"
"2716",1751309223033,25.5,2025-06-30 18:47:03.033,36.5,"Dhaulagiri.csv"
"2717",1751311983647,25.1,2025-06-30 19:33:03.647,36.6,"Dhaulagiri.csv"
"2718",1751316668303,24.6,2025-06-30 20:51:08.303,36.4,"Dhaulagiri.csv"
"2719",1751319243077,24.4,2025-06-30 21:34:03.077,36.8,"Dhaulagiri.csv"
"2720",1751322483827,23.8,2025-06-30 22:28:03.827,38,"Dhaulagiri.csv"
"2721",1751325723204,23.3,2025-06-30 23:22:03.204,41.5,"Dhaulagiri.csv"
"2722",1751326503577,23.2,2025-06-30 23:35:03.577,42.1,"Dhaulagiri.csv"
"2723",1751329322636,22.6,2025-07-01 00:22:02.636,44.2,"Dhaulagiri.csv"
"2724",1751333222704,22.1,2025-07-01 01:27:02.704,46,"Dhaulagiri.csv"
"2725",1751333764476,22,2025-07-01 01:36:04.476,46.2,"Dhaulagiri.csv"
"2726",1751336584417,21.4,2025-07-01 02:23:04.417,47.3,"Dhaulagiri.csv"
"2727",1751341021505,21.2,2025-07-01 03:37:01.505,48.2,"Dhaulagiri.csv"
"2728",1751347321815,21.7,2025-07-01 05:22:01.815,47.3,"Dhaulagiri.csv"
"2729",1751348283368,21.8,2025-07-01 05:38:03.368,47.2,"Dhaulagiri.csv"
"2730",1751354103942,22.3,2025-07-01 07:15:03.942,46.7,"Dhaulagiri.csv"
"2731",1751355548345,22.4,2025-07-01 07:39:08.345,46.7,"Dhaulagiri.csv"
"2732",1751361062823,22.9,2025-07-01 09:11:02.823,47.4,"Dhaulagiri.csv"
"2733",1751362819822,23.1,2025-07-01 09:40:19.822,47.3,"Dhaulagiri.csv"
"2734",1751366342224,23.6,2025-07-01 10:39:02.224,46.9,"Dhaulagiri.csv"
"2735",1751369582221,24.1,2025-07-01 11:33:02.221,46.5,"Dhaulagiri.csv"
"2736",1751370063318,24.2,2025-07-01 11:41:03.318,46.5,"Dhaulagiri.csv"
"2737",1751373259563,24.7,2025-07-01 12:34:19.563,45.9,"Dhaulagiri.csv"
"2738",1751376602947,25.3,2025-07-01 13:30:02.947,45.6,"Dhaulagiri.csv"
"2739",1751377323428,25.4,2025-07-01 13:42:03.428,45.5,"Dhaulagiri.csv"
"2740",1751381408490,25.9,2025-07-01 14:50:08.49,45.2,"Dhaulagiri.csv"
"2741",1751384582759,26.2,2025-07-01 15:43:02.759,44.9,"Dhaulagiri.csv"
"2742",1751391841893,26.7,2025-07-01 17:44:01.893,44.6,"Dhaulagiri.csv"
"2743",1751398621583,27.1,2025-07-01 19:37:01.583,39.6,"Dhaulagiri.csv"
"2744",1751399119471,27.1,2025-07-01 19:45:19.471,38.8,"Dhaulagiri.csv"
"2745",1751405640621,26.6,2025-07-01 21:34:00.621,36.6,"Dhaulagiri.csv"
"2746",1751406365530,26.5,2025-07-01 21:46:05.53,36.7,"Dhaulagiri.csv"
"2747",1751410563272,26,2025-07-01 22:56:03.272,37.5,"Dhaulagiri.csv"
"2748",1751413623251,25.6,2025-07-01 23:47:03.251,38.2,"Dhaulagiri.csv"
"2749",1751416802366,25.1,2025-07-02 00:40:02.366,38.8,"Dhaulagiri.csv"
"2750",1751420882030,24.8,2025-07-02 01:48:02.03,39.8,"Dhaulagiri.csv"
"2751",1751428140567,24.4,2025-07-02 03:49:00.567,41.2,"Dhaulagiri.csv"
"2752",1751435401286,24.6,2025-07-02 05:50:01.286,41.6,"Dhaulagiri.csv"
"2753",1751442663108,24.8,2025-07-02 07:51:03.108,42,"Dhaulagiri.csv"
"2754",1751447461538,25.3,2025-07-02 09:11:01.538,46.8,"Dhaulagiri.csv"
"2755",1751449682850,25.9,2025-07-02 09:48:02.85,46,"Dhaulagiri.csv"
"2756",1751449926370,25.9,2025-07-02 09:52:06.37,46.3,"Dhaulagiri.csv"
"2757",1751453282612,26.4,2025-07-02 10:48:02.612,46.2,"Dhaulagiri.csv"
"2758",1751456402550,26.9,2025-07-02 11:40:02.55,45.4,"Dhaulagiri.csv"
"2759",1751457185457,27.1,2025-07-02 11:53:05.457,45.3,"Dhaulagiri.csv"
"2760",1751460482739,27.6,2025-07-02 12:48:02.739,44.8,"Dhaulagiri.csv"
"2761",1751464082642,28.1,2025-07-02 13:48:02.642,44.5,"Dhaulagiri.csv"
"2762",1751464444057,28.2,2025-07-02 13:54:04.057,44.4,"Dhaulagiri.csv"
"2763",1751469421887,28.7,2025-07-02 15:17:01.887,44,"Dhaulagiri.csv"
"2764",1751471705291,28.9,2025-07-02 15:55:05.291,43.8,"Dhaulagiri.csv"
"2765",1751478842117,29.4,2025-07-02 17:54:02.117,45,"Dhaulagiri.csv"
"2766",1751478963515,29.4,2025-07-02 17:56:03.515,45,"Dhaulagiri.csv"
"2767",1751482923941,29.7,2025-07-02 19:02:03.941,39.8,"Dhaulagiri.csv"
"2768",1751486222580,29.8,2025-07-02 19:57:02.58,36.3,"Dhaulagiri.csv"
"2769",1751493060961,29.3,2025-07-02 21:51:00.961,34.7,"Dhaulagiri.csv"
"2770",1751493483952,29.3,2025-07-02 21:58:03.952,34.8,"Dhaulagiri.csv"
"2771",1751499004357,28.8,2025-07-02 23:30:04.357,36.9,"Dhaulagiri.csv"
"2772",1751500745057,28.6,2025-07-02 23:59:05.057,38.2,"Dhaulagiri.csv"
"2773",1751505181929,28.1,2025-07-03 01:13:01.929,42.1,"Dhaulagiri.csv"
"2774",1751508005016,27.7,2025-07-03 02:00:05.016,43.3,"Dhaulagiri.csv"
"2775",1751513941957,27.2,2025-07-03 03:39:01.957,45.1,"Dhaulagiri.csv"
"2776",1751515264046,27.2,2025-07-03 04:01:04.046,45.7,"Dhaulagiri.csv"
"2777",1751519882891,26.6,2025-07-03 05:18:02.891,48,"Dhaulagiri.csv"
"2778",1751522523773,26.5,2025-07-03 06:02:03.773,49.8,"Dhaulagiri.csv"
"2779",1751528100969,26,2025-07-03 07:35:00.969,53.9,"Dhaulagiri.csv"
"2780",1751529783633,25.8,2025-07-03 08:03:03.633,52.5,"Dhaulagiri.csv"
"2781",1751535018454,25.3,2025-07-03 09:30:18.454,52.3,"Dhaulagiri.csv"
"2782",1751537045199,25.2,2025-07-03 10:04:05.199,51.6,"Dhaulagiri.csv"
"2783",1751542084728,25.4,2025-07-03 11:28:04.728,46.6,"Dhaulagiri.csv"
"2784",1751544301481,25.5,2025-07-03 12:05:01.481,45.3,"Dhaulagiri.csv"
"2785",1751549522757,26,2025-07-03 13:32:02.757,46.3,"Dhaulagiri.csv"
"2786",1751551562066,26.1,2025-07-03 14:06:02.066,46.3,"Dhaulagiri.csv"
"2787",1751558820604,26.6,2025-07-03 16:07:00.604,45.7,"Dhaulagiri.csv"
"2788",1751565002305,26.4,2025-07-03 17:50:02.305,40,"Dhaulagiri.csv"
"2789",1751566083777,26.1,2025-07-03 18:08:03.777,39.4,"Dhaulagiri.csv"
"2790",1751569028731,25.6,2025-07-03 18:57:08.731,37.7,"Dhaulagiri.csv"
"2791",1751571543196,25.1,2025-07-03 19:39:03.196,36.9,"Dhaulagiri.csv"
"2792",1751573342614,24.8,2025-07-03 20:09:02.614,36.9,"Dhaulagiri.csv"
"2793",1751575083712,24.2,2025-07-03 20:38:03.712,36.9,"Dhaulagiri.csv"
"2794",1751579464157,23.7,2025-07-03 21:51:04.157,37.7,"Dhaulagiri.csv"
"2795",1751580603307,23.5,2025-07-03 22:10:03.307,38,"Dhaulagiri.csv"
"2796",1751587861474,23.3,2025-07-04 00:11:01.474,39.9,"Dhaulagiri.csv"
"2797",1751594281824,22.8,2025-07-04 01:58:01.824,41.1,"Dhaulagiri.csv"
"2798",1751595123364,22.8,2025-07-04 02:12:03.364,41.2,"Dhaulagiri.csv"
"2799",1751602381274,22.7,2025-07-04 04:13:01.274,41.9,"Dhaulagiri.csv"
"2800",1751609640509,22.7,2025-07-04 06:14:00.509,42.8,"Dhaulagiri.csv"
"2801",1751616900258,22.4,2025-07-04 08:15:00.258,44.6,"Dhaulagiri.csv"
"2802",1751624162727,22.6,2025-07-04 10:16:02.727,40.6,"Dhaulagiri.csv"
"2803",1751628423995,23.1,2025-07-04 11:27:03.995,39.3,"Dhaulagiri.csv"
"2804",1751631424578,23.4,2025-07-04 12:17:04.578,40.5,"Dhaulagiri.csv"
"2805",1751635518066,24,2025-07-04 13:25:18.066,41.3,"Dhaulagiri.csv"
"2806",1751638682817,24.3,2025-07-04 14:18:02.817,41.6,"Dhaulagiri.csv"
"2807",1751645941280,24.7,2025-07-04 16:19:01.28,42.2,"Dhaulagiri.csv"
"2808",1751653201591,25,2025-07-04 18:20:01.591,39.8,"Dhaulagiri.csv"
"2809",1751657882770,24.5,2025-07-04 19:38:02.77,36.5,"Dhaulagiri.csv"
"2810",1751660465029,24.1,2025-07-04 20:21:05.029,36,"Dhaulagiri.csv"
"2811",1751667720983,24.1,2025-07-04 22:22:00.983,40.3,"Dhaulagiri.csv"
"2812",1751674981744,24,2025-07-05 00:23:01.744,39.8,"Dhaulagiri.csv"
"2813",1751682239352,23.7,2025-07-05 02:23:59.352,39.4,"Dhaulagiri.csv"
"2814",1751689501680,23.3,2025-07-05 04:25:01.68,39.2,"Dhaulagiri.csv"
"2815",1751696761381,23.2,2025-07-05 06:26:01.381,39.5,"Dhaulagiri.csv"
"2816",1751704021167,23.6,2025-07-05 08:27:01.167,40.1,"Dhaulagiri.csv"
"2817",1751708042261,24.1,2025-07-05 09:34:02.261,42,"Dhaulagiri.csv"
"2818",1751711283043,24.6,2025-07-05 10:28:03.043,40.4,"Dhaulagiri.csv"
"2819",1751715544390,25.1,2025-07-05 11:39:04.39,40.5,"Dhaulagiri.csv"
"2820",1751718542673,25.5,2025-07-05 12:29:02.673,40.8,"Dhaulagiri.csv"
"2821",1751724301719,26,2025-07-05 14:05:01.719,40.2,"Dhaulagiri.csv"
"2822",1751725804926,26,2025-07-05 14:30:04.926,40.3,"Dhaulagiri.csv"
"2823",1751733061272,26.3,2025-07-05 16:31:01.272,40.9,"Dhaulagiri.csv"
"2824",1751740323648,26.4,2025-07-05 18:32:03.648,40.7,"Dhaulagiri.csv"
"2825",1751747581143,26.2,2025-07-05 20:33:01.143,38.8,"Dhaulagiri.csv"
"2826",1751750882788,25.7,2025-07-05 21:28:02.788,37.8,"Dhaulagiri.csv"
"2827",1751754842136,25.2,2025-07-05 22:34:02.136,38.1,"Dhaulagiri.csv"
"2828",1751762042452,24.7,2025-07-06 00:34:02.452,39.1,"Dhaulagiri.csv"
"2829",1751762100279,24.8,2025-07-06 00:35:00.279,39.3,"Dhaulagiri.csv"
"2830",1751767141421,24.3,2025-07-06 01:59:01.421,39.6,"Dhaulagiri.csv"
"2831",1751769363419,24.1,2025-07-06 02:36:03.419,40,"Dhaulagiri.csv"
"2832",1751776621912,23.6,2025-07-06 04:37:01.912,40.8,"Dhaulagiri.csv"
"2833",1751783881150,23.8,2025-07-06 06:38:01.15,40.6,"Dhaulagiri.csv"
"2834",1751791140813,24.1,2025-07-06 08:39:00.813,39.8,"Dhaulagiri.csv"
"2835",1751796486449,24.6,2025-07-06 10:08:06.449,40.1,"Dhaulagiri.csv"
"2836",1751798403586,24.9,2025-07-06 10:40:03.586,40.3,"Dhaulagiri.csv"
"2837",1751802182590,25.4,2025-07-06 11:43:02.59,40.7,"Dhaulagiri.csv"
"2838",1751805661917,25.8,2025-07-06 12:41:01.917,40.3,"Dhaulagiri.csv"
"2839",1751812261676,26.3,2025-07-06 14:31:01.676,39.9,"Dhaulagiri.csv"
"2840",1751812923895,26.4,2025-07-06 14:42:03.895,40.4,"Dhaulagiri.csv"
"2841",1751820182285,26.6,2025-07-06 16:43:02.285,40.6,"Dhaulagiri.csv"
"2842",1751826780809,26.2,2025-07-06 18:33:00.809,35.5,"Dhaulagiri.csv"
"2843",1751827445088,26.1,2025-07-06 18:44:05.088,34.7,"Dhaulagiri.csv"
"2844",1751831462872,25.5,2025-07-06 19:51:02.872,35.1,"Dhaulagiri.csv"
"2845",1751834702656,25.2,2025-07-06 20:45:02.656,36,"Dhaulagiri.csv"
"2846",1751841961946,24.9,2025-07-06 22:46:01.946,38,"Dhaulagiri.csv"
"2847",1751847781831,24.4,2025-07-07 00:23:01.831,40.9,"Dhaulagiri.csv"
"2848",1751849225442,24.2,2025-07-07 00:47:05.442,41.5,"Dhaulagiri.csv"
"2849",1751856480558,24.2,2025-07-07 02:48:00.558,42.9,"Dhaulagiri.csv"
"2850",1751863741674,24.1,2025-07-07 04:49:01.674,44.1,"Dhaulagiri.csv"
"2851",1751871002429,24,2025-07-07 06:50:02.429,44.1,"Dhaulagiri.csv"
"2852",1751878261349,24,2025-07-07 08:51:01.349,44.1,"Dhaulagiri.csv"
"2853",1751885520966,24.1,2025-07-07 10:52:00.966,44.4,"Dhaulagiri.csv"
"2854",1751892781874,24.4,2025-07-07 12:53:01.874,46.2,"Dhaulagiri.csv"
"2855",1751900043407,24.9,2025-07-07 14:54:03.407,46.1,"Dhaulagiri.csv"
"2856",1751907301595,25.2,2025-07-07 16:55:01.595,46.4,"Dhaulagiri.csv"
"2857",1751914562136,25.1,2025-07-07 18:56:02.136,48.7,"Dhaulagiri.csv"
"2858",1751921820971,24.7,2025-07-07 20:57:00.971,49.2,"Dhaulagiri.csv"
"2859",1751929081310,24.3,2025-07-07 22:58:01.31,49.9,"Dhaulagiri.csv"
"2860",1751936340954,24.1,2025-07-08 00:59:00.954,50.8,"Dhaulagiri.csv"
"2861",1751943600753,24,2025-07-08 03:00:00.753,50.4,"Dhaulagiri.csv"
"2862",1751950863566,23.6,2025-07-08 05:01:03.566,50.1,"Dhaulagiri.csv"
"2863",1751956502730,23.1,2025-07-08 06:35:02.73,49.1,"Dhaulagiri.csv"
"2864",1751958123641,23,2025-07-08 07:02:03.641,49,"Dhaulagiri.csv"
"2865",1751965383927,22.8,2025-07-08 09:03:03.927,48.6,"Dhaulagiri.csv"
"2866",1751972642095,23.1,2025-07-08 11:04:02.095,47.1,"Dhaulagiri.csv"
"2867",1751979900988,23.3,2025-07-08 13:05:00.988,45.8,"Dhaulagiri.csv"
"2868",1751987160951,23.5,2025-07-08 15:06:00.951,43.9,"Dhaulagiri.csv"
"2869",1751994421478,23.6,2025-07-08 17:07:01.478,42.3,"Dhaulagiri.csv"
"2870",1752001681429,23.5,2025-07-08 19:08:01.429,41.8,"Dhaulagiri.csv"
"2871",1752008941963,23.4,2025-07-08 21:09:01.963,43.2,"Dhaulagiri.csv"
"2872",1752016203403,23.3,2025-07-08 23:10:03.403,44.2,"Dhaulagiri.csv"
"2873",1752023462078,23.2,2025-07-09 01:11:02.078,45.4,"Dhaulagiri.csv"
"2874",1752030721138,23,2025-07-09 03:12:01.138,46.2,"Dhaulagiri.csv"
"2875",1752037980830,22.8,2025-07-09 05:13:00.83,46.9,"Dhaulagiri.csv"
"2876",1752045241400,22.6,2025-07-09 07:14:01.4,47.2,"Dhaulagiri.csv"
"2877",1752052501872,22.5,2025-07-09 09:15:01.872,47.7,"Dhaulagiri.csv"
"2878",1752059777487,22.8,2025-07-09 11:16:17.487,48,"Dhaulagiri.csv"
"2879",1752067021336,23.1,2025-07-09 13:17:01.336,49.4,"Dhaulagiri.csv"
"2880",1752074281407,23.3,2025-07-09 15:18:01.407,48.4,"Dhaulagiri.csv"
"2881",1752081541835,23.4,2025-07-09 17:19:01.835,48.1,"Dhaulagiri.csv"
"2882",1752088801847,23.4,2025-07-09 19:20:01.847,48.2,"Dhaulagiri.csv"
"2883",1752096073741,23.2,2025-07-09 21:21:13.741,48.4,"Dhaulagiri.csv"
"2884",1752103320544,23.3,2025-07-09 23:22:00.544,49.5,"Dhaulagiri.csv"
"2885",1752110584143,23.2,2025-07-10 01:23:04.143,49.4,"Dhaulagiri.csv"
"2886",1752117841596,23.1,2025-07-10 03:24:01.596,50.2,"Dhaulagiri.csv"
"2887",1752125101213,22.8,2025-07-10 05:25:01.213,49.9,"Dhaulagiri.csv"
"2888",1752132362035,22.8,2025-07-10 07:26:02.035,49.8,"Dhaulagiri.csv"
"2889",1752139620558,23.1,2025-07-10 09:27:00.558,50.3,"Dhaulagiri.csv"
"2890",1752146881399,23.5,2025-07-10 11:28:01.399,50,"Dhaulagiri.csv"
"2891",1752154141487,23.8,2025-07-10 13:29:01.487,50.2,"Dhaulagiri.csv"
"2892",1752161400818,23.9,2025-07-10 15:30:00.818,51,"Dhaulagiri.csv"
"2893",1752168660777,23.7,2025-07-10 17:31:00.777,51.2,"Dhaulagiri.csv"
"2894",1752175921707,23.7,2025-07-10 19:32:01.707,51.9,"Dhaulagiri.csv"
"2895",1752183182848,23.5,2025-07-10 21:33:02.848,51.7,"Dhaulagiri.csv"
"2896",1752190443169,23.5,2025-07-10 23:34:03.169,52.7,"Dhaulagiri.csv"
"2897",1752197698184,23.3,2025-07-11 01:34:58.184,52.5,"Dhaulagiri.csv"
"2898",1752204901825,23,2025-07-11 03:35:01.825,52.3,"Dhaulagiri.csv"
"2899",1752212162393,22.7,2025-07-11 05:36:02.393,51.8,"Dhaulagiri.csv"
"2900",1752219421001,22.7,2025-07-11 07:37:01.001,52.4,"Dhaulagiri.csv"
"2901",1752226685876,23,2025-07-11 09:38:05.876,51.6,"Dhaulagiri.csv"
"2902",1752233101386,23.5,2025-07-11 11:25:01.386,52.1,"Dhaulagiri.csv"
"2903",1752233943519,23.6,2025-07-11 11:39:03.519,52,"Dhaulagiri.csv"
"2904",1752241201312,23.9,2025-07-11 13:40:01.312,52,"Dhaulagiri.csv"
"2905",1752248461074,24,2025-07-11 15:41:01.074,51.8,"Dhaulagiri.csv"
"2906",1752255721409,23.9,2025-07-11 17:42:01.409,51,"Dhaulagiri.csv"
"2907",1752262982089,23.6,2025-07-11 19:43:02.089,50.6,"Dhaulagiri.csv"
"2908",1752270241792,23.3,2025-07-11 21:44:01.792,50.1,"Dhaulagiri.csv"
"2909",1752277501210,23,2025-07-11 23:45:01.21,50.1,"Dhaulagiri.csv"
"2910",1752284761443,22.7,2025-07-12 01:46:01.443,50.2,"Dhaulagiri.csv"
"2911",1752292021252,22.4,2025-07-12 03:47:01.252,50.2,"Dhaulagiri.csv"
"2912",1752299280706,22.2,2025-07-12 05:48:00.706,50.4,"Dhaulagiri.csv"
"2913",1752306541827,22.1,2025-07-12 07:49:01.827,50.7,"Dhaulagiri.csv"
"2914",1752313801764,22,2025-07-12 09:50:01.764,51,"Dhaulagiri.csv"
"2915",1752321060111,22.1,2025-07-12 11:51:00.111,51.1,"Dhaulagiri.csv"
"2916",1752328322259,22.1,2025-07-12 13:52:02.259,51.1,"Dhaulagiri.csv"
"2917",1752335596667,22.2,2025-07-12 15:53:16.667,51.3,"Dhaulagiri.csv"
"2918",1752342841016,22.1,2025-07-12 17:54:01.016,51.5,"Dhaulagiri.csv"
"2919",1752350101312,22.1,2025-07-12 19:55:01.312,51.6,"Dhaulagiri.csv"
"2920",1752357362655,22,2025-07-12 21:56:02.655,51.8,"Dhaulagiri.csv"
"2921",1752364622466,21.9,2025-07-12 23:57:02.466,51.8,"Dhaulagiri.csv"
"2922",1752371881292,21.8,2025-07-13 01:58:01.292,51.9,"Dhaulagiri.csv"
"2923",1752379141906,21.7,2025-07-13 03:59:01.906,52,"Dhaulagiri.csv"
"2924",1752386402036,21.7,2025-07-13 06:00:02.036,52.1,"Dhaulagiri.csv"
"2925",1752393674562,21.7,2025-07-13 08:01:14.562,52.2,"Dhaulagiri.csv"
"2926",1752400921039,21.9,2025-07-13 10:02:01.039,52.3,"Dhaulagiri.csv"
"2927",1752407942352,22.4,2025-07-13 11:59:02.352,52.7,"Dhaulagiri.csv"
"2928",1752408184226,22.4,2025-07-13 12:03:04.226,52.6,"Dhaulagiri.csv"
"2929",1752415441563,22.8,2025-07-13 14:04:01.563,52.6,"Dhaulagiri.csv"
"2930",1752422702248,23.2,2025-07-13 16:05:02.248,52.6,"Dhaulagiri.csv"
"2931",1752429974808,23.4,2025-07-13 18:06:14.808,53.7,"Dhaulagiri.csv"
"2932",1752437221273,23.4,2025-07-13 20:07:01.273,54.1,"Dhaulagiri.csv"
"2933",1752444481312,23.4,2025-07-13 22:08:01.312,55.7,"Dhaulagiri.csv"
"2934",1752451743728,23.3,2025-07-14 00:09:03.728,56,"Dhaulagiri.csv"
"2935",1752459001398,23.1,2025-07-14 02:10:01.398,56.5,"Dhaulagiri.csv"
"2936",1752466261906,22.9,2025-07-14 04:11:01.906,56.7,"Dhaulagiri.csv"
"2937",1752473520892,22.8,2025-07-14 06:12:00.892,57.2,"Dhaulagiri.csv"
"2938",1752480781694,23,2025-07-14 08:13:01.694,58.6,"Dhaulagiri.csv"
"2939",1752486060957,23.5,2025-07-14 09:41:00.957,58.4,"Dhaulagiri.csv"
"2940",1752488043049,23.7,2025-07-14 10:14:03.049,58.4,"Dhaulagiri.csv"
"2941",1752492482728,24.2,2025-07-14 11:28:02.728,58,"Dhaulagiri.csv"
"2942",1752495302466,24.5,2025-07-14 12:15:02.466,57.8,"Dhaulagiri.csv"
"2943",1752499501889,25,2025-07-14 13:25:01.889,57.2,"Dhaulagiri.csv"
"2944",1752502562973,25.3,2025-07-14 14:16:02.973,56.3,"Dhaulagiri.csv"
"2945",1752509821176,25.6,2025-07-14 16:17:01.176,55.4,"Dhaulagiri.csv"
"2946",1752517080978,25.8,2025-07-14 18:18:00.978,55,"Dhaulagiri.csv"
"2947",1752524342662,25.6,2025-07-14 20:19:02.662,54.1,"Dhaulagiri.csv"
"2948",1752531602162,25.4,2025-07-14 22:20:02.162,54.5,"Dhaulagiri.csv"
"2949",1752538081300,24.9,2025-07-15 00:08:01.3,55,"Dhaulagiri.csv"
"2950",1752538863446,24.9,2025-07-15 00:21:03.446,55,"Dhaulagiri.csv"
"2951",1752544503407,24.3,2025-07-15 01:55:03.407,56,"Dhaulagiri.csv"
"2952",1752546124244,24.3,2025-07-15 02:22:04.244,56.4,"Dhaulagiri.csv"
"2953",1752553381654,24,2025-07-15 04:23:01.654,57.8,"Dhaulagiri.csv"
"2954",1752560641405,23.7,2025-07-15 06:24:01.405,58.7,"Dhaulagiri.csv"
"2955",1752567903195,23.5,2025-07-15 08:25:03.195,58.8,"Dhaulagiri.csv"
"2956",1752575161048,23.6,2025-07-15 10:26:01.048,59.1,"Dhaulagiri.csv"
"2957",1752582420715,23.7,2025-07-15 12:27:00.715,59,"Dhaulagiri.csv"
"2958",1752589681845,23.8,2025-07-15 14:28:01.845,59.1,"Dhaulagiri.csv"
"2959",1752596944140,23.9,2025-07-15 16:29:04.14,58.7,"Dhaulagiri.csv"
"2960",1752604202041,23.8,2025-07-15 18:30:02.041,56.9,"Dhaulagiri.csv"
"2961",1752611461825,23.5,2025-07-15 20:31:01.825,56.2,"Dhaulagiri.csv"
"2962",1752618722242,23.2,2025-07-15 22:32:02.242,56.7,"Dhaulagiri.csv"
"2963",1752625981305,22.8,2025-07-16 00:33:01.305,56.2,"Dhaulagiri.csv"
"2964",1752633241756,22.4,2025-07-16 02:34:01.756,56,"Dhaulagiri.csv"
"2965",1752640501409,22,2025-07-16 04:35:01.409,56.4,"Dhaulagiri.csv"
"2966",1752647762552,21.9,2025-07-16 06:36:02.552,56.9,"Dhaulagiri.csv"
"2967",1752655020843,22.1,2025-07-16 08:37:00.843,58,"Dhaulagiri.csv"
"2968",1752662282212,22.4,2025-07-16 10:38:02.212,59.3,"Dhaulagiri.csv"
"2969",1752666842850,22.9,2025-07-16 11:54:02.85,59.8,"Dhaulagiri.csv"
"2970",1752669553459,23.2,2025-07-16 12:39:13.459,59.4,"Dhaulagiri.csv"
"2971",1752676801377,23.3,2025-07-16 14:40:01.377,58.2,"Dhaulagiri.csv"
"2972",1752684062412,23.3,2025-07-16 16:41:02.412,57.3,"Dhaulagiri.csv"
"2973",1752691320774,23.1,2025-07-16 18:42:00.774,55.7,"Dhaulagiri.csv"
"2974",1752698582493,22.7,2025-07-16 20:43:02.493,55,"Dhaulagiri.csv"
"2975",1752705839592,22.3,2025-07-16 22:43:59.592,55.9,"Dhaulagiri.csv"
"2976",1752713099128,22.2,2025-07-17 00:44:59.128,56.7,"Dhaulagiri.csv"
"2977",1752720353627,21.9,2025-07-17 02:45:53.627,56.6,"Dhaulagiri.csv"
"2978",1752727561555,21.5,2025-07-17 04:46:01.555,56.5,"Dhaulagiri.csv"
"2979",1752734822856,21.5,2025-07-17 06:47:02.856,56.4,"Dhaulagiri.csv"
"2980",1752742081239,21.5,2025-07-17 08:48:01.239,56.8,"Dhaulagiri.csv"
"2981",1752749342734,21.6,2025-07-17 10:49:02.734,56.9,"Dhaulagiri.csv"
"2982",1752756601204,21.7,2025-07-17 12:50:01.204,56.9,"Dhaulagiri.csv"
"2983",1752763860652,21.7,2025-07-17 14:51:00.652,57.1,"Dhaulagiri.csv"
"2984",1752771121881,21.8,2025-07-17 16:52:01.881,57.7,"Dhaulagiri.csv"
"2985",1752778381435,21.9,2025-07-17 18:53:01.435,58.4,"Dhaulagiri.csv"
"2986",1752785641169,21.9,2025-07-17 20:54:01.169,58.8,"Dhaulagiri.csv"
"2987",1752792900843,22.1,2025-07-17 22:55:00.843,59.1,"Dhaulagiri.csv"
"2988",1752800162716,22.2,2025-07-18 00:56:02.716,59.2,"Dhaulagiri.csv"
"2989",1752807421212,22.2,2025-07-18 02:57:01.212,59.1,"Dhaulagiri.csv"
"2990",1752814681609,22.2,2025-07-18 04:58:01.609,59.3,"Dhaulagiri.csv"
"2991",1752821941174,22.2,2025-07-18 06:59:01.174,59.5,"Dhaulagiri.csv"
"2992",1752829202250,22.6,2025-07-18 09:00:02.25,59.7,"Dhaulagiri.csv"
"2993",1752836461397,23,2025-07-18 11:01:01.397,59.3,"Dhaulagiri.csv"
"2994",1752842477640,23.5,2025-07-18 12:41:17.64,59.2,"Dhaulagiri.csv"
"2995",1752843723380,23.6,2025-07-18 13:02:03.38,59.1,"Dhaulagiri.csv"
"2996",1752850980053,23.8,2025-07-18 15:03:00.053,59.4,"Dhaulagiri.csv"
"2997",1752858243499,24,2025-07-18 17:04:03.499,59.3,"Dhaulagiri.csv"
"2998",1752865502744,24.2,2025-07-18 19:05:02.744,59.6,"Dhaulagiri.csv"
"2999",1752872761292,24.2,2025-07-18 21:06:01.292,58.8,"Dhaulagiri.csv"
"3000",1752880020787,23.8,2025-07-18 23:07:00.787,58.3,"Dhaulagiri.csv"
"3001",1752887282790,23.4,2025-07-19 01:08:02.79,58.9,"Dhaulagiri.csv"
"3002",1752894421572,22.9,2025-07-19 03:07:01.572,59.9,"Dhaulagiri.csv"
"3003",1752894548138,23,2025-07-19 03:09:08.138,59.8,"Dhaulagiri.csv"
"3004",1752901800605,22.5,2025-07-19 05:10:00.605,61.4,"Dhaulagiri.csv"
"3005",1752909073828,22.7,2025-07-19 07:11:13.828,62.3,"Dhaulagiri.csv"
"3006",1752916321911,23.2,2025-07-19 09:12:01.911,61.7,"Dhaulagiri.csv"
"3007",1752921843298,23.8,2025-07-19 10:44:03.298,62.6,"Dhaulagiri.csv"
"3008",1752923583554,24,2025-07-19 11:13:03.554,62.3,"Dhaulagiri.csv"
"3009",1752927422290,24.5,2025-07-19 12:17:02.29,62.1,"Dhaulagiri.csv"
"3010",1752930843830,24.8,2025-07-19 13:14:03.83,61.1,"Dhaulagiri.csv"
"3011",1752936558960,25.3,2025-07-19 14:49:18.96,58.8,"Dhaulagiri.csv"
"3012",1752938103647,25.4,2025-07-19 15:15:03.647,57.8,"Dhaulagiri.csv"
"3013",1752945362453,25.8,2025-07-19 17:16:02.453,58.5,"Dhaulagiri.csv"
"3014",1752952622479,26,2025-07-19 19:17:02.479,57.2,"Dhaulagiri.csv"
"3015",1752959882095,25.7,2025-07-19 21:18:02.095,54.9,"Dhaulagiri.csv"
"3016",1752967141983,25.6,2025-07-19 23:19:01.983,56.5,"Dhaulagiri.csv"
"3017",1752974398494,25.6,2025-07-20 01:19:58.494,57.2,"Dhaulagiri.csv"
"3018",1752988918517,25.1,2025-07-20 05:21:58.517,58.8,"Dhaulagiri.csv"
"3019",1752996122646,25,2025-07-20 07:22:02.646,59,"Dhaulagiri.csv"
"3020",1753003380838,25.2,2025-07-20 09:23:00.838,58.9,"Dhaulagiri.csv"
"3021",1753010641584,25.7,2025-07-20 11:24:01.584,58.9,"Dhaulagiri.csv"
"3022",1753015261991,26.2,2025-07-20 12:41:01.991,58.5,"Dhaulagiri.csv"
"3023",1753017903108,26.4,2025-07-20 13:25:03.108,58.2,"Dhaulagiri.csv"
"3024",1753024321571,26.9,2025-07-20 15:12:01.571,57.7,"Dhaulagiri.csv"
"3025",1753025163905,27,2025-07-20 15:26:03.905,57.5,"Dhaulagiri.csv"
"3026",1753032420854,27.2,2025-07-20 17:27:00.854,57.2,"Dhaulagiri.csv"
"3027",1753037282751,27.5,2025-07-20 18:48:02.751,52.2,"Dhaulagiri.csv"
"3028",1753039684755,27.5,2025-07-20 19:28:04.755,51.9,"Dhaulagiri.csv"
"3029",1753045381313,26.9,2025-07-20 21:03:01.313,51.6,"Dhaulagiri.csv"
"3030",1753046943966,26.8,2025-07-20 21:29:03.966,51.9,"Dhaulagiri.csv"
"3031",1753052881456,26.3,2025-07-20 23:08:01.456,53.1,"Dhaulagiri.csv"
"3032",1753054203286,26.2,2025-07-20 23:30:03.286,53.3,"Dhaulagiri.csv"
"3033",1753061460685,25.7,2025-07-21 01:31:00.685,53.9,"Dhaulagiri.csv"
"3034",1753068721706,25.9,2025-07-21 03:32:01.706,55.2,"Dhaulagiri.csv"
"3035",1753075983064,26,2025-07-21 05:33:03.064,56.2,"Dhaulagiri.csv"
"3036",1753083241631,25.8,2025-07-21 07:34:01.631,56.3,"Dhaulagiri.csv"
"3037",1753090501905,25.8,2025-07-21 09:35:01.905,57.1,"Dhaulagiri.csv"
"3038",1753097761879,25.8,2025-07-21 11:36:01.879,58,"Dhaulagiri.csv"
"3039",1753105021914,25.7,2025-07-21 13:37:01.914,58.8,"Dhaulagiri.csv"
"3040",1753112280910,25.4,2025-07-21 15:38:00.91,58.8,"Dhaulagiri.csv"
"3041",1753118401857,24.9,2025-07-21 17:20:01.857,58.2,"Dhaulagiri.csv"
"3042",1753119552639,24.8,2025-07-21 17:39:12.639,57.9,"Dhaulagiri.csv"
"3043",1753126322560,24.3,2025-07-21 19:32:02.56,57.4,"Dhaulagiri.csv"
"3044",1753126806027,24.2,2025-07-21 19:40:06.027,57.4,"Dhaulagiri.csv"
"3045",1753133521346,23.7,2025-07-21 21:32:01.346,57.2,"Dhaulagiri.csv"
"3046",1753134063513,23.7,2025-07-21 21:41:03.513,57.2,"Dhaulagiri.csv"
"3047",1753141321289,23.5,2025-07-21 23:42:01.289,57.5,"Dhaulagiri.csv"
"3048",1753148578793,23.2,2025-07-22 01:42:58.793,57.8,"Dhaulagiri.csv"
"3049",1753155841005,23,2025-07-22 03:44:01.005,58.1,"Dhaulagiri.csv"
"3050",1753163100797,22.9,2025-07-22 05:45:00.797,58.8,"Dhaulagiri.csv"
"3051",1753170362888,22.8,2025-07-22 07:46:02.888,59.2,"Dhaulagiri.csv"
"3052",1753177621523,23,2025-07-22 09:47:01.523,59.5,"Dhaulagiri.csv"
"3053",1753184882149,23.4,2025-07-22 11:48:02.149,59,"Dhaulagiri.csv"
"3054",1753192140738,23.5,2025-07-22 13:49:00.738,60.1,"Dhaulagiri.csv"
"3055",1753199401101,23.6,2025-07-22 15:50:01.101,59.5,"Dhaulagiri.csv"
"3056",1753206663087,23.5,2025-07-22 17:51:03.087,59.5,"Dhaulagiri.csv"
"3057",1753213921913,23.4,2025-07-22 19:52:01.913,59.3,"Dhaulagiri.csv"
"3058",1753221181251,23.3,2025-07-22 21:53:01.251,59.6,"Dhaulagiri.csv"
"3059",1753228441468,23.2,2025-07-22 23:54:01.468,59.7,"Dhaulagiri.csv"
"3060",1753235703317,23.1,2025-07-23 01:55:03.317,59.9,"Dhaulagiri.csv"
"3061",1753242961597,23,2025-07-23 03:56:01.597,60.4,"Dhaulagiri.csv"
"3062",1753250220778,23,2025-07-23 05:57:00.778,60,"Dhaulagiri.csv"
"3063",1753257491486,22.8,2025-07-23 07:58:11.486,60.1,"Dhaulagiri.csv"
"3064",1753264740365,22.8,2025-07-23 09:59:00.365,60.2,"Dhaulagiri.csv"
"3065",1753271999890,22.8,2025-07-23 11:59:59.89,60.2,"Dhaulagiri.csv"
"3066",1753279261572,22.8,2025-07-23 14:01:01.572,60.3,"Dhaulagiri.csv"
"3067",1753286521049,22.8,2025-07-23 16:02:01.049,59.8,"Dhaulagiri.csv"
"3068",1753293780826,22.9,2025-07-23 18:03:00.826,62.2,"Dhaulagiri.csv"
"3069",1753301041689,22.9,2025-07-23 20:04:01.689,61.7,"Dhaulagiri.csv"
"3070",1753308300996,22.9,2025-07-23 22:05:00.996,61.7,"Dhaulagiri.csv"
"3071",1753315560447,23,2025-07-24 00:06:00.447,61.7,"Dhaulagiri.csv"
"3072",1753322822863,23,2025-07-24 02:07:02.863,61.5,"Dhaulagiri.csv"
"3073",1753330081049,22.9,2025-07-24 04:08:01.049,61.5,"Dhaulagiri.csv"
"3074",1753337342633,22.9,2025-07-24 06:09:02.633,61.2,"Dhaulagiri.csv"
"3075",1753344601249,22.8,2025-07-24 08:10:01.249,61.2,"Dhaulagiri.csv"
"3076",1753351865029,22.9,2025-07-24 10:11:05.029,61.4,"Dhaulagiri.csv"
"3077",1753359117065,23,2025-07-24 12:11:57.065,61.3,"Dhaulagiri.csv"
"3078",1753366321035,23.2,2025-07-24 14:12:01.035,61.2,"Dhaulagiri.csv"
"3079",1753373582081,23.5,2025-07-24 16:13:02.081,61.5,"Dhaulagiri.csv"
"3080",1753380838721,23.7,2025-07-24 18:13:58.721,60.8,"Dhaulagiri.csv"
"3081",1753388041282,23.6,2025-07-24 20:14:01.282,60.4,"Dhaulagiri.csv"
"3082",1753395304358,23.4,2025-07-24 22:15:04.358,61,"Dhaulagiri.csv"
"3083",1753402560959,23.3,2025-07-25 00:16:00.959,62,"Dhaulagiri.csv"
"3084",1753409818439,23.2,2025-07-25 02:16:58.439,62.7,"Dhaulagiri.csv"
"3085",1753417021944,23.1,2025-07-25 04:17:01.944,63.6,"Dhaulagiri.csv"
"3086",1753424281365,23.1,2025-07-25 06:18:01.365,63.5,"Dhaulagiri.csv"
"3087",1753431549136,22.9,2025-07-25 08:19:09.136,63.3,"Dhaulagiri.csv"
"3088",1753438801537,23,2025-07-25 10:20:01.537,64,"Dhaulagiri.csv"
"3089",1753446061047,23.2,2025-07-25 12:21:01.047,64,"Dhaulagiri.csv"
"3090",1753453321125,23.4,2025-07-25 14:22:01.125,64.6,"Dhaulagiri.csv"
"3091",1753460581359,23.8,2025-07-25 16:23:01.359,64.2,"Dhaulagiri.csv"
"3092",1753467840611,24,2025-07-25 18:24:00.611,63.8,"Dhaulagiri.csv"
"3093",1753475102221,23.9,2025-07-25 20:25:02.221,63.6,"Dhaulagiri.csv"
"3094",1753482360899,23.8,2025-07-25 22:26:00.899,64.4,"Dhaulagiri.csv"
"3095",1753489621163,23.7,2025-07-26 00:27:01.163,65.2,"Dhaulagiri.csv"
"3096",1753496880499,23.5,2025-07-26 02:28:00.499,65,"Dhaulagiri.csv"
"3097",1753504141771,23.2,2025-07-26 04:29:01.771,64.4,"Dhaulagiri.csv"
"3098",1753511401182,23,2025-07-26 06:30:01.182,63.7,"Dhaulagiri.csv"
"3099",1753518662040,22.8,2025-07-26 08:31:02.04,62.8,"Dhaulagiri.csv"
"3100",1753525921368,22.7,2025-07-26 10:32:01.368,62.3,"Dhaulagiri.csv"
"3101",1753533181224,22.7,2025-07-26 12:33:01.224,62,"Dhaulagiri.csv"
"3102",1753540441989,22.9,2025-07-26 14:34:01.989,61.7,"Dhaulagiri.csv"
"3103",1753547700888,23,2025-07-26 16:35:00.888,60.5,"Dhaulagiri.csv"
"3104",1753554961658,23.2,2025-07-26 18:36:01.658,60.1,"Dhaulagiri.csv"
"3105",1753562221862,23,2025-07-26 20:37:01.862,59.8,"Dhaulagiri.csv"
"3106",1753569482805,23,2025-07-26 22:38:02.805,60.3,"Dhaulagiri.csv"
"3107",1753576741329,22.8,2025-07-27 00:39:01.329,60.7,"Dhaulagiri.csv"
"3108",1753584002125,22.6,2025-07-27 02:40:02.125,60.8,"Dhaulagiri.csv"
"3109",1753591262280,22.5,2025-07-27 04:41:02.28,61,"Dhaulagiri.csv"
"3110",1753598521915,22.5,2025-07-27 06:42:01.915,61,"Dhaulagiri.csv"
"3111",1753605781498,22.7,2025-07-27 08:43:01.498,60.8,"Dhaulagiri.csv"
"3112",1753613043965,23.1,2025-07-27 10:44:03.965,59.4,"Dhaulagiri.csv"
"3113",1753619222072,23.6,2025-07-27 12:27:02.072,55.6,"Dhaulagiri.csv"
"3114",1753620303596,23.7,2025-07-27 12:45:03.596,55.2,"Dhaulagiri.csv"
"3115",1753627081408,24.2,2025-07-27 14:38:01.408,54.6,"Dhaulagiri.csv"
"3116",1753627563867,24.3,2025-07-27 14:46:03.867,54.1,"Dhaulagiri.csv"
"3117",1753634820772,24.5,2025-07-27 16:47:00.772,52.8,"Dhaulagiri.csv"
"3118",1753642082683,24.5,2025-07-27 18:48:02.683,54.4,"Dhaulagiri.csv"
"3119",1753649341968,24.3,2025-07-27 20:49:01.968,56.8,"Dhaulagiri.csv"
"3120",1753656602333,24.1,2025-07-27 22:50:02.333,57.7,"Dhaulagiri.csv"
"3121",1753663861834,23.9,2025-07-28 00:51:01.834,58.7,"Dhaulagiri.csv"
"3122",1753671120368,23.6,2025-07-28 02:52:00.368,59.5,"Dhaulagiri.csv"
"3123",1753678381753,23.4,2025-07-28 04:53:01.753,60.8,"Dhaulagiri.csv"
"3124",1753685643215,23.4,2025-07-28 06:54:03.215,60.7,"Dhaulagiri.csv"
"3125",1753692902166,23.3,2025-07-28 08:55:02.166,60.4,"Dhaulagiri.csv"
"3126",1753700161838,23.5,2025-07-28 10:56:01.838,60.7,"Dhaulagiri.csv"
"3127",1753707421101,23.8,2025-07-28 12:57:01.101,60.2,"Dhaulagiri.csv"
"3128",1753714682609,24,2025-07-28 14:58:02.609,60,"Dhaulagiri.csv"
"3129",1753721940400,24,2025-07-28 16:59:00.4,58.7,"Dhaulagiri.csv"
"3130",1753729199947,24.1,2025-07-28 18:59:59.947,58.3,"Dhaulagiri.csv"
"3131",1753736461631,23.9,2025-07-28 21:01:01.631,58,"Dhaulagiri.csv"
"3132",1753743720992,23.9,2025-07-28 23:02:00.992,58.9,"Dhaulagiri.csv"
"3133",1753750981144,23.8,2025-07-29 01:03:01.144,58.6,"Dhaulagiri.csv"
"3134",1753758240962,23.5,2025-07-29 03:04:00.962,58.7,"Dhaulagiri.csv"
"3135",1753765501165,23.2,2025-07-29 05:05:01.165,58.4,"Dhaulagiri.csv"
"3136",1753772762906,22.9,2025-07-29 07:06:02.906,57.4,"Dhaulagiri.csv"
"3137",1753780019096,22.9,2025-07-29 09:06:59.096,57.7,"Dhaulagiri.csv"
"3138",1753787297693,23.2,2025-07-29 11:08:17.693,57.9,"Dhaulagiri.csv"
"3139",1753794540691,23.6,2025-07-29 13:09:00.691,58.1,"Dhaulagiri.csv"
"3140",1753801800617,23.8,2025-07-29 15:10:00.617,56.8,"Dhaulagiri.csv"
"3141",1753809062005,23.9,2025-07-29 17:11:02.005,56.2,"Dhaulagiri.csv"
"3142",1753813208958,23.4,2025-07-29 18:20:08.958,52.5,"Dhaulagiri.csv"
"3143",1753816325605,23.1,2025-07-29 19:12:05.605,52.5,"Dhaulagiri.csv"
"3144",1753820341878,22.6,2025-07-29 20:19:01.878,51.5,"Dhaulagiri.csv"
"3145",1753823582787,22.2,2025-07-29 21:13:02.787,51.5,"Dhaulagiri.csv"
"3146",1753830183598,21.7,2025-07-29 23:03:03.598,52.3,"Dhaulagiri.csv"
"3147",1753830843635,21.7,2025-07-29 23:14:03.635,52.4,"Dhaulagiri.csv"
"3148",1753837261640,21.2,2025-07-30 01:01:01.64,52.9,"Dhaulagiri.csv"
"3149",1753838103651,21.1,2025-07-30 01:15:03.651,53.1,"Dhaulagiri.csv"
"3150",1753845061168,20.6,2025-07-30 03:11:01.168,53.7,"Dhaulagiri.csv"
"3151",1753845363805,20.6,2025-07-30 03:16:03.805,53.7,"Dhaulagiri.csv"
"3152",1753852626801,20.2,2025-07-30 05:17:06.801,54.7,"Dhaulagiri.csv"
"3153",1753859880811,20.2,2025-07-30 07:18:00.811,55.7,"Dhaulagiri.csv"
"3154",1753865642299,20.7,2025-07-30 08:54:02.299,55.5,"Dhaulagiri.csv"
"3155",1753867142525,20.9,2025-07-30 09:19:02.525,55.3,"Dhaulagiri.csv"
"3156",1753870022985,21.4,2025-07-30 10:07:02.985,54.2,"Dhaulagiri.csv"
"3157",1753872962212,21.9,2025-07-30 10:56:02.212,53.1,"Dhaulagiri.csv"
"3158",1753874403803,22.2,2025-07-30 11:20:03.803,52.1,"Dhaulagiri.csv"
"3159",1753878858315,22.7,2025-07-30 12:34:18.315,50.3,"Dhaulagiri.csv"
"3160",1753881663817,22.9,2025-07-30 13:21:03.817,50.2,"Dhaulagiri.csv"
"3161",1753888801348,23.5,2025-07-30 15:20:01.348,48.9,"Dhaulagiri.csv"
"3162",1753888924302,23.5,2025-07-30 15:22:04.302,48.9,"Dhaulagiri.csv"
"3163",1753896181393,23.6,2025-07-30 17:23:01.393,46.4,"Dhaulagiri.csv"
"3164",1753903440895,23.2,2025-07-30 19:24:00.895,46.6,"Dhaulagiri.csv"
"3165",1753910701337,22.8,2025-07-30 21:25:01.337,47.8,"Dhaulagiri.csv"
"3166",1753917962158,22.8,2025-07-30 23:26:02.158,50.4,"Dhaulagiri.csv"
"3167",1753925221396,22.9,2025-07-31 01:27:01.396,51.1,"Dhaulagiri.csv"
"3168",1753932481386,22.8,2025-07-31 03:28:01.386,51.9,"Dhaulagiri.csv"
"3169",1753939740908,22.6,2025-07-31 05:29:00.908,52.6,"Dhaulagiri.csv"
"3170",1753947001265,22.5,2025-07-31 07:30:01.265,52.4,"Dhaulagiri.csv"
"3171",1753954262924,22.5,2025-07-31 09:31:02.924,53,"Dhaulagiri.csv"
"3172",1753961523219,22.5,2025-07-31 11:32:03.219,53,"Dhaulagiri.csv"
"3173",1753968781282,22.6,2025-07-31 13:33:01.282,53.6,"Dhaulagiri.csv"
"3174",1753976041503,22.7,2025-07-31 15:34:01.503,53.8,"Dhaulagiri.csv"
"3175",1753983301727,22.7,2025-07-31 17:35:01.727,54.1,"Dhaulagiri.csv"
"3176",1753990562591,22.6,2025-07-31 19:36:02.591,54.1,"Dhaulagiri.csv"
"3177",1753997822111,22.6,2025-07-31 21:37:02.111,54.7,"Dhaulagiri.csv"
"3178",1754005080657,22.7,2025-07-31 23:38:00.657,55.3,"Dhaulagiri.csv"
"3179",1754012341582,22.7,2025-08-01 01:39:01.582,55.5,"Dhaulagiri.csv"
"3180",1754019601360,22.6,2025-08-01 03:40:01.36,55.5,"Dhaulagiri.csv"
"3181",1754026860634,22.4,2025-08-01 05:41:00.634,55.8,"Dhaulagiri.csv"
"3182",1754034122360,22.3,2025-08-01 07:42:02.36,55.7,"Dhaulagiri.csv"
"3183",1754041382273,22.4,2025-08-01 09:43:02.273,56.1,"Dhaulagiri.csv"
"3184",1754048641313,22.8,2025-08-01 11:44:01.313,56.5,"Dhaulagiri.csv"
"3185",1754055900343,23,2025-08-01 13:45:00.343,56.6,"Dhaulagiri.csv"
"3186",1754063161080,23.2,2025-08-01 15:46:01.08,56.5,"Dhaulagiri.csv"
"3187",1754070421503,23.4,2025-08-01 17:47:01.503,57.5,"Dhaulagiri.csv"
"3188",1754077681800,23.5,2025-08-01 19:48:01.8,58.4,"Dhaulagiri.csv"
"3189",1754084941642,23.3,2025-08-01 21:49:01.642,58.1,"Dhaulagiri.csv"
"3190",1754092201902,23.3,2025-08-01 23:50:01.902,58,"Dhaulagiri.csv"
"3191",1754099461418,23,2025-08-02 01:51:01.418,58,"Dhaulagiri.csv"
"3192",1754106721602,22.8,2025-08-02 03:52:01.602,58,"Dhaulagiri.csv"
"3193",1754113983614,22.7,2025-08-02 05:53:03.614,58.7,"Dhaulagiri.csv"
"3194",1754121241303,22.5,2025-08-02 07:54:01.303,58.3,"Dhaulagiri.csv"
"3195",1754128500547,22.8,2025-08-02 09:55:00.547,58.9,"Dhaulagiri.csv"
"3196",1754134740971,23.3,2025-08-02 11:39:00.971,58.8,"Dhaulagiri.csv"
"3197",1754135763810,23.4,2025-08-02 11:56:03.81,58.7,"Dhaulagiri.csv"
"3198",1754143021714,23.9,2025-08-02 13:57:01.714,58.2,"Dhaulagiri.csv"
"3199",1754150282606,24.3,2025-08-02 15:58:02.606,57.9,"Dhaulagiri.csv"
"3200",1754157540951,24.4,2025-08-02 17:59:00.951,57.2,"Dhaulagiri.csv"
"3201",1754164800715,24.2,2025-08-02 20:00:00.715,56.6,"Dhaulagiri.csv"
"3202",1754172061479,23.8,2025-08-02 22:01:01.479,56.1,"Dhaulagiri.csv"
"3203",1754179321051,23.4,2025-08-03 00:02:01.051,55.8,"Dhaulagiri.csv"
"3204",1754186580680,23.1,2025-08-03 02:03:00.68,55.6,"Dhaulagiri.csv"
"3205",1754193841489,22.8,2025-08-03 04:04:01.489,55.7,"Dhaulagiri.csv"
"3206",1754201101437,22.5,2025-08-03 06:05:01.437,55.9,"Dhaulagiri.csv"
"3207",1754208361414,22.4,2025-08-03 08:06:01.414,56.1,"Dhaulagiri.csv"
"3208",1754215625185,22.4,2025-08-03 10:07:05.185,56.2,"Dhaulagiri.csv"
"3209",1754222881678,22.7,2025-08-03 12:08:01.678,56.4,"Dhaulagiri.csv"
"3210",1754230141210,22.8,2025-08-03 14:09:01.21,56.3,"Dhaulagiri.csv"
"3211",1754237418253,22.9,2025-08-03 16:10:18.253,56,"Dhaulagiri.csv"
"3212",1754244662168,22.8,2025-08-03 18:11:02.168,55.8,"Dhaulagiri.csv"
"3213",1754251922351,22.6,2025-08-03 20:12:02.351,55.6,"Dhaulagiri.csv"
"3214",1754259180643,22.4,2025-08-03 22:13:00.643,55.4,"Dhaulagiri.csv"
"3215",1754266442234,22.2,2025-08-04 00:14:02.234,55.4,"Dhaulagiri.csv"
"3216",1754273701702,22,2025-08-04 02:15:01.702,55.4,"Dhaulagiri.csv"
"3217",1754280961614,21.8,2025-08-04 04:16:01.614,55.4,"Dhaulagiri.csv"
"3218",1754288232144,21.7,2025-08-04 06:17:12.144,55.5,"Dhaulagiri.csv"
"3219",1754295482692,21.6,2025-08-04 08:18:02.692,55.7,"Dhaulagiri.csv"
"3220",1754302741912,21.9,2025-08-04 10:19:01.912,56,"Dhaulagiri.csv"
"3221",1754309822066,22.4,2025-08-04 12:17:02.066,56.3,"Dhaulagiri.csv"
"3222",1754310019998,22.5,2025-08-04 12:20:19.998,56.1,"Dhaulagiri.csv"
"3223",1754317261349,22.8,2025-08-04 14:21:01.349,56.3,"Dhaulagiri.csv"
"3224",1754324521566,23.2,2025-08-04 16:22:01.566,56.3,"Dhaulagiri.csv"
"3225",1754331781937,23.3,2025-08-04 18:23:01.937,56.5,"Dhaulagiri.csv"
"3226",1754339041677,23.2,2025-08-04 20:24:01.677,55.9,"Dhaulagiri.csv"
"3227",1754346301715,23,2025-08-04 22:25:01.715,55.6,"Dhaulagiri.csv"
"3228",1754353561401,22.9,2025-08-05 00:26:01.401,55.5,"Dhaulagiri.csv"
"3229",1754360821401,22.8,2025-08-05 02:27:01.401,55.4,"Dhaulagiri.csv"
"3230",1754368081555,22.6,2025-08-05 04:28:01.555,55.4,"Dhaulagiri.csv"
"3231",1754375341027,22.5,2025-08-05 06:29:01.027,55.5,"Dhaulagiri.csv"
"3232",1754382601376,22.4,2025-08-05 08:30:01.376,55.8,"Dhaulagiri.csv"
"3233",1754389861465,22.4,2025-08-05 10:31:01.465,56.2,"Dhaulagiri.csv"
"3234",1754397121243,22.2,2025-08-05 12:32:01.243,56.3,"Dhaulagiri.csv"
"3235",1754404380571,22.2,2025-08-05 14:33:00.571,57.1,"Dhaulagiri.csv"
"3236",1754411641675,22.4,2025-08-05 16:34:01.675,56.8,"Dhaulagiri.csv"
"3237",1754418901299,22.5,2025-08-05 18:35:01.299,58.7,"Dhaulagiri.csv"
"3238",1754426161892,22.5,2025-08-05 20:36:01.892,58.6,"Dhaulagiri.csv"
"3239",1754433421297,22.4,2025-08-05 22:37:01.297,59.3,"Dhaulagiri.csv"
"3240",1754440682022,22.3,2025-08-06 00:38:02.022,59.8,"Dhaulagiri.csv"
"3241",1754447941871,22.1,2025-08-06 02:39:01.871,59.9,"Dhaulagiri.csv"
"3242",1754455198932,21.8,2025-08-06 04:39:58.932,59.8,"Dhaulagiri.csv"
"3243",1754462461625,21.6,2025-08-06 06:41:01.625,59.1,"Dhaulagiri.csv"
"3244",1754469723442,21.6,2025-08-06 08:42:03.442,58.4,"Dhaulagiri.csv"
"3245",1754475361863,22.1,2025-08-06 10:16:01.863,58.8,"Dhaulagiri.csv"
"3246",1754476998867,22.2,2025-08-06 10:43:18.867,58.7,"Dhaulagiri.csv"
"3247",1754482621941,22.7,2025-08-06 12:17:01.941,58.9,"Dhaulagiri.csv"
"3248",1754484243199,22.8,2025-08-06 12:44:03.199,58.7,"Dhaulagiri.csv"
"3249",1754491503712,23.2,2025-08-06 14:45:03.712,58.2,"Dhaulagiri.csv"
"3250",1754498761047,23.4,2025-08-06 16:46:01.047,56.8,"Dhaulagiri.csv"
"3251",1754506025966,23.2,2025-08-06 18:47:05.966,53.5,"Dhaulagiri.csv"
"3252",1754513281536,23,2025-08-06 20:48:01.536,55,"Dhaulagiri.csv"
"3253",1754520543974,23,2025-08-06 22:49:03.974,55.8,"Dhaulagiri.csv"
"3254",1754527800923,22.8,2025-08-07 00:50:00.923,56.3,"Dhaulagiri.csv"
"3255",1754535060944,22.6,2025-08-07 02:51:00.944,56.4,"Dhaulagiri.csv"
"3256",1754542318148,22.3,2025-08-07 04:51:58.148,56.4,"Dhaulagiri.csv"
"3257",1754549522521,22.2,2025-08-07 06:52:02.521,55.7,"Dhaulagiri.csv"
"3258",1754556780629,22.3,2025-08-07 08:53:00.629,56.4,"Dhaulagiri.csv"
"3259",1754562962090,22.8,2025-08-07 10:36:02.09,56.6,"Dhaulagiri.csv"
"3260",1754564043426,22.9,2025-08-07 10:54:03.426,56.7,"Dhaulagiri.csv"
"3261",1754568542030,23.4,2025-08-07 12:09:02.03,56.7,"Dhaulagiri.csv"
"3262",1754571303301,23.8,2025-08-07 12:55:03.301,56.6,"Dhaulagiri.csv"
"3263",1754575382031,24.3,2025-08-07 14:03:02.031,56.5,"Dhaulagiri.csv"
"3264",1754578562284,24.6,2025-08-07 14:56:02.284,56.3,"Dhaulagiri.csv"
"3265",1754585821744,24.7,2025-08-07 16:57:01.744,53.8,"Dhaulagiri.csv"
"3266",1754591161575,24.5,2025-08-07 18:26:01.575,48.8,"Dhaulagiri.csv"
"3267",1754593084197,24.4,2025-08-07 18:58:04.197,47.7,"Dhaulagiri.csv"
"3268",1754598661530,23.9,2025-08-07 20:31:01.53,47.1,"Dhaulagiri.csv"
"3269",1754600343858,23.7,2025-08-07 20:59:03.858,47.2,"Dhaulagiri.csv"
"3270",1754607600758,23.4,2025-08-07 23:00:00.758,49,"Dhaulagiri.csv"
"3271",1754614861616,23.3,2025-08-08 01:01:01.616,49.4,"Dhaulagiri.csv"
"3272",1754622121702,23,2025-08-08 03:02:01.702,50,"Dhaulagiri.csv"
"3273",1754629381290,22.7,2025-08-08 05:03:01.29,51.2,"Dhaulagiri.csv"
"3274",1754636641827,22.8,2025-08-08 07:04:01.827,52,"Dhaulagiri.csv"
"3275",1754643901123,22.9,2025-08-08 09:05:01.123,52.1,"Dhaulagiri.csv"
"3276",1754648522293,23.4,2025-08-08 10:22:02.293,50.8,"Dhaulagiri.csv"
"3277",1754651162839,23.7,2025-08-08 11:06:02.839,50.4,"Dhaulagiri.csv"
"3278",1754655722143,24.2,2025-08-08 12:22:02.143,51.3,"Dhaulagiri.csv"
"3279",1754658423200,24.6,2025-08-08 13:07:03.2,51.7,"Dhaulagiri.csv"
"3280",1754665209423,25.1,2025-08-08 15:00:09.423,47.4,"Dhaulagiri.csv"
"3281",1754665683442,25.1,2025-08-08 15:08:03.442,47.3,"Dhaulagiri.csv"
"3282",1754672941861,25.4,2025-08-08 17:09:01.861,48.9,"Dhaulagiri.csv"
"3283",1754680200557,25.4,2025-08-08 19:10:00.557,49.6,"Dhaulagiri.csv"
"3284",1754687461889,25.1,2025-08-08 21:11:01.889,50.7,"Dhaulagiri.csv"
"3285",1754694721994,24.8,2025-08-08 23:12:01.994,51.5,"Dhaulagiri.csv"
"3286",1754701981568,24.3,2025-08-09 01:13:01.568,51.9,"Dhaulagiri.csv"
"3287",1754706119569,23.8,2025-08-09 02:21:59.569,52.5,"Dhaulagiri.csv"
"3288",1754709243615,23.5,2025-08-09 03:14:03.615,53,"Dhaulagiri.csv"
"3289",1754716501752,23.4,2025-08-09 05:15:01.752,53.9,"Dhaulagiri.csv"
"3290",1754723761999,23.4,2025-08-09 07:16:01.999,54.4,"Dhaulagiri.csv"
"3291",1754729582066,23.9,2025-08-09 08:53:02.066,53.7,"Dhaulagiri.csv"
"3292",1754731023304,24.1,2025-08-09 09:17:03.304,53.2,"Dhaulagiri.csv"
"3293",1754738220982,24.6,2025-08-09 11:17:00.982,54.8,"Dhaulagiri.csv"
"3294",1754738284454,24.8,2025-08-09 11:18:04.454,54.7,"Dhaulagiri.csv"
"3295",1754742793249,25.3,2025-08-09 12:33:13.249,55.2,"Dhaulagiri.csv"
"3296",1754745543167,25.5,2025-08-09 13:19:03.167,54.9,"Dhaulagiri.csv"
"3297",1754752801658,25.9,2025-08-09 15:20:01.658,54.7,"Dhaulagiri.csv"
"3298",1754760061917,26.2,2025-08-09 17:21:01.917,54.7,"Dhaulagiri.csv"
"3299",1754767322142,26.3,2025-08-09 19:22:02.142,54.2,"Dhaulagiri.csv"
"3300",1754774582373,26.1,2025-08-09 21:23:02.373,53.1,"Dhaulagiri.csv"
"3301",1754781842361,25.6,2025-08-09 23:24:02.361,52.1,"Dhaulagiri.csv"
"3302",1754787482279,25.1,2025-08-10 00:58:02.279,51.8,"Dhaulagiri.csv"
"3303",1754789102550,24.9,2025-08-10 01:25:02.55,51.7,"Dhaulagiri.csv"
"3304",1754793062125,24.4,2025-08-10 02:31:02.125,51.6,"Dhaulagiri.csv"
"3305",1754796362068,23.9,2025-08-10 03:26:02.068,51.7,"Dhaulagiri.csv"
"3306",1754800803919,23.4,2025-08-10 04:40:03.919,52.7,"Dhaulagiri.csv"
"3307",1754803624120,23.1,2025-08-10 05:27:04.12,52.8,"Dhaulagiri.csv"
"3308",1754810881455,22.7,2025-08-10 07:28:01.455,52.1,"Dhaulagiri.csv"
"3309",1754818153684,23.1,2025-08-10 09:29:13.684,51.7,"Dhaulagiri.csv"
"3310",1754823722582,23.6,2025-08-10 11:02:02.582,51.6,"Dhaulagiri.csv"
"3311",1754825405720,23.7,2025-08-10 11:30:05.72,51.6,"Dhaulagiri.csv"
"3312",1754831583308,24.2,2025-08-10 13:13:03.308,52.4,"Dhaulagiri.csv"
"3313",1754832661719,24.3,2025-08-10 13:31:01.719,52.3,"Dhaulagiri.csv"
"3314",1754839921235,24.6,2025-08-10 15:32:01.235,52.1,"Dhaulagiri.csv"
"3315",1754847194095,24.6,2025-08-10 17:33:14.095,49.3,"Dhaulagiri.csv"
"3316",1754854442425,24.5,2025-08-10 19:34:02.425,48.2,"Dhaulagiri.csv"
"3317",1754859778547,24,2025-08-10 21:02:58.547,46.4,"Dhaulagiri.csv"
"3318",1754861703213,23.9,2025-08-10 21:35:03.213,46.7,"Dhaulagiri.csv"
"3319",1754867343076,23.4,2025-08-10 23:09:03.076,47.2,"Dhaulagiri.csv"
"3320",1754868965341,23.2,2025-08-10 23:36:05.341,47.3,"Dhaulagiri.csv"
"3321",1754873282138,22.7,2025-08-11 00:48:02.138,47.8,"Dhaulagiri.csv"
"3322",1754876224506,22.3,2025-08-11 01:37:04.506,48.6,"Dhaulagiri.csv"
"3323",1754880782320,21.8,2025-08-11 02:53:02.32,49.5,"Dhaulagiri.csv"
"3324",1754883482343,21.6,2025-08-11 03:38:02.343,50.3,"Dhaulagiri.csv"
"3325",1754890080361,21.1,2025-08-11 05:28:00.361,51.2,"Dhaulagiri.csv"
"3326",1754890752178,21.1,2025-08-11 05:39:12.178,51.3,"Dhaulagiri.csv"
"3327",1749729965967,25.2,2025-06-12 12:06:05.967,41.2,"Everest.csv"
"3328",1749729996033,25.2,2025-06-12 12:06:36.033,38.7,"Everest.csv"
"3329",1749730027097,25.2,2025-06-12 12:07:07.097,38.7,"Everest.csv"
"3330",1749730564172,24.7,2025-06-12 12:16:04.172,37.1,"Everest.csv"
"3331",1749731043254,24.1,2025-06-12 12:24:03.254,37.7,"Everest.csv"
"3332",1749731943738,23.6,2025-06-12 12:39:03.738,38.1,"Everest.csv"
"3333",1749733263380,23.1,2025-06-12 13:01:03.38,36.7,"Everest.csv"
"3334",1749736322914,22.6,2025-06-12 13:52:02.914,38,"Everest.csv"
"3335",1749737463954,22.5,2025-06-12 14:11:03.954,38.5,"Everest.csv"
"3336",1749744720953,22.2,2025-06-12 16:12:00.953,40.7,"Everest.csv"
"3337",1749751981752,22,2025-06-12 18:13:01.752,41.9,"Everest.csv"
"3338",1749759240721,21.9,2025-06-12 20:14:00.721,42.6,"Everest.csv"
"3339",1749766500651,21.5,2025-06-12 22:15:00.651,40.7,"Everest.csv"
"3340",1749771482124,20.9,2025-06-12 23:38:02.124,39.1,"Everest.csv"
"3341",1749771843419,20.4,2025-06-12 23:44:03.419,38.8,"Everest.csv"
"3342",1749772263355,19.8,2025-06-12 23:51:03.355,38.7,"Everest.csv"
"3343",1749773763453,20.2,2025-06-13 00:16:03.453,40.3,"Everest.csv"
"3344",1749776282440,20.8,2025-06-13 00:58:02.44,41.6,"Everest.csv"
"3345",1749779583583,21.3,2025-06-13 01:53:03.583,43.3,"Everest.csv"
"3346",1749781024064,21.4,2025-06-13 02:17:04.064,43.6,"Everest.csv"
"3347",1749788281396,21.7,2025-06-13 04:18:01.396,45.1,"Everest.csv"
"3348",1749795541345,21.9,2025-06-13 06:19:01.345,46.1,"Everest.csv"
"3349",1749802321651,22.4,2025-06-13 08:12:01.651,44.7,"Everest.csv"
"3350",1749802803673,22.6,2025-06-13 08:20:03.673,43.9,"Everest.csv"
"3351",1749804363793,23.1,2025-06-13 08:46:03.793,41.9,"Everest.csv"
"3352",1749807722017,22.6,2025-06-13 09:42:02.017,40.6,"Everest.csv"
"3353",1749810063222,22.8,2025-06-13 10:21:03.222,39.3,"Everest.csv"
"3354",1749817321418,22.7,2025-06-13 12:22:01.418,40.5,"Everest.csv"
"3355",1749824581068,22.6,2025-06-13 14:23:01.068,42.2,"Everest.csv"
"3356",1749831844176,22.5,2025-06-13 16:24:04.176,42.9,"Everest.csv"
"3357",1749839103849,22.5,2025-06-13 18:25:03.849,43.4,"Everest.csv"
"3358",1749846368680,22.5,2025-06-13 20:26:08.68,43.7,"Everest.csv"
"3359",1749853621424,22.4,2025-06-13 22:27:01.424,43.9,"Everest.csv"
"3360",1749857643674,21.8,2025-06-13 23:34:03.674,44,"Everest.csv"
"3361",1749860883103,21.9,2025-06-14 00:28:03.103,44.7,"Everest.csv"
"3362",1749868142871,21.8,2025-06-14 02:29:02.871,46,"Everest.csv"
"3363",1749875401666,21.6,2025-06-14 04:30:01.666,47.4,"Everest.csv"
"3364",1749882662622,21.5,2025-06-14 06:31:02.622,48.7,"Everest.csv"
"3365",1749886862827,22,2025-06-14 07:41:02.827,48.9,"Everest.csv"
"3366",1749887704291,22.6,2025-06-14 07:55:04.291,47.4,"Everest.csv"
"3367",1749889923682,22.7,2025-06-14 08:32:03.682,46.7,"Everest.csv"
"3368",1749897182173,22.9,2025-06-14 10:33:02.173,46.4,"Everest.csv"
"3369",1749904440570,23.2,2025-06-14 12:34:00.57,46,"Everest.csv"
"3370",1749911701242,23.1,2025-06-14 14:35:01.242,46,"Everest.csv"
"3371",1749918961679,23,2025-06-14 16:36:01.679,46,"Everest.csv"
"3372",1749926221202,23,2025-06-14 18:37:01.202,46,"Everest.csv"
"3373",1749933481746,23,2025-06-14 20:38:01.746,45.9,"Everest.csv"
"3374",1749940741560,22.6,2025-06-14 22:39:01.56,46.2,"Everest.csv"
"3375",1749948001846,22.6,2025-06-15 00:40:01.846,46.7,"Everest.csv"
"3376",1749955261797,22.7,2025-06-15 02:41:01.797,47.5,"Everest.csv"
"3377",1749962520943,23.1,2025-06-15 04:42:00.943,49,"Everest.csv"
"3378",1749969781239,23.3,2025-06-15 06:43:01.239,49.7,"Everest.csv"
"3379",1749977042037,23.7,2025-06-15 08:44:02.037,49.6,"Everest.csv"
"3380",1749977643619,24.2,2025-06-15 08:54:03.619,48.8,"Everest.csv"
"3381",1749978963095,24.7,2025-06-15 09:16:03.095,47.5,"Everest.csv"
"3382",1749982083517,25.3,2025-06-15 10:08:03.517,46,"Everest.csv"
"3383",1749983403665,25.8,2025-06-15 10:30:03.665,45.2,"Everest.csv"
"3384",1749984303817,26,2025-06-15 10:45:03.817,44.8,"Everest.csv"
"3385",1749986884025,25.4,2025-06-15 11:28:04.025,44.8,"Everest.csv"
"3386",1749990662412,24.9,2025-06-15 12:31:02.412,45.4,"Everest.csv"
"3387",1749991563652,24.9,2025-06-15 12:46:03.652,45.5,"Everest.csv"
"3388",1749998821731,24.5,2025-06-15 14:47:01.731,46.2,"Everest.csv"
"3389",1750006080762,24.3,2025-06-15 16:48:00.762,46.7,"Everest.csv"
"3390",1750009743194,24.4,2025-06-15 17:49:03.194,52.2,"Everest.csv"
"3391",1750013341990,24.2,2025-06-15 18:49:01.99,53,"Everest.csv"
"3392",1750017841776,23.7,2025-06-15 20:04:01.776,54.5,"Everest.csv"
"3393",1750020603396,23.3,2025-06-15 20:50:03.396,56.6,"Everest.csv"
"3394",1750023303660,22.8,2025-06-15 21:35:03.66,58,"Everest.csv"
"3395",1750027863881,23.3,2025-06-15 22:51:03.881,55.9,"Everest.csv"
"3396",1750035122745,23.5,2025-06-16 00:52:02.745,54.6,"Everest.csv"
"3397",1750042381576,23.7,2025-06-16 02:53:01.576,54.3,"Everest.csv"
"3398",1750049646724,23.8,2025-06-16 04:54:06.724,54.2,"Everest.csv"
"3399",1750056904644,23.8,2025-06-16 06:55:04.644,53.1,"Everest.csv"
"3400",1750062903978,23.3,2025-06-16 08:35:03.978,50,"Everest.csv"
"3401",1750064107840,22.7,2025-06-16 08:55:07.84,49.6,"Everest.csv"
"3402",1750064167921,22.8,2025-06-16 08:56:07.921,49.7,"Everest.csv"
"3403",1750071423805,23.2,2025-06-16 10:57:03.805,50.6,"Everest.csv"
"3404",1750074424991,23.7,2025-06-16 11:47:04.991,49.6,"Everest.csv"
"3405",1750078685728,23.8,2025-06-16 12:58:05.728,50,"Everest.csv"
"3406",1750085943462,23.9,2025-06-16 14:59:03.462,50.3,"Everest.csv"
"3407",1750093202295,23.8,2025-06-16 17:00:02.295,50.2,"Everest.csv"
"3408",1750100462377,23.7,2025-06-16 19:01:02.377,50.2,"Everest.csv"
"3409",1750104966200,23.2,2025-06-16 20:16:06.2,48.3,"Everest.csv"
"3410",1750105567630,22.7,2025-06-16 20:26:07.63,48.3,"Everest.csv"
"3411",1750107724037,22.6,2025-06-16 21:02:04.037,49.7,"Everest.csv"
"3412",1750111144398,23.1,2025-06-16 21:59:04.398,51.2,"Everest.csv"
"3413",1750114988734,23.4,2025-06-16 23:03:08.734,51.8,"Everest.csv"
"3414",1750122242497,23.6,2025-06-17 01:04:02.497,51.9,"Everest.csv"
"3415",1750129501551,23.5,2025-06-17 03:05:01.551,52.1,"Everest.csv"
"3416",1750135264745,22.9,2025-06-17 04:41:04.745,51,"Everest.csv"
"3417",1750136764243,22.8,2025-06-17 05:06:04.243,51.5,"Everest.csv"
"3418",1750144024023,23.2,2025-06-17 07:07:04.023,52.4,"Everest.csv"
"3419",1750150382874,23.7,2025-06-17 08:53:02.874,51.4,"Everest.csv"
"3420",1750151284659,24,2025-06-17 09:08:04.659,50.5,"Everest.csv"
"3421",1750156263890,24.5,2025-06-17 10:31:03.89,48.5,"Everest.csv"
"3422",1750158543120,24.9,2025-06-17 11:09:03.12,46.6,"Everest.csv"
"3423",1750164963032,24.4,2025-06-17 12:56:03.032,46.7,"Everest.csv"
"3424",1750165802277,24.3,2025-06-17 13:10:02.277,46.8,"Everest.csv"
"3425",1750173061886,24.1,2025-06-17 15:11:01.886,47.8,"Everest.csv"
"3426",1750180321031,24.2,2025-06-17 17:12:01.031,49.3,"Everest.csv"
"3427",1750187581835,24.3,2025-06-17 19:13:01.835,49.9,"Everest.csv"
"3428",1750192322085,23.8,2025-06-17 20:32:02.085,48,"Everest.csv"
"3429",1750194840339,23.5,2025-06-17 21:14:00.339,48.8,"Everest.csv"
"3430",1750202101403,23.6,2025-06-17 23:15:01.403,50.6,"Everest.csv"
"3431",1750209363386,23.8,2025-06-18 01:16:03.386,50.7,"Everest.csv"
"3432",1750216621687,23.8,2025-06-18 03:17:01.687,50.9,"Everest.csv"
"3433",1750221304516,23.3,2025-06-18 04:35:04.516,51.9,"Everest.csv"
"3434",1750222144718,22.8,2025-06-18 04:49:04.718,53,"Everest.csv"
"3435",1750223884081,22.4,2025-06-18 05:18:04.081,54.3,"Everest.csv"
"3436",1750228021992,22.9,2025-06-18 06:27:01.992,53.4,"Everest.csv"
"3437",1750231143083,23.2,2025-06-18 07:19:03.083,52.9,"Everest.csv"
"3438",1750236182998,23.7,2025-06-18 08:43:02.998,52.9,"Everest.csv"
"3439",1750238403092,23.9,2025-06-18 09:20:03.092,53.1,"Everest.csv"
"3440",1750241762902,24.4,2025-06-18 10:16:02.902,51.6,"Everest.csv"
"3441",1750243203003,24.9,2025-06-18 10:40:03.003,49.1,"Everest.csv"
"3442",1750245663358,25.4,2025-06-18 11:21:03.358,47.1,"Everest.csv"
"3443",1750252924322,25.2,2025-06-18 13:22:04.322,46.9,"Everest.csv"
"3444",1750260180747,25,2025-06-18 15:23:00.747,48.3,"Everest.csv"
"3445",1750267440962,24.7,2025-06-18 17:24:00.962,48.4,"Everest.csv"
"3446",1750274700940,24.6,2025-06-18 19:25:00.94,48.8,"Everest.csv"
"3447",1750281963191,24.5,2025-06-18 21:26:03.191,48.9,"Everest.csv"
"3448",1750289223956,24.3,2025-06-18 23:27:03.956,49.5,"Everest.csv"
"3449",1750296481836,23.8,2025-06-19 01:28:01.836,50.1,"Everest.csv"
"3450",1750300984348,23.3,2025-06-19 02:43:04.348,50.3,"Everest.csv"
"3451",1750303743591,22.8,2025-06-19 03:29:03.591,49.6,"Everest.csv"
"3452",1750306923576,23.3,2025-06-19 04:22:03.576,50.6,"Everest.csv"
"3453",1750311005823,23.6,2025-06-19 05:30:05.823,48.8,"Everest.csv"
"3454",1750318261995,24,2025-06-19 07:31:01.995,50.2,"Everest.csv"
"3455",1750324147336,24.5,2025-06-19 09:09:07.336,46.4,"Everest.csv"
"3456",1750325527156,24.5,2025-06-19 09:32:07.156,44.8,"Everest.csv"
"3457",1750332784310,24.7,2025-06-19 11:33:04.31,42.3,"Everest.csv"
"3458",1750340042926,24.4,2025-06-19 13:34:02.926,41.8,"Everest.csv"
"3459",1750347304427,24.3,2025-06-19 15:35:04.427,40.1,"Everest.csv"
"3460",1750354565467,24.1,2025-06-19 17:36:05.467,39.5,"Everest.csv"
"3461",1750359010954,23.5,2025-06-19 18:50:10.954,38.7,"Everest.csv"
"3462",1750360744943,23,2025-06-19 19:19:04.943,37.9,"Everest.csv"
"3463",1750361829183,22.8,2025-06-19 19:37:09.183,38,"Everest.csv"
"3464",1750367042815,22.8,2025-06-19 21:04:02.815,40.2,"Everest.csv"
"3465",1750369083926,23,2025-06-19 21:38:03.926,40.6,"Everest.csv"
"3466",1750374961332,22.5,2025-06-19 23:16:01.332,40.7,"Everest.csv"
"3467",1750375505975,22,2025-06-19 23:25:05.975,41.2,"Everest.csv"
"3468",1750376283590,21.4,2025-06-19 23:38:03.59,41.9,"Everest.csv"
"3469",1750376344487,21.4,2025-06-19 23:39:04.487,41.9,"Everest.csv"
"3470",1750377303351,20.9,2025-06-19 23:55:03.351,42.8,"Everest.csv"
"3471",1750378503896,20.4,2025-06-20 00:15:03.896,43.4,"Everest.csv"
"3472",1750379643945,19.9,2025-06-20 00:34:03.945,44.2,"Everest.csv"
"3473",1750381383580,19.3,2025-06-20 01:03:03.58,45.3,"Everest.csv"
"3474",1750383603199,18.9,2025-06-20 01:40:03.199,46.7,"Everest.csv"
"3475",1750389302159,18.4,2025-06-20 03:15:02.159,48.4,"Everest.csv"
"3476",1750390867077,18.4,2025-06-20 03:41:07.077,48.5,"Everest.csv"
"3477",1750398122725,18.8,2025-06-20 05:42:02.725,50,"Everest.csv"
"3478",1750400884986,19.3,2025-06-20 06:28:04.986,49.6,"Everest.csv"
"3479",1750401905917,19.8,2025-06-20 06:45:05.917,49.6,"Everest.csv"
"3480",1750403344478,20.3,2025-06-20 07:09:04.478,49.3,"Everest.csv"
"3481",1750405085830,20.8,2025-06-20 07:38:05.83,49.1,"Everest.csv"
"3482",1750405383943,20.9,2025-06-20 07:43:03.943,49,"Everest.csv"
"3483",1750407484822,21.4,2025-06-20 08:18:04.822,48.8,"Everest.csv"
"3484",1750410422652,21.9,2025-06-20 09:07:02.652,48.6,"Everest.csv"
"3485",1750412643533,22.2,2025-06-20 09:44:03.533,45.2,"Everest.csv"
"3486",1750415404008,22.7,2025-06-20 10:30:04.008,43,"Everest.csv"
"3487",1750418642555,23.2,2025-06-20 11:24:02.555,41.6,"Everest.csv"
"3488",1750419903660,23.1,2025-06-20 11:45:03.66,41.2,"Everest.csv"
"3489",1750427162186,22.9,2025-06-20 13:46:02.186,42.9,"Everest.csv"
"3490",1750434421890,23,2025-06-20 15:47:01.89,43,"Everest.csv"
"3491",1750441682161,23,2025-06-20 17:48:02.161,41.6,"Everest.csv"
"3492",1750448880778,22.5,2025-06-20 19:48:00.778,38.1,"Everest.csv"
"3493",1750448944424,22.5,2025-06-20 19:49:04.424,37.9,"Everest.csv"
"3494",1750450682787,22,2025-06-20 20:18:02.787,38,"Everest.csv"
"3495",1750453142525,21.5,2025-06-20 20:59:02.525,38.1,"Everest.csv"
"3496",1750456023411,21,2025-06-20 21:47:03.411,39.5,"Everest.csv"
"3497",1750456204119,21,2025-06-20 21:50:04.119,39.6,"Everest.csv"
"3498",1750459023413,20.5,2025-06-20 22:37:03.413,40.8,"Everest.csv"
"3499",1750463462811,21,2025-06-20 23:51:02.811,42.8,"Everest.csv"
"3500",1750466042907,21.5,2025-06-21 00:34:02.907,43.5,"Everest.csv"
"3501",1750470722045,21.9,2025-06-21 01:52:02.045,44.1,"Everest.csv"
"3502",1750477981260,22.2,2025-06-21 03:53:01.26,44.9,"Everest.csv"
"3503",1750485241683,22.3,2025-06-21 05:54:01.683,44.8,"Everest.csv"
"3504",1750492501163,22.7,2025-06-21 07:55:01.163,42.8,"Everest.csv"
"3505",1750499761009,23.1,2025-06-21 09:56:01.009,42.5,"Everest.csv"
"3506",1750507021902,23.6,2025-06-21 11:57:01.902,42.2,"Everest.csv"
"3507",1750514281054,23.7,2025-06-21 13:58:01.054,41,"Everest.csv"
"3508",1750521540803,23.7,2025-06-21 15:59:00.803,38.9,"Everest.csv"
"3509",1750528801398,23.8,2025-06-21 18:00:01.398,38.6,"Everest.csv"
"3510",1750536060925,23.9,2025-06-21 20:01:00.925,39.7,"Everest.csv"
"3511",1750543020850,23.3,2025-06-21 21:57:00.85,41.7,"Everest.csv"
"3512",1750543323582,23.3,2025-06-21 22:02:03.582,42,"Everest.csv"
"3513",1750545242949,22.8,2025-06-21 22:34:02.949,42.9,"Everest.csv"
"3514",1750548603320,22.3,2025-06-21 23:30:03.32,43.8,"Everest.csv"
"3515",1750550584680,21.9,2025-06-22 00:03:04.68,44.6,"Everest.csv"
"3516",1750553583327,21.4,2025-06-22 00:53:03.327,46,"Everest.csv"
"3517",1750556463640,20.8,2025-06-22 01:41:03.64,47.3,"Everest.csv"
"3518",1750557544180,21.4,2025-06-22 01:59:04.18,47.1,"Everest.csv"
"3519",1750557844324,21.5,2025-06-22 02:04:04.324,47,"Everest.csv"
"3520",1750559883588,22,2025-06-22 02:38:03.588,46.8,"Everest.csv"
"3521",1750563842110,22.5,2025-06-22 03:44:02.11,46.5,"Everest.csv"
"3522",1750565102859,22.6,2025-06-22 04:05:02.859,46.3,"Everest.csv"
"3523",1750572361509,23,2025-06-22 06:06:01.509,46,"Everest.csv"
"3524",1750577822501,23.5,2025-06-22 07:37:02.501,44.3,"Everest.csv"
"3525",1750579623874,23.7,2025-06-22 08:07:03.874,43.2,"Everest.csv"
"3526",1750580884164,24.3,2025-06-22 08:28:04.164,42,"Everest.csv"
"3527",1750581423511,24.8,2025-06-22 08:37:03.511,39.1,"Everest.csv"
"3528",1750582143508,25.3,2025-06-22 08:49:03.508,39,"Everest.csv"
"3529",1750586881552,25,2025-06-22 10:08:01.552,39.5,"Everest.csv"
"3530",1750594141438,24.9,2025-06-22 12:09:01.438,40.9,"Everest.csv"
"3531",1750601400960,24.8,2025-06-22 14:10:00.96,41.6,"Everest.csv"
"3532",1750608661046,24.8,2025-06-22 16:11:01.046,42.1,"Everest.csv"
"3533",1750613282268,25.3,2025-06-22 17:28:02.268,39,"Everest.csv"
"3534",1750615922908,25.3,2025-06-22 18:12:02.908,39.6,"Everest.csv"
"3535",1750623181710,25.1,2025-06-22 20:13:01.71,40.8,"Everest.csv"
"3536",1750630441405,25.4,2025-06-22 22:14:01.405,38.2,"Everest.csv"
"3537",1750637702155,25.3,2025-06-23 00:15:02.155,40.2,"Everest.csv"
"3538",1750644961052,25.2,2025-06-23 02:16:01.052,40.8,"Everest.csv"
"3539",1750652222413,25.1,2025-06-23 04:17:02.413,43.3,"Everest.csv"
"3540",1750659481293,25.2,2025-06-23 06:18:01.293,44.9,"Everest.csv"
"3541",1750665481647,25.7,2025-06-23 07:58:01.647,45.7,"Everest.csv"
"3542",1750666743610,26,2025-06-23 08:19:03.61,43.3,"Everest.csv"
"3543",1750667883898,26.5,2025-06-23 08:38:03.898,42,"Everest.csv"
"3544",1750674001754,26.3,2025-06-23 10:20:01.754,41.5,"Everest.csv"
"3545",1750681261751,26.3,2025-06-23 12:21:01.751,41.3,"Everest.csv"
"3546",1750688520987,26.2,2025-06-23 14:22:00.987,41.6,"Everest.csv"
"3547",1750695781475,25.7,2025-06-23 16:23:01.475,42.5,"Everest.csv"
"3548",1750702200861,25.2,2025-06-23 18:10:00.861,41.5,"Everest.csv"
"3549",1750703043017,25.2,2025-06-23 18:24:03.017,41.3,"Everest.csv"
"3550",1750709221628,24.6,2025-06-23 20:07:01.628,39,"Everest.csv"
"3551",1750709584211,24.1,2025-06-23 20:13:04.211,38.6,"Everest.csv"
"3552",1750710063834,23.6,2025-06-23 20:21:03.834,38.8,"Everest.csv"
"3553",1750710305603,23.3,2025-06-23 20:25:05.603,38.9,"Everest.csv"
"3554",1750711267515,22.8,2025-06-23 20:41:07.515,39.6,"Everest.csv"
"3555",1750712343795,22.3,2025-06-23 20:59:03.795,40.6,"Everest.csv"
"3556",1750713723809,21.7,2025-06-23 21:22:03.809,41.3,"Everest.csv"
"3557",1750716482986,21.2,2025-06-23 22:08:02.986,42.4,"Everest.csv"
"3558",1750717565399,21.1,2025-06-23 22:26:05.399,42.4,"Everest.csv"
"3559",1750719783396,21.6,2025-06-23 23:03:03.396,43,"Everest.csv"
"3560",1750721763533,22.2,2025-06-23 23:36:03.533,43,"Everest.csv"
"3561",1750724823662,22.6,2025-06-24 00:27:03.662,42.5,"Everest.csv"
"3562",1750732081724,22.8,2025-06-24 02:28:01.724,41,"Everest.csv"
"3563",1750739340278,22.6,2025-06-24 04:29:00.278,40.5,"Everest.csv"
"3564",1750740183448,22.1,2025-06-24 04:43:03.448,40.4,"Everest.csv"
"3565",1750740783267,21.5,2025-06-24 04:53:03.267,40.9,"Everest.csv"
"3566",1750741383768,21,2025-06-24 05:03:03.768,41.4,"Everest.csv"
"3567",1750742344189,20.5,2025-06-24 05:19:04.189,42.1,"Everest.csv"
"3568",1750745403245,20,2025-06-24 06:10:03.245,42.7,"Everest.csv"
"3569",1750746602232,20.5,2025-06-24 06:30:02.232,43,"Everest.csv"
"3570",1750747744052,21,2025-06-24 06:49:04.052,43.3,"Everest.csv"
"3571",1750749183702,21.5,2025-06-24 07:13:03.702,43.4,"Everest.csv"
"3572",1750750923551,22,2025-06-24 07:42:03.551,43.6,"Everest.csv"
"3573",1750753383862,22.5,2025-06-24 08:23:03.862,43.7,"Everest.csv"
"3574",1750753864295,22.6,2025-06-24 08:31:04.295,43.6,"Everest.csv"
"3575",1750758003314,23.1,2025-06-24 09:40:03.314,44,"Everest.csv"
"3576",1750761123143,23.2,2025-06-24 10:32:03.143,41.8,"Everest.csv"
"3577",1750768381966,23.4,2025-06-24 12:33:01.966,42,"Everest.csv"
"3578",1750775521320,23.9,2025-06-24 14:32:01.32,42.4,"Everest.csv"
"3579",1750775643904,23.9,2025-06-24 14:34:03.904,42.3,"Everest.csv"
"3580",1750782901909,24.1,2025-06-24 16:35:01.909,42.5,"Everest.csv"
"3581",1750790162164,24.1,2025-06-24 18:36:02.164,43.1,"Everest.csv"
"3582",1750797421622,24,2025-06-24 20:37:01.622,44,"Everest.csv"
"3583",1750804681384,24.1,2025-06-24 22:38:01.384,45.1,"Everest.csv"
"3584",1750806543665,23.6,2025-06-24 23:09:03.665,47.2,"Everest.csv"
"3585",1750811941219,23.7,2025-06-25 00:39:01.219,47.3,"Everest.csv"
"3586",1750819200906,23.8,2025-06-25 02:40:00.906,48.2,"Everest.csv"
"3587",1750826462039,23.8,2025-06-25 04:41:02.039,50.3,"Everest.csv"
"3588",1750827363992,23.3,2025-06-25 04:56:03.992,54.1,"Everest.csv"
"3589",1750828323612,22.7,2025-06-25 05:12:03.612,56.8,"Everest.csv"
"3590",1750829463989,22.2,2025-06-25 05:31:03.989,58.8,"Everest.csv"
"3591",1750831023176,21.7,2025-06-25 05:57:03.176,60.8,"Everest.csv"
"3592",1750833064665,22.2,2025-06-25 06:31:04.665,59,"Everest.csv"
"3593",1750833723607,22.4,2025-06-25 06:42:03.607,58.6,"Everest.csv"
"3594",1750836182728,22.9,2025-06-25 07:23:02.728,57.3,"Everest.csv"
"3595",1750840384420,23.4,2025-06-25 08:33:04.42,55.9,"Everest.csv"
"3596",1750840985739,23.5,2025-06-25 08:43:05.739,55.8,"Everest.csv"
"3597",1750846143419,24,2025-06-25 10:09:03.419,56.4,"Everest.csv"
"3598",1750848245904,24.4,2025-06-25 10:44:05.904,55.2,"Everest.csv"
"3599",1750855501790,24.6,2025-06-25 12:45:01.79,53,"Everest.csv"
"3600",1750862760861,24.5,2025-06-25 14:46:00.861,52.2,"Everest.csv"
"3601",1750870023634,24.6,2025-06-25 16:47:03.634,52.4,"Everest.csv"
"3602",1750877283598,24.6,2025-06-25 18:48:03.598,52,"Everest.csv"
"3603",1750882142813,24.1,2025-06-25 20:09:02.813,51.6,"Everest.csv"
"3604",1750883883448,23.6,2025-06-25 20:38:03.448,52.5,"Everest.csv"
"3605",1750884544076,23.4,2025-06-25 20:49:04.076,52.5,"Everest.csv"
"3606",1750891803625,23.8,2025-06-25 22:50:03.625,53,"Everest.csv"
"3607",1750899063348,24,2025-06-26 00:51:03.348,52.5,"Everest.csv"
"3608",1750906322328,23.9,2025-06-26 02:52:02.328,52.3,"Everest.csv"
"3609",1750913582120,23.4,2025-06-26 04:53:02.12,51.7,"Everest.csv"
"3610",1750914543689,22.9,2025-06-26 05:09:03.689,51.9,"Everest.csv"
"3611",1750916223739,22.4,2025-06-26 05:37:03.739,52.5,"Everest.csv"
"3612",1750920844068,22.8,2025-06-26 06:54:04.068,53.1,"Everest.csv"
"3613",1750924264405,23.3,2025-06-26 07:51:04.405,53.2,"Everest.csv"
"3614",1750928103250,23.7,2025-06-26 08:55:03.25,53.6,"Everest.csv"
"3615",1750932063052,24.2,2025-06-26 10:01:03.052,53.1,"Everest.csv"
"3616",1750934883165,24.7,2025-06-26 10:48:03.165,52.4,"Everest.csv"
"3617",1750935363948,24.7,2025-06-26 10:56:03.948,52.3,"Everest.csv"
"3618",1750942621367,24.9,2025-06-26 12:57:01.367,52.3,"Everest.csv"
"3619",1750948381976,25.4,2025-06-26 14:33:01.976,51.8,"Everest.csv"
"3620",1750949883714,25.6,2025-06-26 14:58:03.714,51.6,"Everest.csv"
"3621",1750957141201,25.3,2025-06-26 16:59:01.201,53.3,"Everest.csv"
"3622",1750964400831,25.2,2025-06-26 19:00:00.831,56.2,"Everest.csv"
"3623",1750969321612,24.6,2025-06-26 20:22:01.612,59.2,"Everest.csv"
"3624",1750971660623,24.7,2025-06-26 21:01:00.623,58.5,"Everest.csv"
"3625",1750978920912,24.9,2025-06-26 23:02:00.912,58.3,"Everest.csv"
"3626",1750986182278,24.8,2025-06-27 01:03:02.278,57.6,"Everest.csv"
"3627",1750993442126,24.8,2025-06-27 03:04:02.126,57.8,"Everest.csv"
"3628",1751000701509,24.7,2025-06-27 05:05:01.509,57.4,"Everest.csv"
"3629",1751004121971,24.1,2025-06-27 06:02:01.971,57.4,"Everest.csv"
"3630",1751007963089,24.4,2025-06-27 07:06:03.089,57.3,"Everest.csv"
"3631",1751015221304,24.8,2025-06-27 09:07:01.304,57.3,"Everest.csv"
"3632",1751022480418,24.6,2025-06-27 11:08:00.418,53.5,"Everest.csv"
"3633",1751029740931,24.8,2025-06-27 13:09:00.931,53,"Everest.csv"
"3634",1751037002174,24.6,2025-06-27 15:10:02.174,52.3,"Everest.csv"
"3635",1751043361524,24.1,2025-06-27 16:56:01.524,49.5,"Everest.csv"
"3636",1751044265233,23.9,2025-06-27 17:11:05.233,48.9,"Everest.csv"
"3637",1751051522698,24.1,2025-06-27 19:12:02.698,50.7,"Everest.csv"
"3638",1751054943292,23.5,2025-06-27 20:09:03.292,49.1,"Everest.csv"
"3639",1751055543940,23,2025-06-27 20:19:03.94,49,"Everest.csv"
"3640",1751056323411,22.4,2025-06-27 20:32:03.411,49.4,"Everest.csv"
"3641",1751057225570,21.9,2025-06-27 20:47:05.57,50,"Everest.csv"
"3642",1751058603625,21.4,2025-06-27 21:10:03.625,51,"Everest.csv"
"3643",1751058783925,21.4,2025-06-27 21:13:03.925,51.1,"Everest.csv"
"3644",1751060763866,20.9,2025-06-27 21:46:03.866,52,"Everest.csv"
"3645",1751062744911,20.4,2025-06-27 22:19:04.911,53.3,"Everest.csv"
"3646",1751065383635,20.9,2025-06-27 23:03:03.635,54.3,"Everest.csv"
"3647",1751066044746,21.2,2025-06-27 23:14:04.746,54.3,"Everest.csv"
"3648",1751067663111,21.7,2025-06-27 23:41:03.111,54.1,"Everest.csv"
"3649",1751069702962,22.2,2025-06-28 00:15:02.962,53.9,"Everest.csv"
"3650",1751073302836,22.6,2025-06-28 01:15:02.836,53.1,"Everest.csv"
"3651",1751080561044,22.6,2025-06-28 03:16:01.044,53,"Everest.csv"
"3652",1751085723797,22.1,2025-06-28 04:42:03.797,53.7,"Everest.csv"
"3653",1751086263695,21.6,2025-06-28 04:51:03.695,54.4,"Everest.csv"
"3654",1751087283580,21.1,2025-06-28 05:08:03.58,55.5,"Everest.csv"
"3655",1751087825732,21,2025-06-28 05:17:05.732,55.7,"Everest.csv"
"3656",1751089083443,21.5,2025-06-28 05:38:03.443,55.5,"Everest.csv"
"3657",1751090943369,22,2025-06-28 06:09:03.369,55.1,"Everest.csv"
"3658",1751093703570,22.5,2025-06-28 06:55:03.57,54.4,"Everest.csv"
"3659",1751095082990,22.7,2025-06-28 07:18:02.99,54.1,"Everest.csv"
"3660",1751098322623,23.2,2025-06-28 08:12:02.623,53.5,"Everest.csv"
"3661",1751102341816,23.6,2025-06-28 09:19:01.816,53,"Everest.csv"
"3662",1751108404049,24.1,2025-06-28 11:00:04.049,52.5,"Everest.csv"
"3663",1751109603870,24.2,2025-06-28 11:20:03.87,52.5,"Everest.csv"
"3664",1751116861434,24.3,2025-06-28 13:21:01.434,52.5,"Everest.csv"
"3665",1751124121871,24.5,2025-06-28 15:22:01.871,52.6,"Everest.csv"
"3666",1751131380467,24.6,2025-06-28 17:23:00.467,53.1,"Everest.csv"
"3667",1751138640987,24.7,2025-06-28 19:24:00.987,53.5,"Everest.csv"
"3668",1751145902140,24.9,2025-06-28 21:25:02.14,57.4,"Everest.csv"
"3669",1751153162693,24.8,2025-06-28 23:26:02.693,60.2,"Everest.csv"
"3670",1751160422414,25,2025-06-29 01:27:02.414,58.7,"Everest.csv"
"3671",1751167681687,24.9,2025-06-29 03:28:01.687,58.6,"Everest.csv"
"3672",1751174941084,24.7,2025-06-29 05:29:01.084,60.6,"Everest.csv"
"3673",1751182201406,24.8,2025-06-29 07:30:01.406,60.5,"Everest.csv"
"3674",1751189461538,25.2,2025-06-29 09:31:01.538,59.8,"Everest.csv"
"3675",1751196723490,25.6,2025-06-29 11:32:03.49,59.2,"Everest.csv"
"3676",1751203981495,25.5,2025-06-29 13:33:01.495,58.5,"Everest.csv"
"3677",1751211241706,25.4,2025-06-29 15:34:01.706,57.8,"Everest.csv"
"3678",1751218501262,25.4,2025-06-29 17:35:01.262,55.9,"Everest.csv"
"3679",1751222162417,25.4,2025-06-29 18:36:02.417,50.9,"Everest.csv"
"3680",1751225043093,25.1,2025-06-29 19:24:03.093,45.8,"Everest.csv"
"3681",1751225764135,25.2,2025-06-29 19:36:04.135,46.9,"Everest.csv"
"3682",1751228522669,24.6,2025-06-29 20:22:02.669,42.4,"Everest.csv"
"3683",1751230202974,24.1,2025-06-29 20:50:02.974,42,"Everest.csv"
"3684",1751232123115,23.6,2025-06-29 21:22:03.115,41.8,"Everest.csv"
"3685",1751233023253,23.5,2025-06-29 21:37:03.253,41.5,"Everest.csv"
"3686",1751235303064,23,2025-06-29 22:15:03.064,41.6,"Everest.csv"
"3687",1751237942906,22.5,2025-06-29 22:59:02.906,42.5,"Everest.csv"
"3688",1751239863462,23,2025-06-29 23:31:03.462,44.7,"Everest.csv"
"3689",1751240283692,23.1,2025-06-29 23:38:03.692,44.9,"Everest.csv"
"3690",1751242864461,23.6,2025-06-30 00:21:04.461,45.3,"Everest.csv"
"3691",1751247542877,24,2025-06-30 01:39:02.877,45.1,"Everest.csv"
"3692",1751254801518,24.1,2025-06-30 03:40:01.518,45.6,"Everest.csv"
"3693",1751259062545,23.6,2025-06-30 04:51:02.545,44.7,"Everest.csv"
"3694",1751259723299,23,2025-06-30 05:02:03.299,44.8,"Everest.csv"
"3695",1751261103693,22.5,2025-06-30 05:25:03.693,45.3,"Everest.csv"
"3696",1751262063753,22.3,2025-06-30 05:41:03.753,45.7,"Everest.csv"
"3697",1751269321276,22.5,2025-06-30 07:42:01.276,45.9,"Everest.csv"
"3698",1751270823853,23,2025-06-30 08:07:03.853,45,"Everest.csv"
"3699",1751271963717,23.5,2025-06-30 08:26:03.717,44.2,"Everest.csv"
"3700",1751272923988,24,2025-06-30 08:42:03.988,43.2,"Everest.csv"
"3701",1751276582900,24.1,2025-06-30 09:43:02.9,40.8,"Everest.csv"
"3702",1751283841228,24.3,2025-06-30 11:44:01.228,42.1,"Everest.csv"
"3703",1751291101964,24.2,2025-06-30 13:45:01.964,40.6,"Everest.csv"
"3704",1751298361682,24.4,2025-06-30 15:46:01.682,42.1,"Everest.csv"
"3705",1751305621162,24.4,2025-06-30 17:47:01.162,42.2,"Everest.csv"
"3706",1751312880759,24.5,2025-06-30 19:48:00.759,41.9,"Everest.csv"
"3707",1751315403609,24,2025-06-30 20:30:03.609,38.3,"Everest.csv"
"3708",1751317622951,23.4,2025-06-30 21:07:02.951,38.3,"Everest.csv"
"3709",1751320141714,23,2025-06-30 21:49:01.714,38.8,"Everest.csv"
"3710",1751327400734,23.4,2025-06-30 23:50:00.734,42.8,"Everest.csv"
"3711",1751334661083,23.6,2025-07-01 01:51:01.083,44.5,"Everest.csv"
"3712",1751341921397,23.7,2025-07-01 03:52:01.397,45.2,"Everest.csv"
"3713",1751345463146,23.1,2025-07-01 04:51:03.146,45.6,"Everest.csv"
"3714",1751346183948,22.6,2025-07-01 05:03:03.948,46.1,"Everest.csv"
"3715",1751347623479,22.1,2025-07-01 05:27:03.479,47,"Everest.csv"
"3716",1751349182925,21.9,2025-07-01 05:53:02.925,47.5,"Everest.csv"
"3717",1751352242502,22.4,2025-07-01 06:44:02.502,47.2,"Everest.csv"
"3718",1751354223547,22.9,2025-07-01 07:17:03.547,47.3,"Everest.csv"
"3719",1751356443697,23.4,2025-07-01 07:54:03.697,47.4,"Everest.csv"
"3720",1751358363449,23.9,2025-07-01 08:26:03.449,47.2,"Everest.csv"
"3721",1751358844238,24.4,2025-07-01 08:34:04.238,45.1,"Everest.csv"
"3722",1751359563740,25,2025-07-01 08:46:03.74,43.1,"Everest.csv"
"3723",1751363702404,24.8,2025-07-01 09:55:02.404,43.1,"Everest.csv"
"3724",1751370961608,24.9,2025-07-01 11:56:01.608,43.7,"Everest.csv"
"3725",1751378220893,24.9,2025-07-01 13:57:00.893,43.7,"Everest.csv"
"3726",1751385481753,24.9,2025-07-01 15:58:01.753,44,"Everest.csv"
"3727",1751392741619,24.9,2025-07-01 17:59:01.619,43.2,"Everest.csv"
"3728",1751400000384,25,2025-07-01 20:00:00.384,43.9,"Everest.csv"
"3729",1751407260856,25,2025-07-01 22:01:00.856,41.6,"Everest.csv"
"3730",1751411822549,24.4,2025-07-01 23:17:02.549,41.1,"Everest.csv"
"3731",1751414523761,24.1,2025-07-02 00:02:03.761,41.6,"Everest.csv"
"3732",1751417762910,23.6,2025-07-02 00:56:02.91,42.1,"Everest.csv"
"3733",1751421782717,23.5,2025-07-02 02:03:02.717,43,"Everest.csv"
"3734",1751424001238,24,2025-07-02 02:40:01.238,43.7,"Everest.csv"
"3735",1751427904451,24.5,2025-07-02 03:45:04.451,44.7,"Everest.csv"
"3736",1751429043656,24.6,2025-07-02 04:04:03.656,45,"Everest.csv"
"3737",1751436300734,25,2025-07-02 06:05:00.734,46.1,"Everest.csv"
"3738",1751443560697,25.3,2025-07-02 08:06:00.697,46.7,"Everest.csv"
"3739",1751449022396,25.9,2025-07-02 09:37:02.396,45.3,"Everest.csv"
"3740",1751449923078,26.4,2025-07-02 09:52:03.078,42.8,"Everest.csv"
"3741",1751450824129,26.7,2025-07-02 10:07:04.129,41.7,"Everest.csv"
"3742",1751451843878,27.3,2025-07-02 10:24:03.878,40.7,"Everest.csv"
"3743",1751452743352,27.8,2025-07-02 10:39:03.352,39.7,"Everest.csv"
"3744",1751456582679,27.3,2025-07-02 11:43:02.679,40.7,"Everest.csv"
"3745",1751458083136,27,2025-07-02 12:08:03.136,41.4,"Everest.csv"
"3746",1751463482385,26.5,2025-07-02 13:38:02.385,42.8,"Everest.csv"
"3747",1751465343879,26.4,2025-07-02 14:09:03.879,42.8,"Everest.csv"
"3748",1751472600404,26.4,2025-07-02 16:10:00.404,45.2,"Everest.csv"
"3749",1751479861886,26.4,2025-07-02 18:11:01.886,42.7,"Everest.csv"
"3750",1751487120867,26.4,2025-07-02 20:12:00.867,40.7,"Everest.csv"
"3751",1751493122452,26.9,2025-07-02 21:52:02.452,39.3,"Everest.csv"
"3752",1751494384003,26.9,2025-07-02 22:13:04.003,39.3,"Everest.csv"
"3753",1751501641653,26.8,2025-07-03 00:14:01.653,40.7,"Everest.csv"
"3754",1751507823375,26.3,2025-07-03 01:57:03.375,45.6,"Everest.csv"
"3755",1751508903729,26.2,2025-07-03 02:15:03.729,46.3,"Everest.csv"
"3756",1751511423132,25.7,2025-07-03 02:57:03.132,47.8,"Everest.csv"
"3757",1751516160634,26,2025-07-03 04:16:00.634,48.7,"Everest.csv"
"3758",1751520241685,26.5,2025-07-03 05:24:01.685,48.5,"Everest.csv"
"3759",1751523423230,26.6,2025-07-03 06:17:03.23,48,"Everest.csv"
"3760",1751530680930,26.7,2025-07-03 08:18:00.93,47.9,"Everest.csv"
"3761",1751535421351,26.2,2025-07-03 09:37:01.351,49.6,"Everest.csv"
"3762",1751537943181,26.1,2025-07-03 10:19:03.181,48.5,"Everest.csv"
"3763",1751543404452,26.6,2025-07-03 11:50:04.452,44.8,"Everest.csv"
"3764",1751545203268,26.7,2025-07-03 12:20:03.268,44.3,"Everest.csv"
"3765",1751552461665,26.5,2025-07-03 14:21:01.665,40.5,"Everest.csv"
"3766",1751559720444,26.4,2025-07-03 16:22:00.444,40.8,"Everest.csv"
"3767",1751566982867,26.1,2025-07-03 18:23:02.867,40.2,"Everest.csv"
"3768",1751574240935,25.9,2025-07-03 20:24:00.935,40.8,"Everest.csv"
"3769",1751581501057,25.7,2025-07-03 22:25:01.057,40.4,"Everest.csv"
"3770",1751588761248,25.6,2025-07-04 00:26:01.248,40.9,"Everest.csv"
"3771",1751596022741,25.5,2025-07-04 02:27:02.741,41.5,"Everest.csv"
"3772",1751599862372,25,2025-07-04 03:31:02.372,40.6,"Everest.csv"
"3773",1751600103835,24.4,2025-07-04 03:35:03.835,40.8,"Everest.csv"
"3774",1751600403920,23.9,2025-07-04 03:40:03.92,41.1,"Everest.csv"
"3775",1751602143468,24.4,2025-07-04 04:09:03.468,42.4,"Everest.csv"
"3776",1751603283666,24.6,2025-07-04 04:28:03.666,42.6,"Everest.csv"
"3777",1751606342949,25.1,2025-07-04 05:19:02.949,43.5,"Everest.csv"
"3778",1751610542936,25.4,2025-07-04 06:29:02.936,43.7,"Everest.csv"
"3779",1751617801765,25.8,2025-07-04 08:30:01.765,44.4,"Everest.csv"
"3780",1751625061484,25.9,2025-07-04 10:31:01.484,42.2,"Everest.csv"
"3781",1751632320548,26.2,2025-07-04 12:32:00.548,39,"Everest.csv"
"3782",1751634783498,25.7,2025-07-04 13:13:03.498,36.6,"Everest.csv"
"3783",1751639581897,25.4,2025-07-04 14:33:01.897,35.2,"Everest.csv"
"3784",1751646840889,25.5,2025-07-04 16:34:00.889,36.5,"Everest.csv"
"3785",1751654101251,25.5,2025-07-04 18:35:01.251,37.1,"Everest.csv"
"3786",1751661360396,25.3,2025-07-04 20:36:00.396,37.3,"Everest.csv"
"3787",1751663762943,24.8,2025-07-04 21:16:02.943,36.3,"Everest.csv"
"3788",1751664243412,24.3,2025-07-04 21:24:03.412,36.5,"Everest.csv"
"3789",1751664843791,23.8,2025-07-04 21:34:03.791,36.7,"Everest.csv"
"3790",1751668622053,24.3,2025-07-04 22:37:02.053,38.2,"Everest.csv"
"3791",1751675881770,24.5,2025-07-05 00:38:01.77,38.4,"Everest.csv"
"3792",1751676783993,23.9,2025-07-05 00:53:03.993,37.4,"Everest.csv"
"3793",1751677204025,23.4,2025-07-05 01:00:04.025,37.4,"Everest.csv"
"3794",1751677743256,22.8,2025-07-05 01:09:03.256,37.3,"Everest.csv"
"3795",1751678283964,22.3,2025-07-05 01:18:03.964,37.5,"Everest.csv"
"3796",1751679483863,22.8,2025-07-05 01:38:03.863,38.3,"Everest.csv"
"3797",1751682482823,23.3,2025-07-05 02:28:02.823,38.5,"Everest.csv"
"3798",1751683143882,23.4,2025-07-05 02:39:03.882,38.3,"Everest.csv"
"3799",1751684823708,22.8,2025-07-05 03:07:03.708,37.5,"Everest.csv"
"3800",1751685244387,22.3,2025-07-05 03:14:04.387,37.5,"Everest.csv"
"3801",1751685844523,21.7,2025-07-05 03:24:04.523,37.5,"Everest.csv"
"3802",1751686503194,21.2,2025-07-05 03:35:03.194,37.9,"Everest.csv"
"3803",1751687343333,20.7,2025-07-05 03:49:03.333,38.4,"Everest.csv"
"3804",1751690042226,21.2,2025-07-05 04:34:02.226,39.4,"Everest.csv"
"3805",1751690404411,21.5,2025-07-05 04:40:04.411,39.4,"Everest.csv"
"3806",1751691483593,22,2025-07-05 04:58:03.593,39.7,"Everest.csv"
"3807",1751692923283,22.5,2025-07-05 05:22:03.283,39.8,"Everest.csv"
"3808",1751694724124,23,2025-07-05 05:52:04.124,40.1,"Everest.csv"
"3809",1751697542997,23.5,2025-07-05 06:39:02.997,40.6,"Everest.csv"
"3810",1751697663788,23.6,2025-07-05 06:41:03.788,40.6,"Everest.csv"
"3811",1751701323229,24.1,2025-07-05 07:42:03.229,41.1,"Everest.csv"
"3812",1751704923466,24.5,2025-07-05 08:42:03.466,41,"Everest.csv"
"3813",1751708283275,25,2025-07-05 09:38:03.275,38.2,"Everest.csv"
"3814",1751710143604,25.5,2025-07-05 10:09:03.604,35.9,"Everest.csv"
"3815",1751712183409,25.6,2025-07-05 10:43:03.409,35.1,"Everest.csv"
"3816",1751715123115,26.1,2025-07-05 11:32:03.115,35.3,"Everest.csv"
"3817",1751716323833,26.3,2025-07-05 11:52:03.833,30,"Everest.csv"
"3818",1751719443068,26,2025-07-05 12:44:03.068,34.3,"Everest.csv"
"3819",1751726700995,25.6,2025-07-05 14:45:00.995,36.3,"Everest.csv"
"3820",1751733961590,25.6,2025-07-05 16:46:01.59,37,"Everest.csv"
"3821",1751741221044,25.5,2025-07-05 18:47:01.044,37.1,"Everest.csv"
"3822",1751748481150,25.3,2025-07-05 20:48:01.15,36,"Everest.csv"
"3823",1751755740914,25.1,2025-07-05 22:49:00.914,37.2,"Everest.csv"
"3824",1751763000722,25.2,2025-07-06 00:50:00.722,37.9,"Everest.csv"
"3825",1751766423793,24.6,2025-07-06 01:47:03.793,38.6,"Everest.csv"
"3826",1751767203528,24.1,2025-07-06 02:00:03.528,39.1,"Everest.csv"
"3827",1751768044478,23.6,2025-07-06 02:14:04.478,39.8,"Everest.csv"
"3828",1751769363454,23.1,2025-07-06 02:36:03.454,40.6,"Everest.csv"
"3829",1751770263227,22.8,2025-07-06 02:51:03.227,41.3,"Everest.csv"
"3830",1751772063446,22.3,2025-07-06 03:21:03.446,42.6,"Everest.csv"
"3831",1751777521136,22.1,2025-07-06 04:52:01.136,43.2,"Everest.csv"
"3832",1751781421988,22.6,2025-07-06 05:57:01.988,42.6,"Everest.csv"
"3833",1751784543205,23.1,2025-07-06 06:49:03.205,41.5,"Everest.csv"
"3834",1751784783631,23.2,2025-07-06 06:53:03.631,41.4,"Everest.csv"
"3835",1751786763451,23.7,2025-07-06 07:26:03.451,41,"Everest.csv"
"3836",1751789403236,24.2,2025-07-06 08:10:03.236,40,"Everest.csv"
"3837",1751791083330,24.7,2025-07-06 08:38:03.33,39.1,"Everest.csv"
"3838",1751791984144,25.2,2025-07-06 08:53:04.144,39.1,"Everest.csv"
"3839",1751792044464,25.3,2025-07-06 08:54:04.464,39.1,"Everest.csv"
"3840",1751796062490,25.7,2025-07-06 10:01:02.49,33.8,"Everest.csv"
"3841",1751797863779,26.3,2025-07-06 10:31:03.779,33.5,"Everest.csv"
"3842",1751799302903,26.7,2025-07-06 10:55:02.903,32.5,"Everest.csv"
"3843",1751806560703,26.3,2025-07-06 12:56:00.703,33.5,"Everest.csv"
"3844",1751813820855,25.9,2025-07-06 14:57:00.855,36.5,"Everest.csv"
"3845",1751821080991,25.8,2025-07-06 16:58:00.991,36.8,"Everest.csv"
"3846",1751828341703,25.6,2025-07-06 18:59:01.703,36.4,"Everest.csv"
"3847",1751835601191,25.4,2025-07-06 21:00:01.191,36.6,"Everest.csv"
"3848",1751839023116,24.9,2025-07-06 21:57:03.116,37,"Everest.csv"
"3849",1751840283564,24.3,2025-07-06 22:18:03.564,37.8,"Everest.csv"
"3850",1751842143771,23.8,2025-07-06 22:49:03.771,39.4,"Everest.csv"
"3851",1751842863268,23.7,2025-07-06 23:01:03.268,39.9,"Everest.csv"
"3852",1751846102661,24.2,2025-07-06 23:55:02.661,40.1,"Everest.csv"
"3853",1751850123265,24.7,2025-07-07 01:02:03.265,39.8,"Everest.csv"
"3854",1751857381062,24.8,2025-07-07 03:03:01.062,41.8,"Everest.csv"
"3855",1751857923336,24.2,2025-07-07 03:12:03.336,44.1,"Everest.csv"
"3856",1751858705892,23.7,2025-07-07 03:25:05.892,45.4,"Everest.csv"
"3857",1751859543628,23.2,2025-07-07 03:39:03.628,46.9,"Everest.csv"
"3858",1751860623459,22.7,2025-07-07 03:57:03.459,48,"Everest.csv"
"3859",1751862005667,22.2,2025-07-07 04:20:05.667,49.2,"Everest.csv"
"3860",1751864644239,21.7,2025-07-07 05:04:04.239,50.6,"Everest.csv"
"3861",1751871901523,21.8,2025-07-07 07:05:01.523,52.1,"Everest.csv"
"3862",1751878980861,22.4,2025-07-07 09:03:00.861,52.8,"Everest.csv"
"3863",1751879163883,22.5,2025-07-07 09:06:03.883,52.6,"Everest.csv"
"3864",1751880783899,23,2025-07-07 09:33:03.899,52.1,"Everest.csv"
"3865",1751882943471,23.5,2025-07-07 10:09:03.471,51.1,"Everest.csv"
"3866",1751886422123,23.2,2025-07-07 11:07:02.123,54.2,"Everest.csv"
"3867",1751889003256,23.7,2025-07-07 11:50:03.256,52,"Everest.csv"
"3868",1751893024802,24.2,2025-07-07 12:57:04.802,50.4,"Everest.csv"
"3869",1751893683369,24.3,2025-07-07 13:08:03.369,50.2,"Everest.csv"
"3870",1751900941394,24.7,2025-07-07 15:09:01.394,48.6,"Everest.csv"
"3871",1751908201093,24.7,2025-07-07 17:10:01.093,48.3,"Everest.csv"
"3872",1751915463409,24.7,2025-07-07 19:11:03.409,48.2,"Everest.csv"
"3873",1751918103389,24.1,2025-07-07 19:55:03.389,50.8,"Everest.csv"
"3874",1751918705140,23.6,2025-07-07 20:05:05.14,53.6,"Everest.csv"
"3875",1751920563457,24.1,2025-07-07 20:36:03.457,50.6,"Everest.csv"
"3876",1751922724214,24.2,2025-07-07 21:12:04.214,50.1,"Everest.csv"
"3877",1751929981510,24.3,2025-07-07 23:13:01.51,50,"Everest.csv"
"3878",1751934542695,23.8,2025-07-08 00:29:02.695,51.1,"Everest.csv"
"3879",1751935144150,23.3,2025-07-08 00:39:04.15,52,"Everest.csv"
"3880",1751935983663,22.8,2025-07-08 00:53:03.663,53.2,"Everest.csv"
"3881",1751936883396,22.3,2025-07-08 01:08:03.396,54.3,"Everest.csv"
"3882",1751937244092,22.1,2025-07-08 01:14:04.092,54.7,"Everest.csv"
"3883",1751938083627,21.6,2025-07-08 01:28:03.627,56,"Everest.csv"
"3884",1751939523918,21.1,2025-07-08 01:52:03.918,57.4,"Everest.csv"
"3885",1751941563443,20.5,2025-07-08 02:26:03.443,58.6,"Everest.csv"
"3886",1751943603669,21.1,2025-07-08 03:00:03.669,58.2,"Everest.csv"
"3887",1751944503978,21.6,2025-07-08 03:15:03.978,58.1,"Everest.csv"
"3888",1751945764830,22.1,2025-07-08 03:36:04.83,57.7,"Everest.csv"
"3889",1751947743587,22.7,2025-07-08 04:09:03.587,56.9,"Everest.csv"
"3890",1751951043653,23.2,2025-07-08 05:04:03.653,55.4,"Everest.csv"
"3891",1751951764280,23.2,2025-07-08 05:16:04.28,55.2,"Everest.csv"
"3892",1751959022881,23.7,2025-07-08 07:17:02.881,53.4,"Everest.csv"
"3893",1751960403234,23.1,2025-07-08 07:40:03.234,51.1,"Everest.csv"
"3894",1751963463229,23.7,2025-07-08 08:31:03.229,51.1,"Everest.csv"
"3895",1751966283346,24.1,2025-07-08 09:18:03.346,50.3,"Everest.csv"
"3896",1751973541667,24.2,2025-07-08 11:19:01.667,48.9,"Everest.csv"
"3897",1751980801435,24.1,2025-07-08 13:20:01.435,45.1,"Everest.csv"
"3898",1751988061203,24,2025-07-08 15:21:01.203,43.6,"Everest.csv"
"3899",1751995321008,23.9,2025-07-08 17:22:01.008,43.3,"Everest.csv"
"3900",1752002581839,23.9,2025-07-08 19:23:01.839,44.1,"Everest.csv"
"3901",1752009841371,23.5,2025-07-08 21:24:01.371,44,"Everest.csv"
"3902",1752017101647,23.9,2025-07-08 23:25:01.647,45.7,"Everest.csv"
"3903",1752024361226,24.1,2025-07-09 01:26:01.226,48,"Everest.csv"
"3904",1752031621140,24.1,2025-07-09 03:27:01.14,49.2,"Everest.csv"
"3905",1752038461271,23.6,2025-07-09 05:21:01.271,48.9,"Everest.csv"
"3906",1752038885147,23.3,2025-07-09 05:28:05.147,49,"Everest.csv"
"3907",1752046140984,23.6,2025-07-09 07:29:00.984,48.6,"Everest.csv"
"3908",1752053400980,23.7,2025-07-09 09:30:00.98,48.2,"Everest.csv"
"3909",1752060661514,23.9,2025-07-09 11:31:01.514,48.3,"Everest.csv"
"3910",1752067922755,24,2025-07-09 13:32:02.755,47.6,"Everest.csv"
"3911",1752075182064,24,2025-07-09 15:33:02.064,47.3,"Everest.csv"
"3912",1752082441991,23.9,2025-07-09 17:34:01.991,48.2,"Everest.csv"
"3913",1752089701400,23.8,2025-07-09 19:35:01.4,47.9,"Everest.csv"
"3914",1752096961048,23.7,2025-07-09 21:36:01.048,47.9,"Everest.csv"
"3915",1752104221370,23.7,2025-07-09 23:37:01.37,48.5,"Everest.csv"
"3916",1752111482878,24,2025-07-10 01:38:02.878,49,"Everest.csv"
"3917",1752118743590,24,2025-07-10 03:39:03.59,50,"Everest.csv"
"3918",1752124921777,23.5,2025-07-10 05:22:01.777,50.1,"Everest.csv"
"3919",1752126004397,23,2025-07-10 05:40:04.397,50.5,"Everest.csv"
"3920",1752132541998,23.6,2025-07-10 07:29:01.998,49.8,"Everest.csv"
"3921",1752133265802,23.7,2025-07-10 07:41:05.802,49.6,"Everest.csv"
"3922",1752135723391,24.2,2025-07-10 08:22:03.391,49,"Everest.csv"
"3923",1752140522802,24.5,2025-07-10 09:42:02.802,48.2,"Everest.csv"
"3924",1752147781854,24.4,2025-07-10 11:43:01.854,48.9,"Everest.csv"
"3925",1752150366117,23.9,2025-07-10 12:26:06.117,51.2,"Everest.csv"
"3926",1752151084102,23.3,2025-07-10 12:38:04.102,52.9,"Everest.csv"
"3927",1752155043145,23.6,2025-07-10 13:44:03.145,51.6,"Everest.csv"
"3928",1752162300898,23.7,2025-07-10 15:45:00.898,51.1,"Everest.csv"
"3929",1752169561726,23.7,2025-07-10 17:46:01.726,50.7,"Everest.csv"
"3930",1752176821051,23.6,2025-07-10 19:47:01.051,50.6,"Everest.csv"
"3931",1752184081078,23.4,2025-07-10 21:48:01.078,50.5,"Everest.csv"
"3932",1752191341769,23.4,2025-07-10 23:49:01.769,51.5,"Everest.csv"
"3933",1752198603112,23.4,2025-07-11 01:50:03.112,52.4,"Everest.csv"
"3934",1752205861732,23.3,2025-07-11 03:51:01.732,52,"Everest.csv"
"3935",1752213121498,23.4,2025-07-11 05:52:01.498,51.6,"Everest.csv"
"3936",1752215942807,22.9,2025-07-11 06:39:02.807,50.6,"Everest.csv"
"3937",1752218103557,22.3,2025-07-11 07:15:03.557,51.7,"Everest.csv"
"3938",1752220383378,22.5,2025-07-11 07:53:03.378,51.5,"Everest.csv"
"3939",1752224883021,23,2025-07-11 09:08:03.021,51.4,"Everest.csv"
"3940",1752227643762,23.2,2025-07-11 09:54:03.762,51.2,"Everest.csv"
"3941",1752234900929,23.3,2025-07-11 11:55:00.929,50.2,"Everest.csv"
"3942",1752242160763,23.3,2025-07-11 13:56:00.763,50,"Everest.csv"
"3943",1752249422043,23.3,2025-07-11 15:57:02.043,49.9,"Everest.csv"
"3944",1752256683292,23.2,2025-07-11 17:58:03.292,51.7,"Everest.csv"
"3945",1752263941306,23,2025-07-11 19:59:01.306,52.4,"Everest.csv"
"3946",1752267184234,22.5,2025-07-11 20:53:04.234,53.8,"Everest.csv"
"3947",1752267904815,22,2025-07-11 21:05:04.815,54.8,"Everest.csv"
"3948",1752268743658,21.5,2025-07-11 21:19:03.658,56,"Everest.csv"
"3949",1752271203274,21.8,2025-07-11 22:00:03.274,54.5,"Everest.csv"
"3950",1752277321754,21.3,2025-07-11 23:42:01.754,57,"Everest.csv"
"3951",1752278283252,20.8,2025-07-11 23:58:03.252,58.3,"Everest.csv"
"3952",1752278463879,20.8,2025-07-12 00:01:03.879,58.6,"Everest.csv"
"3953",1752279603848,20.2,2025-07-12 00:20:03.848,59.9,"Everest.csv"
"3954",1752281283576,19.7,2025-07-12 00:48:03.576,61.5,"Everest.csv"
"3955",1752285542503,20.3,2025-07-12 01:59:02.503,62.3,"Everest.csv"
"3956",1752285724566,20.3,2025-07-12 02:02:04.566,62.2,"Everest.csv"
"3957",1752287103923,20.9,2025-07-12 02:25:03.923,61.7,"Everest.csv"
"3958",1752288903496,21.4,2025-07-12 02:55:03.496,61,"Everest.csv"
"3959",1752291545099,21.9,2025-07-12 03:39:05.099,60.4,"Everest.csv"
"3960",1752292984829,22,2025-07-12 04:03:04.829,59.9,"Everest.csv"
"3961",1752299761293,22.6,2025-07-12 05:56:01.293,58.8,"Everest.csv"
"3962",1752300244039,22.6,2025-07-12 06:04:04.039,58.6,"Everest.csv"
"3963",1752304682466,22.1,2025-07-12 07:18:02.466,59.5,"Everest.csv"
"3964",1752305584731,21.6,2025-07-12 07:33:04.731,60.7,"Everest.csv"
"3965",1752307504660,21.7,2025-07-12 08:05:04.66,59.3,"Everest.csv"
"3966",1752312602981,22.2,2025-07-12 09:30:02.981,58.9,"Everest.csv"
"3967",1752314762895,22.3,2025-07-12 10:06:02.895,58.7,"Everest.csv"
"3968",1752322020925,22.6,2025-07-12 12:07:00.925,58.2,"Everest.csv"
"3969",1752329281932,22.7,2025-07-12 14:08:01.932,57.9,"Everest.csv"
"3970",1752336541273,22.7,2025-07-12 16:09:01.273,57.4,"Everest.csv"
"3971",1752343801762,22.8,2025-07-12 18:10:01.762,57.4,"Everest.csv"
"3972",1752349803632,22.2,2025-07-12 19:50:03.632,61.4,"Everest.csv"
"3973",1752351075710,22.3,2025-07-12 20:11:15.71,60.7,"Everest.csv"
"3974",1752358320893,22.5,2025-07-12 22:12:00.893,58.8,"Everest.csv"
"3975",1752365580873,22.1,2025-07-13 00:13:00.873,62.1,"Everest.csv"
"3976",1752366543948,21.5,2025-07-13 00:29:03.948,63.5,"Everest.csv"
"3977",1752370981669,22.1,2025-07-13 01:43:01.669,61.9,"Everest.csv"
"3978",1752372843025,22.2,2025-07-13 02:14:03.025,61.6,"Everest.csv"
"3979",1752380100609,22.5,2025-07-13 04:15:00.609,61.8,"Everest.csv"
"3980",1752387360527,22.6,2025-07-13 06:16:00.527,61.8,"Everest.csv"
"3981",1752394621287,22.5,2025-07-13 08:17:01.287,63.4,"Everest.csv"
"3982",1752398642605,22,2025-07-13 09:24:02.605,64.7,"Everest.csv"
"3983",1752400923444,21.5,2025-07-13 10:02:03.444,65.9,"Everest.csv"
"3984",1752401883320,21.5,2025-07-13 10:18:03.32,65.7,"Everest.csv"
"3985",1752407342573,22,2025-07-13 11:49:02.573,63.9,"Everest.csv"
"3986",1752409142864,22.1,2025-07-13 12:19:02.864,63.6,"Everest.csv"
"3987",1752415862312,22.6,2025-07-13 14:11:02.312,61.8,"Everest.csv"
"3988",1752416403837,22.6,2025-07-13 14:20:03.837,61.7,"Everest.csv"
"3989",1752423661898,22.8,2025-07-13 16:21:01.898,60.7,"Everest.csv"
"3990",1752430920350,22.8,2025-07-13 18:22:00.35,60.3,"Everest.csv"
"3991",1752438181601,22.7,2025-07-13 20:23:01.601,59.9,"Everest.csv"
"3992",1752445441312,22.8,2025-07-13 22:24:01.312,60.3,"Everest.csv"
"3993",1752452704087,22.8,2025-07-14 00:25:04.087,60.1,"Everest.csv"
"3994",1752459962099,22.5,2025-07-14 02:26:02.099,61.3,"Everest.csv"
"3995",1752467221418,22.6,2025-07-14 04:27:01.418,62,"Everest.csv"
"3996",1752474480845,22.6,2025-07-14 06:28:00.845,62.2,"Everest.csv"
"3997",1752481741339,23,2025-07-14 08:29:01.339,61.4,"Everest.csv"
"3998",1752488282103,23.6,2025-07-14 10:18:02.103,60,"Everest.csv"
"3999",1752489003324,23.9,2025-07-14 10:30:03.324,59,"Everest.csv"
"4000",1752496262408,23.9,2025-07-14 12:31:02.408,59,"Everest.csv"
"4001",1752503520930,23.7,2025-07-14 14:32:00.93,58.9,"Everest.csv"
"4002",1752510781697,23.7,2025-07-14 16:33:01.697,58.9,"Everest.csv"
"4003",1752518041036,23.7,2025-07-14 18:34:01.036,59.3,"Everest.csv"
"4004",1752525301391,23.7,2025-07-14 20:35:01.391,59.3,"Everest.csv"
"4005",1752532561473,23.7,2025-07-14 22:36:01.473,59.4,"Everest.csv"
"4006",1752539821421,23.6,2025-07-15 00:37:01.421,59.4,"Everest.csv"
"4007",1752547081754,23.3,2025-07-15 02:38:01.754,60.8,"Everest.csv"
"4008",1752554341272,23.5,2025-07-15 04:39:01.272,61.8,"Everest.csv"
"4009",1752559621264,23,2025-07-15 06:07:01.264,63.9,"Everest.csv"
"4010",1752561363435,22.5,2025-07-15 06:36:03.435,65.1,"Everest.csv"
"4011",1752561604319,22.4,2025-07-15 06:40:04.319,65.2,"Everest.csv"
"4012",1752567061847,22.9,2025-07-15 08:11:01.847,65.4,"Everest.csv"
"4013",1752568863770,23.1,2025-07-15 08:41:03.77,65.2,"Everest.csv"
"4014",1752576121151,23,2025-07-15 10:42:01.151,64.4,"Everest.csv"
"4015",1752581641788,22.5,2025-07-15 12:14:01.788,64.8,"Everest.csv"
"4016",1752583383072,22.1,2025-07-15 12:43:03.072,64.9,"Everest.csv"
"4017",1752590641966,22.2,2025-07-15 14:44:01.966,63.1,"Everest.csv"
"4018",1752597901061,22.6,2025-07-15 16:45:01.061,62,"Everest.csv"
"4019",1752605163412,22.8,2025-07-15 18:46:03.412,61.5,"Everest.csv"
"4020",1752612420935,22.6,2025-07-15 20:47:00.935,60.8,"Everest.csv"
"4021",1752613324320,22.1,2025-07-15 21:02:04.32,61.5,"Everest.csv"
"4022",1752614104138,21.6,2025-07-15 21:15:04.138,62.4,"Everest.csv"
"4023",1752614823806,21.1,2025-07-15 21:27:03.806,63.7,"Everest.csv"
"4024",1752617342981,21.6,2025-07-15 22:09:02.981,63.1,"Everest.csv"
"4025",1752619683182,21.9,2025-07-15 22:48:03.182,62.7,"Everest.csv"
"4026",1752626940811,22.2,2025-07-16 00:49:00.811,61.5,"Everest.csv"
"4027",1752634201206,22.3,2025-07-16 02:50:01.206,61.4,"Everest.csv"
"4028",1752641461338,22.3,2025-07-16 04:51:01.338,61.1,"Everest.csv"
"4029",1752645961953,21.7,2025-07-16 06:06:01.953,60.1,"Everest.csv"
"4030",1752647463766,21.2,2025-07-16 06:31:03.766,60.6,"Everest.csv"
"4031",1752648723585,21.1,2025-07-16 06:52:03.585,60,"Everest.csv"
"4032",1752655981649,21.3,2025-07-16 08:53:01.649,56.1,"Everest.csv"
"4033",1752661621117,21.8,2025-07-16 10:27:01.117,57.4,"Everest.csv"
"4034",1752663244085,22.3,2025-07-16 10:54:04.085,57.2,"Everest.csv"
"4035",1752665343016,22.8,2025-07-16 11:29:03.016,56.9,"Everest.csv"
"4036",1752670502082,22.8,2025-07-16 12:55:02.082,56.1,"Everest.csv"
"4037",1752677761611,22.4,2025-07-16 14:56:01.611,55.4,"Everest.csv"
"4038",1752685020568,22.6,2025-07-16 16:57:00.568,56.6,"Everest.csv"
"4039",1752692281157,22.5,2025-07-16 18:58:01.157,56.3,"Everest.csv"
"4040",1752699541915,22.5,2025-07-16 20:59:01.915,56.8,"Everest.csv"
"4041",1752706801667,22.5,2025-07-16 23:00:01.667,57,"Everest.csv"
"4042",1752714061062,22.4,2025-07-17 01:01:01.062,57.7,"Everest.csv"
"4043",1752721321826,22.6,2025-07-17 03:02:01.826,58,"Everest.csv"
"4044",1752728581361,22.5,2025-07-17 05:03:01.361,57.9,"Everest.csv"
"4045",1752735840987,22.6,2025-07-17 07:04:00.987,57.5,"Everest.csv"
"4046",1752741841937,22,2025-07-17 08:44:01.937,57.9,"Everest.csv"
"4047",1752743103573,21.7,2025-07-17 09:05:03.573,58.1,"Everest.csv"
"4048",1752746582150,21.2,2025-07-17 10:03:02.15,59.2,"Everest.csv"
"4049",1752750124856,21.7,2025-07-17 11:02:04.856,58.8,"Everest.csv"
"4050",1752750363657,21.8,2025-07-17 11:06:03.657,58.9,"Everest.csv"
"4051",1752757621362,22,2025-07-17 13:07:01.362,59.9,"Everest.csv"
"4052",1752764761784,21.5,2025-07-17 15:06:01.784,64.9,"Everest.csv"
"4053",1752764884347,21.4,2025-07-17 15:08:04.347,64.9,"Everest.csv"
"4054",1752772141823,21.7,2025-07-17 17:09:01.823,63.5,"Everest.csv"
"4055",1752779401948,22,2025-07-17 19:10:01.948,63,"Everest.csv"
"4056",1752786662116,22,2025-07-17 21:11:02.116,65.5,"Everest.csv"
"4057",1752793921463,22,2025-07-17 23:12:01.463,66,"Everest.csv"
"4058",1752801181583,21.8,2025-07-18 01:13:01.583,66.4,"Everest.csv"
"4059",1752805685923,21.3,2025-07-18 02:28:05.923,67.8,"Everest.csv"
"4060",1752806883398,20.8,2025-07-18 02:48:03.398,68.9,"Everest.csv"
"4061",1752808443622,20.4,2025-07-18 03:14:03.622,70.1,"Everest.csv"
"4062",1752811202879,20.9,2025-07-18 04:00:02.879,70,"Everest.csv"
"4063",1752813602988,21.4,2025-07-18 04:40:02.988,69.2,"Everest.csv"
"4064",1752815705640,21.7,2025-07-18 05:15:05.64,68.4,"Everest.csv"
"4065",1752822961114,22.1,2025-07-18 07:16:01.114,67.6,"Everest.csv"
"4066",1752830222807,22.4,2025-07-18 09:17:02.807,66.7,"Everest.csv"
"4067",1752834842535,22.9,2025-07-18 10:34:02.535,64.5,"Everest.csv"
"4068",1752837482940,22.9,2025-07-18 11:18:02.94,62.8,"Everest.csv"
"4069",1752844741746,22.7,2025-07-18 13:19:01.746,62.9,"Everest.csv"
"4070",1752852002143,22.8,2025-07-18 15:20:02.143,62.7,"Everest.csv"
"4071",1752859261224,22.7,2025-07-18 17:21:01.224,62.7,"Everest.csv"
"4072",1752866521369,22.7,2025-07-18 19:22:01.369,62.2,"Everest.csv"
"4073",1752873781688,22.6,2025-07-18 21:23:01.688,62.4,"Everest.csv"
"4074",1752881041344,22.4,2025-07-18 23:24:01.344,63.3,"Everest.csv"
"4075",1752882663375,21.8,2025-07-18 23:51:03.375,64.8,"Everest.csv"
"4076",1752884763887,21.3,2025-07-19 00:26:03.887,66.3,"Everest.csv"
"4077",1752887763221,20.8,2025-07-19 01:16:03.221,68.1,"Everest.csv"
"4078",1752888304045,20.7,2025-07-19 01:25:04.045,68.3,"Everest.csv"
"4079",1752890944488,20.2,2025-07-19 02:09:04.488,69.7,"Everest.csv"
"4080",1752893763953,19.7,2025-07-19 02:56:03.953,70.9,"Everest.csv"
"4081",1752895563412,19.5,2025-07-19 03:26:03.412,71.4,"Everest.csv"
"4082",1752902821135,19.9,2025-07-19 05:27:01.135,74.1,"Everest.csv"
"4083",1752904743814,20.4,2025-07-19 05:59:03.814,73.4,"Everest.csv"
"4084",1752906664572,20.9,2025-07-19 06:31:04.572,72.9,"Everest.csv"
"4085",1752908523015,21.5,2025-07-19 07:02:03.015,71.6,"Everest.csv"
"4086",1752910083528,21.9,2025-07-19 07:28:03.528,69.8,"Everest.csv"
"4087",1752913382367,22.4,2025-07-19 08:23:02.367,68.4,"Everest.csv"
"4088",1752917342034,22.6,2025-07-19 09:29:02.034,67.1,"Everest.csv"
"4089",1752924481491,23.1,2025-07-19 11:28:01.491,65.5,"Everest.csv"
"4090",1752924604347,23.2,2025-07-19 11:30:04.347,65.3,"Everest.csv"
"4091",1752931860695,23.2,2025-07-19 13:31:00.695,64.3,"Everest.csv"
"4092",1752939121276,23.5,2025-07-19 15:32:01.276,63.6,"Everest.csv"
"4093",1752946382965,23.6,2025-07-19 17:33:02.965,61.5,"Everest.csv"
"4094",1752953641758,23.7,2025-07-19 19:34:01.758,61.8,"Everest.csv"
"4095",1752960901586,23.9,2025-07-19 21:35:01.586,61.6,"Everest.csv"
"4096",1752968161621,23.7,2025-07-19 23:36:01.621,61.5,"Everest.csv"
"4097",1752970862998,23.1,2025-07-20 00:21:02.998,62.8,"Everest.csv"
"4098",1752974105078,22.6,2025-07-20 01:15:05.078,64.4,"Everest.csv"
"4099",1752975423842,22.5,2025-07-20 01:37:03.842,65,"Everest.csv"
"4100",1752980402035,22,2025-07-20 03:00:02.035,67.4,"Everest.csv"
"4101",1752982623012,22.5,2025-07-20 03:37:03.012,67.3,"Everest.csv"
"4102",1752982684299,22.5,2025-07-20 03:38:04.299,67.3,"Everest.csv"
"4103",1752989102113,23,2025-07-20 05:25:02.113,66.5,"Everest.csv"
"4104",1752989943897,23.1,2025-07-20 05:39:03.897,66.5,"Everest.csv"
"4105",1752996421850,23.6,2025-07-20 07:27:01.85,66.7,"Everest.csv"
"4106",1752997205822,23.9,2025-07-20 07:40:05.822,66.4,"Everest.csv"
"4107",1752998643584,24.4,2025-07-20 08:04:03.584,65.4,"Everest.csv"
"4108",1753004464163,24.5,2025-07-20 09:41:04.163,63.8,"Everest.csv"
"4109",1753011722039,24.7,2025-07-20 11:42:02.039,63.3,"Everest.csv"
"4110",1753018980776,24.7,2025-07-20 13:43:00.776,60.7,"Everest.csv"
"4111",1753026242898,25,2025-07-20 15:44:02.898,58.3,"Everest.csv"
"4112",1753030982171,25.5,2025-07-20 17:03:02.171,57.1,"Everest.csv"
"4113",1753033503551,25.4,2025-07-20 17:45:03.551,58.2,"Everest.csv"
"4114",1753040761531,25.2,2025-07-20 19:46:01.531,59.2,"Everest.csv"
"4115",1753048021485,25.1,2025-07-20 21:47:01.485,59.8,"Everest.csv"
"4116",1753055282305,24.8,2025-07-20 23:48:02.305,59.1,"Everest.csv"
"4117",1753062541063,24.4,2025-07-21 01:49:01.063,59.5,"Everest.csv"
"4118",1753065483230,24,2025-07-21 02:38:03.23,64.6,"Everest.csv"
"4119",1753069802746,23.6,2025-07-21 03:50:02.746,68.6,"Everest.csv"
"4120",1753077061891,23.5,2025-07-21 05:51:01.891,69.8,"Everest.csv"
"4121",1753079822819,24,2025-07-21 06:37:02.819,68.9,"Everest.csv"
"4122",1753084321536,24.4,2025-07-21 07:52:01.536,67.7,"Everest.csv"
"4123",1753091581496,24.6,2025-07-21 09:53:01.496,66.4,"Everest.csv"
"4124",1753095423332,24.1,2025-07-21 10:57:03.332,69.4,"Everest.csv"
"4125",1753098843102,24.2,2025-07-21 11:54:03.102,68.8,"Everest.csv"
"4126",1753106101724,24.5,2025-07-21 13:55:01.724,67.2,"Everest.csv"
"4127",1753113361153,24.4,2025-07-21 15:56:01.153,65.8,"Everest.csv"
"4128",1753119302242,23.9,2025-07-21 17:35:02.242,63.2,"Everest.csv"
"4129",1753120623273,23.7,2025-07-21 17:57:03.273,62.8,"Everest.csv"
"4130",1753124702642,23.1,2025-07-21 19:05:02.642,62.2,"Everest.csv"
"4131",1753125004566,22.6,2025-07-21 19:10:04.566,62.8,"Everest.csv"
"4132",1753125784123,22,2025-07-21 19:23:04.123,63.9,"Everest.csv"
"4133",1753126323421,21.5,2025-07-21 19:32:03.421,65,"Everest.csv"
"4134",1753127283503,22,2025-07-21 19:48:03.503,64.8,"Everest.csv"
"4135",1753127884249,22.2,2025-07-21 19:58:04.249,64.8,"Everest.csv"
"4136",1753130283482,22.7,2025-07-21 20:38:03.482,64.5,"Everest.csv"
"4137",1753135141828,23.2,2025-07-21 21:59:01.828,63.9,"Everest.csv"
"4138",1753136644162,22.5,2025-07-21 22:24:04.162,63.5,"Everest.csv"
"4139",1753137064074,21.9,2025-07-21 22:31:04.074,64.1,"Everest.csv"
"4140",1753137723536,21.4,2025-07-21 22:42:03.536,64.8,"Everest.csv"
"4141",1753138685279,20.8,2025-07-21 22:58:05.279,65.7,"Everest.csv"
"4142",1753139703953,20.3,2025-07-21 23:15:03.953,66.9,"Everest.csv"
"4143",1753141383410,19.8,2025-07-21 23:43:03.41,68.1,"Everest.csv"
"4144",1753142403053,19.5,2025-07-22 00:00:03.053,68.7,"Everest.csv"
"4145",1753144983262,19,2025-07-22 00:43:03.262,70.5,"Everest.csv"
"4146",1753149662723,18.6,2025-07-22 02:01:02.723,72.5,"Everest.csv"
"4147",1753155781833,19.1,2025-07-22 03:43:01.833,73.6,"Everest.csv"
"4148",1753156383416,19.7,2025-07-22 03:53:03.416,73,"Everest.csv"
"4149",1753156923785,20,2025-07-22 04:02:03.785,72.6,"Everest.csv"
"4150",1753158124218,20.5,2025-07-22 04:22:04.218,72,"Everest.csv"
"4151",1753159623594,21,2025-07-22 04:47:03.594,71.5,"Everest.csv"
"4152",1753161722982,21.5,2025-07-22 05:22:02.982,70.7,"Everest.csv"
"4153",1753164182527,21.9,2025-07-22 06:03:02.527,70.3,"Everest.csv"
"4154",1753168262219,22.4,2025-07-22 07:11:02.219,69.5,"Everest.csv"
"4155",1753171443996,22.5,2025-07-22 08:04:03.996,66.8,"Everest.csv"
"4156",1753178701532,22.7,2025-07-22 10:05:01.532,65.8,"Everest.csv"
"4157",1753180984811,23.2,2025-07-22 10:43:04.811,65.3,"Everest.csv"
"4158",1753185961826,23.1,2025-07-22 12:06:01.826,65,"Everest.csv"
"4159",1753193221351,23.2,2025-07-22 14:07:01.351,65.1,"Everest.csv"
"4160",1753200480740,23,2025-07-22 16:08:00.74,64.2,"Everest.csv"
"4161",1753207741000,23.1,2025-07-22 18:09:01,64.2,"Everest.csv"
"4162",1753215001468,23,2025-07-22 20:10:01.468,63.1,"Everest.csv"
"4163",1753222261425,22.9,2025-07-22 22:11:01.425,62.7,"Everest.csv"
"4164",1753226162747,22.3,2025-07-22 23:16:02.747,62.7,"Everest.csv"
"4165",1753227003403,21.7,2025-07-22 23:30:03.403,63.4,"Everest.csv"
"4166",1753228382865,21.2,2025-07-22 23:53:02.865,64.2,"Everest.csv"
"4167",1753229523451,20.9,2025-07-23 00:12:03.451,65,"Everest.csv"
"4168",1753231623323,20.3,2025-07-23 00:47:03.323,66.8,"Everest.csv"
"4169",1753234622781,19.8,2025-07-23 01:37:02.781,69.4,"Everest.csv"
"4170",1753236782624,19.6,2025-07-23 02:13:02.624,70.7,"Everest.csv"
"4171",1753240022957,20.1,2025-07-23 03:07:02.957,71.2,"Everest.csv"
"4172",1753241101633,20.6,2025-07-23 03:25:01.633,70.8,"Everest.csv"
"4173",1753242543924,21.2,2025-07-23 03:49:03.924,70.3,"Everest.csv"
"4174",1753244043318,21.5,2025-07-23 04:14:03.318,70,"Everest.csv"
"4175",1753247222765,22,2025-07-23 05:07:02.765,69,"Everest.csv"
"4176",1753251303173,22.4,2025-07-23 06:15:03.173,68.3,"Everest.csv"
"4177",1753258081259,21.9,2025-07-23 08:08:01.259,68,"Everest.csv"
"4178",1753258563421,21.5,2025-07-23 08:16:03.421,68.4,"Everest.csv"
"4179",1753259643380,20.9,2025-07-23 08:34:03.38,69.3,"Everest.csv"
"4180",1753263723929,21.5,2025-07-23 09:42:03.929,68.6,"Everest.csv"
"4181",1753265823421,21.8,2025-07-23 10:17:03.421,68,"Everest.csv"
"4182",1753270443487,22.3,2025-07-23 11:34:03.487,67.5,"Everest.csv"
"4183",1753273083461,22.4,2025-07-23 12:18:03.461,67.4,"Everest.csv"
"4184",1753280343412,22.1,2025-07-23 14:19:03.412,67.2,"Everest.csv"
"4185",1753287601657,22.5,2025-07-23 16:20:01.657,66.7,"Everest.csv"
"4186",1753294863720,22.6,2025-07-23 18:21:03.72,66.4,"Everest.csv"
"4187",1753302118445,22.6,2025-07-23 20:21:58.445,66.4,"Everest.csv"
"4188",1753309321201,22.6,2025-07-23 22:22:01.201,66.3,"Everest.csv"
"4189",1753316581037,22.6,2025-07-24 00:23:01.037,66,"Everest.csv"
"4190",1753323841459,22.1,2025-07-24 02:24:01.459,66.6,"Everest.csv"
"4191",1753331101850,22.4,2025-07-24 04:25:01.85,67.3,"Everest.csv"
"4192",1753338361186,22.6,2025-07-24 06:26:01.186,67.4,"Everest.csv"
"4193",1753345621167,22.8,2025-07-24 08:27:01.167,67.3,"Everest.csv"
"4194",1753352881256,22.6,2025-07-24 10:28:01.256,67.3,"Everest.csv"
"4195",1753360142156,22.9,2025-07-24 12:29:02.156,66.2,"Everest.csv"
"4196",1753367400863,23.1,2025-07-24 14:30:00.863,65.8,"Everest.csv"
"4197",1753374661657,23.2,2025-07-24 16:31:01.657,65.7,"Everest.csv"
"4198",1753381921589,23.1,2025-07-24 18:32:01.589,65.6,"Everest.csv"
"4199",1753389181392,23,2025-07-24 20:33:01.392,65.4,"Everest.csv"
"4200",1753396441561,22.9,2025-07-24 22:34:01.561,65.3,"Everest.csv"
"4201",1753403702371,22.8,2025-07-25 00:35:02.371,65.8,"Everest.csv"
"4202",1753410961334,23,2025-07-25 02:36:01.334,66.9,"Everest.csv"
"4203",1753418221777,23.1,2025-07-25 04:37:01.777,67.9,"Everest.csv"
"4204",1753425482038,23.2,2025-07-25 06:38:02.038,68.9,"Everest.csv"
"4205",1753430402110,22.7,2025-07-25 08:00:02.11,70.2,"Everest.csv"
"4206",1753432743396,22.7,2025-07-25 08:39:03.396,70.9,"Everest.csv"
"4207",1753438021449,23.2,2025-07-25 10:07:01.449,69,"Everest.csv"
"4208",1753440003577,23.2,2025-07-25 10:40:03.577,68.6,"Everest.csv"
"4209",1753447261318,23.3,2025-07-25 12:41:01.318,67.9,"Everest.csv"
"4210",1753454521736,23.5,2025-07-25 14:42:01.736,67.9,"Everest.csv"
"4211",1753461781586,23.5,2025-07-25 16:43:01.586,67.4,"Everest.csv"
"4212",1753469040833,23.4,2025-07-25 18:44:00.833,67.2,"Everest.csv"
"4213",1753476301120,23.3,2025-07-25 20:45:01.12,67.1,"Everest.csv"
"4214",1753483561008,23.3,2025-07-25 22:46:01.008,67.1,"Everest.csv"
"4215",1753490821962,23.3,2025-07-26 00:47:01.962,67.3,"Everest.csv"
"4216",1753498080899,23.2,2025-07-26 02:48:00.899,67.2,"Everest.csv"
"4217",1753505341018,23.4,2025-07-26 04:49:01.018,67.8,"Everest.csv"
"4218",1753512602823,23.5,2025-07-26 06:50:02.823,67.9,"Everest.csv"
"4219",1753519860765,23.6,2025-07-26 08:51:00.765,67.9,"Everest.csv"
"4220",1753527120849,23.6,2025-07-26 10:52:00.849,66.7,"Everest.csv"
"4221",1753529103753,23,2025-07-26 11:25:03.753,63.5,"Everest.csv"
"4222",1753530963495,22.5,2025-07-26 11:56:03.495,62.6,"Everest.csv"
"4223",1753534384740,22.2,2025-07-26 12:53:04.74,61.9,"Everest.csv"
"4224",1753538522968,22.7,2025-07-26 14:02:02.968,62.9,"Everest.csv"
"4225",1753541642876,22.9,2025-07-26 14:54:02.876,62.7,"Everest.csv"
"4226",1753548900459,23,2025-07-26 16:55:00.459,62.6,"Everest.csv"
"4227",1753556161007,23,2025-07-26 18:56:01.007,62.7,"Everest.csv"
"4228",1753563420944,22.9,2025-07-26 20:57:00.944,62.5,"Everest.csv"
"4229",1753563843765,22.4,2025-07-26 21:04:03.765,62.7,"Everest.csv"
"4230",1753570682630,22.5,2025-07-26 22:58:02.63,63.2,"Everest.csv"
"4231",1753577941414,22.6,2025-07-27 00:59:01.414,63,"Everest.csv"
"4232",1753585201135,22.2,2025-07-27 03:00:01.135,63.2,"Everest.csv"
"4233",1753592461293,22.6,2025-07-27 05:01:01.293,64.1,"Everest.csv"
"4234",1753599721267,22.9,2025-07-27 07:02:01.267,64.9,"Everest.csv"
"4235",1753606981355,23.1,2025-07-27 09:03:01.355,64.3,"Everest.csv"
"4236",1753612261661,23.4,2025-07-27 10:31:01.661,59.2,"Everest.csv"
"4237",1753614243237,23.7,2025-07-27 11:04:03.237,58.7,"Everest.csv"
"4238",1753618141960,24.2,2025-07-27 12:09:01.96,56.1,"Everest.csv"
"4239",1753621502647,24,2025-07-27 13:05:02.647,55.8,"Everest.csv"
"4240",1753628760382,23.8,2025-07-27 15:06:00.382,56.9,"Everest.csv"
"4241",1753636021926,23.6,2025-07-27 17:07:01.926,57.8,"Everest.csv"
"4242",1753643282336,23.5,2025-07-27 19:08:02.336,58.3,"Everest.csv"
"4243",1753650541230,23.4,2025-07-27 21:09:01.23,59.9,"Everest.csv"
"4244",1753657800850,23.4,2025-07-27 23:10:00.85,60.3,"Everest.csv"
"4245",1753665061034,23.3,2025-07-28 01:11:01.034,60.9,"Everest.csv"
"4246",1753665903298,22.8,2025-07-28 01:25:03.298,62.4,"Everest.csv"
"4247",1753667163513,22.3,2025-07-28 01:46:03.513,63.6,"Everest.csv"
"4248",1753669143572,21.8,2025-07-28 02:19:03.572,65.3,"Everest.csv"
"4249",1753671962938,22.3,2025-07-28 03:06:02.938,65.4,"Everest.csv"
"4250",1753672325551,22.4,2025-07-28 03:12:05.551,65.3,"Everest.csv"
"4251",1753675922191,22.9,2025-07-28 04:12:02.191,64.9,"Everest.csv"
"4252",1753679583644,23.2,2025-07-28 05:13:03.644,64.5,"Everest.csv"
"4253",1753686842458,23.4,2025-07-28 07:14:02.458,63.9,"Everest.csv"
"4254",1753694101564,23.7,2025-07-28 09:15:01.564,62.3,"Everest.csv"
"4255",1753701360945,23.8,2025-07-28 11:16:00.945,58.5,"Everest.csv"
"4256",1753708620811,23.8,2025-07-28 13:17:00.811,58.4,"Everest.csv"
"4257",1753715880860,23.7,2025-07-28 15:18:00.86,55.9,"Everest.csv"
"4258",1753723143237,23.5,2025-07-28 17:19:03.237,54.8,"Everest.csv"
"4259",1753730400746,23.3,2025-07-28 19:20:00.746,55,"Everest.csv"
"4260",1753737661220,23.3,2025-07-28 21:21:01.22,56.2,"Everest.csv"
"4261",1753743242188,22.8,2025-07-28 22:54:02.188,56.5,"Everest.csv"
"4262",1753744563906,22.2,2025-07-28 23:16:03.906,57.2,"Everest.csv"
"4263",1753744924132,22.1,2025-07-28 23:22:04.132,57.4,"Everest.csv"
"4264",1753746663496,21.6,2025-07-28 23:51:03.496,58.1,"Everest.csv"
"4265",1753748583249,21.1,2025-07-29 00:23:03.249,58.2,"Everest.csv"
"4266",1753750683104,20.6,2025-07-29 00:58:03.104,58.6,"Everest.csv"
"4267",1753751344340,21.1,2025-07-29 01:09:04.34,58.9,"Everest.csv"
"4268",1753752184267,21.5,2025-07-29 01:23:04.267,59,"Everest.csv"
"4269",1753754103664,22,2025-07-29 01:55:03.664,59.3,"Everest.csv"
"4270",1753758122405,22.5,2025-07-29 03:02:02.405,59.5,"Everest.csv"
"4271",1753759444070,22.6,2025-07-29 03:24:04.07,59.5,"Everest.csv"
"4272",1753766700483,22.8,2025-07-29 05:25:00.483,59.4,"Everest.csv"
"4273",1753773960781,22.8,2025-07-29 07:26:00.781,57.7,"Everest.csv"
"4274",1753781221953,23.2,2025-07-29 09:27:01.953,57.7,"Everest.csv"
"4275",1753788481664,23.4,2025-07-29 11:28:01.664,57.7,"Everest.csv"
"4276",1753795741643,23.5,2025-07-29 13:29:01.643,57.3,"Everest.csv"
"4277",1753802640775,23,2025-07-29 15:24:00.775,54,"Everest.csv"
"4278",1753803004166,23,2025-07-29 15:30:04.166,53.6,"Everest.csv"
"4279",1753810261898,23,2025-07-29 17:31:01.898,54.8,"Everest.csv"
"4280",1753817521556,23,2025-07-29 19:32:01.556,55.5,"Everest.csv"
"4281",1753824781489,22.7,2025-07-29 21:33:01.489,53.9,"Everest.csv"
"4282",1753832040809,22.5,2025-07-29 23:34:00.809,54,"Everest.csv"
"4283",1753835222092,21.8,2025-07-30 00:27:02.092,54.1,"Everest.csv"
"4284",1753835344299,21.1,2025-07-30 00:29:04.299,55.1,"Everest.csv"
"4285",1753835703536,21.7,2025-07-30 00:35:03.536,55.1,"Everest.csv"
"4286",1753839302729,22.1,2025-07-30 01:35:02.729,55.2,"Everest.csv"
"4287",1753846560977,22.1,2025-07-30 03:36:00.977,55.4,"Everest.csv"
"4288",1753853821495,22.1,2025-07-30 05:37:01.495,56,"Everest.csv"
"4289",1753861083012,22.5,2025-07-30 07:38:03.012,56.1,"Everest.csv"
"4290",1753864562343,23,2025-07-30 08:36:02.343,52.4,"Everest.csv"
"4291",1753868342550,22.9,2025-07-30 09:39:02.55,49.7,"Everest.csv"
"4292",1753873921973,23.4,2025-07-30 11:12:01.973,45.8,"Everest.csv"
"4293",1753875603430,23.4,2025-07-30 11:40:03.43,47.7,"Everest.csv"
"4294",1753882861166,23.2,2025-07-30 13:41:01.166,48.6,"Everest.csv"
"4295",1753890120942,23.2,2025-07-30 15:42:00.942,49.3,"Everest.csv"
"4296",1753897381163,23.2,2025-07-30 17:43:01.163,49.7,"Everest.csv"
"4297",1753904641241,23.1,2025-07-30 19:44:01.241,49.9,"Everest.csv"
"4298",1753911900961,23,2025-07-30 21:45:00.961,50.5,"Everest.csv"
"4299",1753915682998,22.5,2025-07-30 22:48:02.998,49.8,"Everest.csv"
"4300",1753919162071,22.7,2025-07-30 23:46:02.071,51.2,"Everest.csv"
"4301",1753926062297,22.1,2025-07-31 01:41:02.297,52.9,"Everest.csv"
"4302",1753926424750,21.7,2025-07-31 01:47:04.75,53.5,"Everest.csv"
"4303",1753926903976,21.2,2025-07-31 01:55:03.976,54.6,"Everest.csv"
"4304",1753927503471,20.7,2025-07-31 02:05:03.471,55.6,"Everest.csv"
"4305",1753928343041,20.2,2025-07-31 02:19:03.041,56.6,"Everest.csv"
"4306",1753929543365,19.6,2025-07-31 02:39:03.365,58.4,"Everest.csv"
"4307",1753930803836,20.1,2025-07-31 03:00:03.836,58.9,"Everest.csv"
"4308",1753932362815,20.6,2025-07-31 03:26:02.815,58.6,"Everest.csv"
"4309",1753933683904,20.9,2025-07-31 03:48:03.904,58.2,"Everest.csv"
"4310",1753940942186,21.3,2025-07-31 05:49:02.186,57.2,"Everest.csv"
"4311",1753948203655,21.4,2025-07-31 07:50:03.655,56.4,"Everest.csv"
"4312",1753954322817,20.9,2025-07-31 09:32:02.817,55.8,"Everest.csv"
"4313",1753955464974,21,2025-07-31 09:51:04.974,55.8,"Everest.csv"
"4314",1753959062746,21.5,2025-07-31 10:51:02.746,55.8,"Everest.csv"
"4315",1753962724453,21.8,2025-07-31 11:52:04.453,56.1,"Everest.csv"
"4316",1753969984323,22.2,2025-07-31 13:53:04.323,57.8,"Everest.csv"
"4317",1753972623580,21.7,2025-07-31 14:37:03.58,60.2,"Everest.csv"
"4318",1753977241882,22,2025-07-31 15:54:01.882,58.7,"Everest.csv"
"4319",1753984501385,22.3,2025-07-31 17:55:01.385,57.9,"Everest.csv"
"4320",1753991765112,22.3,2025-07-31 19:56:05.112,57.6,"Everest.csv"
"4321",1753999022122,22.2,2025-07-31 21:57:02.122,57.2,"Everest.csv"
"4322",1754006281541,21.9,2025-07-31 23:58:01.541,57.2,"Everest.csv"
"4323",1754013541622,22,2025-08-01 01:59:01.622,58.8,"Everest.csv"
"4324",1754020804853,22.1,2025-08-01 04:00:04.853,59.5,"Everest.csv"
"4325",1754028061261,22.2,2025-08-01 06:01:01.261,59.7,"Everest.csv"
"4326",1754035321845,22.4,2025-08-01 08:02:01.845,59.7,"Everest.csv"
"4327",1754040493364,21.9,2025-08-01 09:28:13.364,59.6,"Everest.csv"
"4328",1754042584024,21.9,2025-08-01 10:03:04.024,59.1,"Everest.csv"
"4329",1754049542151,21.4,2025-08-01 11:59:02.151,61.4,"Everest.csv"
"4330",1754049843789,21.3,2025-08-01 12:04:03.789,62.2,"Everest.csv"
"4331",1754054042880,21.8,2025-08-01 13:14:02.88,63.2,"Everest.csv"
"4332",1754057102686,22.2,2025-08-01 14:05:02.686,62.5,"Everest.csv"
"4333",1754064362364,22.1,2025-08-01 16:06:02.364,59.9,"Everest.csv"
"4334",1754071623583,22.5,2025-08-01 18:07:03.583,60.8,"Everest.csv"
"4335",1754078881822,22.7,2025-08-01 20:08:01.822,60.5,"Everest.csv"
"4336",1754086141933,22.5,2025-08-01 22:09:01.933,59.4,"Everest.csv"
"4337",1754086864345,22,2025-08-01 22:21:04.345,59.6,"Everest.csv"
"4338",1754087644392,21.5,2025-08-01 22:34:04.392,60.1,"Everest.csv"
"4339",1754088546055,20.9,2025-08-01 22:49:06.055,60.9,"Everest.csv"
"4340",1754093412187,21.3,2025-08-02 00:10:12.187,62,"Everest.csv"
"4341",1754100662058,21.4,2025-08-02 02:11:02.058,62.3,"Everest.csv"
"4342",1754107922806,21.7,2025-08-02 04:12:02.806,62.5,"Everest.csv"
"4343",1754115181270,21.8,2025-08-02 06:13:01.27,63.3,"Everest.csv"
"4344",1754122442715,22.1,2025-08-02 08:14:02.715,63,"Everest.csv"
"4345",1754129702451,21.9,2025-08-02 10:15:02.451,60.9,"Everest.csv"
"4346",1754136961520,22.3,2025-08-02 12:16:01.52,58.4,"Everest.csv"
"4347",1754144222204,22.6,2025-08-02 14:17:02.204,58.8,"Everest.csv"
"4348",1754151481635,22.7,2025-08-02 16:18:01.635,58.8,"Everest.csv"
"4349",1754158741306,22.7,2025-08-02 18:19:01.306,58.8,"Everest.csv"
"4350",1754166001664,22.5,2025-08-02 20:20:01.664,58.5,"Everest.csv"
"4351",1754173260554,22.1,2025-08-02 22:21:00.554,58,"Everest.csv"
"4352",1754180521557,22.3,2025-08-03 00:22:01.557,58.5,"Everest.csv"
"4353",1754187782594,22.1,2025-08-03 02:23:02.594,58.8,"Everest.csv"
"4354",1754195042614,22.1,2025-08-03 04:24:02.614,59,"Everest.csv"
"4355",1754202303674,22,2025-08-03 06:25:03.674,59.6,"Everest.csv"
"4356",1754209561638,22.1,2025-08-03 08:26:01.638,59.4,"Everest.csv"
"4357",1754216822245,22,2025-08-03 10:27:02.245,58.8,"Everest.csv"
"4358",1754224082472,21.9,2025-08-03 12:28:02.472,58.1,"Everest.csv"
"4359",1754231342079,22.1,2025-08-03 14:29:02.079,57.5,"Everest.csv"
"4360",1754238601514,22,2025-08-03 16:30:01.514,57.3,"Everest.csv"
"4361",1754244782204,21.5,2025-08-03 18:13:02.204,56.9,"Everest.csv"
"4362",1754245863443,21.1,2025-08-03 18:31:03.443,57.1,"Everest.csv"
"4363",1754253123961,21.5,2025-08-03 20:32:03.961,58.2,"Everest.csv"
"4364",1754260383106,21.3,2025-08-03 22:33:03.106,58.8,"Everest.csv"
"4365",1754267642532,21.4,2025-08-04 00:34:02.532,60.1,"Everest.csv"
"4366",1754274903150,21.2,2025-08-04 02:35:03.15,60.2,"Everest.csv"
"4367",1754282161061,21.2,2025-08-04 04:36:01.061,60.3,"Everest.csv"
"4368",1754289422027,21.2,2025-08-04 06:37:02.027,61.1,"Everest.csv"
"4369",1754296681879,21.5,2025-08-04 08:38:01.879,62.8,"Everest.csv"
"4370",1754303942305,21.4,2025-08-04 10:39:02.305,62.2,"Everest.csv"
"4371",1754306103400,22,2025-08-04 11:15:03.4,62.2,"Everest.csv"
"4372",1754311201349,22.3,2025-08-04 12:40:01.349,62.1,"Everest.csv"
"4373",1754318461556,22.5,2025-08-04 14:41:01.556,61.9,"Everest.csv"
"4374",1754325720880,22.5,2025-08-04 16:42:00.88,61.4,"Everest.csv"
"4375",1754332980558,22.4,2025-08-04 18:43:00.558,61.6,"Everest.csv"
"4376",1754340241722,22.3,2025-08-04 20:44:01.722,61.1,"Everest.csv"
"4377",1754347502213,22.2,2025-08-04 22:45:02.213,60.7,"Everest.csv"
"4378",1754351403187,21.7,2025-08-04 23:50:03.187,59.8,"Everest.csv"
"4379",1754354764643,21.3,2025-08-05 00:46:04.643,60.9,"Everest.csv"
"4380",1754360281798,20.8,2025-08-05 02:18:01.798,63.9,"Everest.csv"
"4381",1754362023158,20.5,2025-08-05 02:47:03.158,65.7,"Everest.csv"
"4382",1754369282116,20.2,2025-08-05 04:48:02.116,69.3,"Everest.csv"
"4383",1754376541673,20.4,2025-08-05 06:49:01.673,72,"Everest.csv"
"4384",1754383804035,20.7,2025-08-05 08:50:04.035,70.4,"Everest.csv"
"4385",1754386623140,20.2,2025-08-05 09:37:03.14,71,"Everest.csv"
"4386",1754390224621,20.7,2025-08-05 10:37:04.621,69.6,"Everest.csv"
"4387",1754391063139,20.8,2025-08-05 10:51:03.139,69.4,"Everest.csv"
"4388",1754398321649,21,2025-08-05 12:52:01.649,68.1,"Everest.csv"
"4389",1754405161523,21.5,2025-08-05 14:46:01.523,67.3,"Everest.csv"
"4390",1754405584143,21.5,2025-08-05 14:53:04.143,67.2,"Everest.csv"
"4391",1754409482613,21.5,2025-08-05 15:58:02.613,61.2,"Everest.csv"
"4392",1754410864041,21,2025-08-05 16:21:04.041,62.6,"Everest.csv"
"4393",1754412843267,20.9,2025-08-05 16:54:03.267,63.2,"Everest.csv"
"4394",1754420103695,21.3,2025-08-05 18:55:03.695,63.6,"Everest.csv"
"4395",1754427361344,21.1,2025-08-05 20:56:01.344,62.8,"Everest.csv"
"4396",1754434620494,20.8,2025-08-05 22:57:00.494,61,"Everest.csv"
"4397",1754441881431,20.6,2025-08-06 00:58:01.431,60.7,"Everest.csv"
"4398",1754443145750,20.1,2025-08-06 01:19:05.75,58.6,"Everest.csv"
"4399",1754443803965,19.5,2025-08-06 01:30:03.965,58.3,"Everest.csv"
"4400",1754444524024,19,2025-08-06 01:42:04.024,58.4,"Everest.csv"
"4401",1754448962724,18.5,2025-08-06 02:56:02.724,59.3,"Everest.csv"
"4402",1754449145703,18.5,2025-08-06 02:59:05.703,59.2,"Everest.csv"
"4403",1754456402388,19,2025-08-06 05:00:02.388,61.3,"Everest.csv"
"4404",1754458145330,19.5,2025-08-06 05:29:05.33,61.8,"Everest.csv"
"4405",1754460483318,20.1,2025-08-06 06:08:03.318,62.2,"Everest.csv"
"4406",1754463662654,20.4,2025-08-06 07:01:02.654,62.2,"Everest.csv"
"4407",1754467623529,20.9,2025-08-06 08:07:03.529,62,"Everest.csv"
"4408",1754469902927,21.5,2025-08-06 08:45:02.927,60.2,"Everest.csv"
"4409",1754470923314,21.9,2025-08-06 09:02:03.314,58.8,"Everest.csv"
"4410",1754478181676,21.8,2025-08-06 11:03:01.676,58.4,"Everest.csv"
"4411",1754485443268,22.1,2025-08-06 13:04:03.268,57.9,"Everest.csv"
"4412",1754492702140,22,2025-08-06 15:05:02.14,58.1,"Everest.csv"
"4413",1754499962050,21.9,2025-08-06 17:06:02.05,57.9,"Everest.csv"
"4414",1754507221594,21.7,2025-08-06 19:07:01.594,56.4,"Everest.csv"
"4415",1754508184177,21.2,2025-08-06 19:23:04.177,55,"Everest.csv"
"4416",1754514482376,21.3,2025-08-06 21:08:02.376,56.9,"Everest.csv"
"4417",1754521742115,21.3,2025-08-06 23:09:02.115,57.2,"Everest.csv"
"4418",1754529000810,21.2,2025-08-07 01:10:00.81,56.8,"Everest.csv"
"4419",1754536260817,20.8,2025-08-07 03:11:00.817,56,"Everest.csv"
"4420",1754543521514,20.5,2025-08-07 05:12:01.514,56.6,"Everest.csv"
"4421",1754550780757,20.6,2025-08-07 07:13:00.757,56.5,"Everest.csv"
"4422",1754556962622,21.1,2025-08-07 08:56:02.622,55.7,"Everest.csv"
"4423",1754558043487,21.3,2025-08-07 09:14:03.487,55.2,"Everest.csv"
"4424",1754561403154,21.8,2025-08-07 10:10:03.154,53.1,"Everest.csv"
"4425",1754563145034,22.3,2025-08-07 10:39:05.034,50.5,"Everest.csv"
"4426",1754565304119,22.5,2025-08-07 11:15:04.119,52,"Everest.csv"
"4427",1754572561201,22.1,2025-08-07 13:16:01.201,53.6,"Everest.csv"
"4428",1754579822884,22.1,2025-08-07 15:17:02.884,54.3,"Everest.csv"
"4429",1754587082684,22.1,2025-08-07 17:18:02.684,54.8,"Everest.csv"
"4430",1754594341771,22.1,2025-08-07 19:19:01.771,54.8,"Everest.csv"
"4431",1754601602827,22,2025-08-07 21:20:02.827,54.3,"Everest.csv"
"4432",1754608862030,22,2025-08-07 23:21:02.03,54.6,"Everest.csv"
"4433",1754616121700,21.9,2025-08-08 01:22:01.7,54.5,"Everest.csv"
"4434",1754622363312,21.4,2025-08-08 03:06:03.312,54.4,"Everest.csv"
"4435",1754623383779,21,2025-08-08 03:23:03.779,54.7,"Everest.csv"
"4436",1754625064134,20.5,2025-08-08 03:51:04.134,55.6,"Everest.csv"
"4437",1754628304482,20,2025-08-08 04:45:04.482,57.6,"Everest.csv"
"4438",1754630644374,20.5,2025-08-08 05:24:04.374,58.3,"Everest.csv"
"4439",1754632923863,21,2025-08-08 06:02:03.863,58.4,"Everest.csv"
"4440",1754637122516,21.5,2025-08-08 07:12:02.516,58.4,"Everest.csv"
"4441",1754637904068,21.6,2025-08-08 07:25:04.068,58.5,"Everest.csv"
"4442",1754644621283,22.2,2025-08-08 09:17:01.283,57.6,"Everest.csv"
"4443",1754645164034,22.4,2025-08-08 09:26:04.034,56,"Everest.csv"
"4444",1754646903432,22.9,2025-08-08 09:55:03.432,54.1,"Everest.csv"
"4445",1754648885784,23.5,2025-08-08 10:28:05.784,52.3,"Everest.csv"
"4446",1754650384105,24,2025-08-08 10:53:04.105,50.7,"Everest.csv"
"4447",1754651703172,24.5,2025-08-08 11:15:03.172,50,"Everest.csv"
"4448",1754652423930,24.7,2025-08-08 11:27:03.93,50.2,"Everest.csv"
"4449",1754658361429,24.2,2025-08-08 13:06:01.429,51,"Everest.csv"
"4450",1754659684885,24,2025-08-08 13:28:04.885,51.1,"Everest.csv"
"4451",1754666940926,23.8,2025-08-08 15:29:00.926,51.6,"Everest.csv"
"4452",1754674201885,23.5,2025-08-08 17:30:01.885,52.6,"Everest.csv"
"4453",1754681470646,23.4,2025-08-08 19:31:10.646,53.6,"Everest.csv"
"4454",1754688720617,23.3,2025-08-08 21:32:00.617,54.6,"Everest.csv"
"4455",1754691423637,22.8,2025-08-08 22:17:03.637,55.9,"Everest.csv"
"4456",1754693404914,22.3,2025-08-08 22:50:04.914,56.9,"Everest.csv"
"4457",1754695743624,21.7,2025-08-08 23:29:03.624,57.9,"Everest.csv"
"4458",1754695983940,21.7,2025-08-08 23:33:03.94,58,"Everest.csv"
"4459",1754698743866,21.2,2025-08-09 00:19:03.866,59.2,"Everest.csv"
"4460",1754702162673,20.7,2025-08-09 01:16:02.673,60.4,"Everest.csv"
"4461",1754703244000,20.6,2025-08-09 01:34:04,60.7,"Everest.csv"
"4462",1754707561936,20.1,2025-08-09 02:46:01.936,62.1,"Everest.csv"
"4463",1754710382634,19.5,2025-08-09 03:33:02.634,63.3,"Everest.csv"
"4464",1754710504368,19.5,2025-08-09 03:35:04.368,63.3,"Everest.csv"
"4465",1754717761432,19.4,2025-08-09 05:36:01.432,65.6,"Everest.csv"
"4466",1754719743376,19.9,2025-08-09 06:09:03.376,65.3,"Everest.csv"
"4467",1754721363194,20.5,2025-08-09 06:36:03.194,65.1,"Everest.csv"
"4468",1754723222809,21,2025-08-09 07:07:02.809,64.7,"Everest.csv"
"4469",1754725023310,21.4,2025-08-09 07:37:03.31,64.3,"Everest.csv"
"4470",1754728082939,21.9,2025-08-09 08:28:02.939,63.5,"Everest.csv"
"4471",1754732282148,22.3,2025-08-09 09:38:02.148,63,"Everest.csv"
"4472",1754734983538,22.8,2025-08-09 10:23:03.538,61.7,"Everest.csv"
"4473",1754736124637,23.3,2025-08-09 10:42:04.637,60.6,"Everest.csv"
"4474",1754739543091,23.3,2025-08-09 11:39:03.091,60.7,"Everest.csv"
"4475",1754746802854,23.5,2025-08-09 13:40:02.854,59.8,"Everest.csv"
"4476",1754754061881,24,2025-08-09 15:41:01.881,59.4,"Everest.csv"
"4477",1754761323654,23.9,2025-08-09 17:42:03.654,58.6,"Everest.csv"
"4478",1754768581564,23.9,2025-08-09 19:43:01.564,57.8,"Everest.csv"
"4479",1754775840995,23.9,2025-08-09 21:44:00.995,58.6,"Everest.csv"
"4480",1754783100977,23.5,2025-08-09 23:45:00.977,58.1,"Everest.csv"
"4481",1754790362584,23.5,2025-08-10 01:46:02.584,58,"Everest.csv"
"4482",1754797621215,23.5,2025-08-10 03:47:01.215,57.3,"Everest.csv"
"4483",1754804882834,23.4,2025-08-10 05:48:02.834,56.4,"Everest.csv"
"4484",1754812141746,23.4,2025-08-10 07:49:01.746,54.6,"Everest.csv"
"4485",1754813283750,23.9,2025-08-10 08:08:03.75,54.1,"Everest.csv"
"4486",1754819401693,23.6,2025-08-10 09:50:01.693,53.1,"Everest.csv"
"4487",1754826661689,23.6,2025-08-10 11:51:01.689,52.4,"Everest.csv"
"4488",1754833920453,23.6,2025-08-10 13:52:00.453,51.6,"Everest.csv"
"4489",1754841181550,23.7,2025-08-10 15:53:01.55,51.2,"Everest.csv"
"4490",1754848441667,23.7,2025-08-10 17:54:01.667,51.9,"Everest.csv"
"4491",1754855701282,23.6,2025-08-10 19:55:01.282,51.7,"Everest.csv"
"4492",1754862962364,23.4,2025-08-10 21:56:02.364,52,"Everest.csv"
"4493",1754869991589,22.9,2025-08-10 23:53:11.589,50.9,"Everest.csv"
"4494",1754870234812,22.9,2025-08-10 23:57:14.812,50.8,"Everest.csv"
"4495",1754874303363,22.4,2025-08-11 01:05:03.363,50.8,"Everest.csv"
"4496",1754874788345,21.8,2025-08-11 01:13:08.345,50.7,"Everest.csv"
"4497",1754877483511,21.9,2025-08-11 01:58:03.511,52.5,"Everest.csv"
"4498",1754884322728,22.5,2025-08-11 03:52:02.728,52.7,"Everest.csv"
"4499",1754884748157,22.5,2025-08-11 03:59:08.157,52.7,"Everest.csv"
"4500",1754892002054,22.6,2025-08-11 06:00:02.054,52.8,"Everest.csv"
"4501",1750075637047,27.9,2025-06-16 12:07:17.047,48.4,"Kilimanjaro.csv"
"4502",1750076166203,27.3,2025-06-16 12:16:06.203,44.4,"Kilimanjaro.csv"
"4503",1750076704330,26.8,2025-06-16 12:25:04.33,43.6,"Kilimanjaro.csv"
"4504",1750083061943,26.4,2025-06-16 14:11:01.943,43.5,"Kilimanjaro.csv"
"4505",1750090321908,26.3,2025-06-16 16:12:01.908,42.5,"Kilimanjaro.csv"
"4506",1750097583961,26.2,2025-06-16 18:13:03.961,42.6,"Kilimanjaro.csv"
"4507",1750104842839,25.8,2025-06-16 20:14:02.839,43.5,"Kilimanjaro.csv"
"4508",1750112120200,25.4,2025-06-16 22:15:20.2,44.8,"Kilimanjaro.csv"
"4509",1750119361251,25,2025-06-17 00:16:01.251,46.2,"Kilimanjaro.csv"
"4510",1750126622012,24.8,2025-06-17 02:17:02.012,47.7,"Kilimanjaro.csv"
"4511",1750133881466,25.2,2025-06-17 04:18:01.466,48.9,"Kilimanjaro.csv"
"4512",1750136163998,25.7,2025-06-17 04:56:03.998,49.1,"Kilimanjaro.csv"
"4513",1750138563532,26.2,2025-06-17 05:36:03.532,48.8,"Kilimanjaro.csv"
"4514",1750141143678,26.7,2025-06-17 06:19:03.678,48.3,"Kilimanjaro.csv"
"4515",1750144023268,27.2,2025-06-17 07:07:03.268,47.7,"Kilimanjaro.csv"
"4516",1750145883609,27.7,2025-06-17 07:38:03.609,46.6,"Kilimanjaro.csv"
"4517",1750147626440,28.2,2025-06-17 08:07:06.44,45.8,"Kilimanjaro.csv"
"4518",1750148406222,28.3,2025-06-17 08:20:06.222,45.7,"Kilimanjaro.csv"
"4519",1750150804000,28.9,2025-06-17 09:00:04,45,"Kilimanjaro.csv"
"4520",1750152723652,29.4,2025-06-17 09:32:03.652,44.1,"Kilimanjaro.csv"
"4521",1750155603783,28.9,2025-06-17 10:20:03.783,44.3,"Kilimanjaro.csv"
"4522",1750155665124,28.9,2025-06-17 10:21:05.124,44.4,"Kilimanjaro.csv"
"4523",1750158124306,28.4,2025-06-17 11:02:04.306,44.8,"Kilimanjaro.csv"
"4524",1750162682538,27.9,2025-06-17 12:18:02.538,45.4,"Kilimanjaro.csv"
"4525",1750162924447,27.9,2025-06-17 12:22:04.447,45.5,"Kilimanjaro.csv"
"4526",1750170182827,27.7,2025-06-17 14:23:02.827,46,"Kilimanjaro.csv"
"4527",1750177443983,27.7,2025-06-17 16:24:03.983,45.5,"Kilimanjaro.csv"
"4528",1750184702195,27.6,2025-06-17 18:25:02.195,45.9,"Kilimanjaro.csv"
"4529",1750191973570,27.4,2025-06-17 20:26:13.57,47.5,"Kilimanjaro.csv"
"4530",1750198144937,26.9,2025-06-17 22:09:04.937,51.5,"Kilimanjaro.csv"
"4531",1750199223398,26.8,2025-06-17 22:27:03.398,52.1,"Kilimanjaro.csv"
"4532",1750206481735,26.3,2025-06-18 00:28:01.735,54.8,"Kilimanjaro.csv"
"4533",1750213742316,26,2025-06-18 02:29:02.316,55.6,"Kilimanjaro.csv"
"4534",1750220642035,26.5,2025-06-18 04:24:02.035,52.3,"Kilimanjaro.csv"
"4535",1750221004096,26.7,2025-06-18 04:30:04.096,52,"Kilimanjaro.csv"
"4536",1750223765758,27.2,2025-06-18 05:16:05.758,50.8,"Kilimanjaro.csv"
"4537",1750224485039,27.4,2025-06-18 05:28:05.039,45.6,"Kilimanjaro.csv"
"4538",1750225444500,28,2025-06-18 05:44:04.5,43.9,"Kilimanjaro.csv"
"4539",1750225805284,28.5,2025-06-18 05:50:05.284,42.9,"Kilimanjaro.csv"
"4540",1750226176526,29.1,2025-06-18 05:56:16.526,41.7,"Kilimanjaro.csv"
"4541",1750226524326,29.6,2025-06-18 06:02:04.326,41.1,"Kilimanjaro.csv"
"4542",1750227184210,29.1,2025-06-18 06:13:04.21,43.3,"Kilimanjaro.csv"
"4543",1750228264818,28.9,2025-06-18 06:31:04.818,44.2,"Kilimanjaro.csv"
"4544",1750232714608,29.4,2025-06-18 07:45:14.608,45,"Kilimanjaro.csv"
"4545",1750234803106,30,2025-06-18 08:20:03.106,44.7,"Kilimanjaro.csv"
"4546",1750235523598,29.8,2025-06-18 08:32:03.598,45.2,"Kilimanjaro.csv"
"4547",1750239302900,29.3,2025-06-18 09:35:02.9,45.5,"Kilimanjaro.csv"
"4548",1750242782954,29,2025-06-18 10:33:02.954,46.6,"Kilimanjaro.csv"
"4549",1750250041436,28.7,2025-06-18 12:34:01.436,46.3,"Kilimanjaro.csv"
"4550",1750252743476,28.5,2025-06-18 13:19:03.476,40.8,"Kilimanjaro.csv"
"4551",1750254723921,28,2025-06-18 13:52:03.921,39.8,"Kilimanjaro.csv"
"4552",1750257302637,28,2025-06-18 14:35:02.637,40.7,"Kilimanjaro.csv"
"4553",1750264573317,28.4,2025-06-18 16:36:13.317,43.9,"Kilimanjaro.csv"
"4554",1750271043250,27.9,2025-06-18 18:24:03.25,41.2,"Kilimanjaro.csv"
"4555",1750271824094,28,2025-06-18 18:37:04.094,42,"Kilimanjaro.csv"
"4556",1750279082181,28.2,2025-06-18 20:38:02.181,44.4,"Kilimanjaro.csv"
"4557",1750286341994,28.2,2025-06-18 22:39:01.994,45.3,"Kilimanjaro.csv"
"4558",1750293602839,28.1,2025-06-19 00:40:02.839,45.8,"Kilimanjaro.csv"
"4559",1750300861609,28.1,2025-06-19 02:41:01.609,46.4,"Kilimanjaro.csv"
"4560",1750308121490,28.4,2025-06-19 04:42:01.49,46.6,"Kilimanjaro.csv"
"4561",1750310882514,28.9,2025-06-19 05:28:02.514,46.6,"Kilimanjaro.csv"
"4562",1750312624006,28.9,2025-06-19 05:57:04.006,41.5,"Kilimanjaro.csv"
"4563",1750315383129,29.3,2025-06-19 06:43:03.129,41.4,"Kilimanjaro.csv"
"4564",1750318982802,29.8,2025-06-19 07:43:02.802,41.3,"Kilimanjaro.csv"
"4565",1750322643183,30.1,2025-06-19 08:44:03.183,41.7,"Kilimanjaro.csv"
"4566",1750328222172,29.5,2025-06-19 10:17:02.172,36.3,"Kilimanjaro.csv"
"4567",1750328464005,29,2025-06-19 10:21:04.005,34.9,"Kilimanjaro.csv"
"4568",1750328764500,28.5,2025-06-19 10:26:04.5,34.3,"Kilimanjaro.csv"
"4569",1750329364442,27.9,2025-06-19 10:36:04.442,34.2,"Kilimanjaro.csv"
"4570",1750329784191,27.4,2025-06-19 10:43:04.191,33.7,"Kilimanjaro.csv"
"4571",1750329904592,27.2,2025-06-19 10:45:04.592,33.4,"Kilimanjaro.csv"
"4572",1750331284679,27.7,2025-06-19 11:08:04.679,36.5,"Kilimanjaro.csv"
"4573",1750333263702,28.2,2025-06-19 11:41:03.702,37.9,"Kilimanjaro.csv"
"4574",1750337163810,28.6,2025-06-19 12:46:03.81,40,"Kilimanjaro.csv"
"4575",1750344421947,28.8,2025-06-19 14:47:01.947,42.5,"Kilimanjaro.csv"
"4576",1750355655009,28.3,2025-06-19 17:54:15.009,36.5,"Kilimanjaro.csv"
"4577",1750358942064,28.1,2025-06-19 18:49:02.064,35.5,"Kilimanjaro.csv"
"4578",1750366201253,27.6,2025-06-19 20:50:01.253,34.9,"Kilimanjaro.csv"
"4579",1750373461563,27.6,2025-06-19 22:51:01.563,37.8,"Kilimanjaro.csv"
"4580",1750380722232,27.5,2025-06-20 00:52:02.232,39.3,"Kilimanjaro.csv"
"4581",1750387981725,27.4,2025-06-20 02:53:01.725,40.7,"Kilimanjaro.csv"
"4582",1750395241370,27.7,2025-06-20 04:54:01.37,41.2,"Kilimanjaro.csv"
"4583",1750401602255,28.2,2025-06-20 06:40:02.255,37.9,"Kilimanjaro.csv"
"4584",1750402503875,28.4,2025-06-20 06:55:03.875,37.9,"Kilimanjaro.csv"
"4585",1750406463704,28.9,2025-06-20 08:01:03.704,38.2,"Kilimanjaro.csv"
"4586",1750409775116,29.1,2025-06-20 08:56:15.116,38.4,"Kilimanjaro.csv"
"4587",1750417021188,28.8,2025-06-20 10:57:01.188,39.2,"Kilimanjaro.csv"
"4588",1750424282065,28.5,2025-06-20 12:58:02.065,40,"Kilimanjaro.csv"
"4589",1750426806275,27.9,2025-06-20 13:40:06.275,35.5,"Kilimanjaro.csv"
"4590",1750427344886,27.3,2025-06-20 13:49:04.886,33.1,"Kilimanjaro.csv"
"4591",1750428484507,26.8,2025-06-20 14:08:04.507,32.9,"Kilimanjaro.csv"
"4592",1750430044038,26.3,2025-06-20 14:34:04.038,33.3,"Kilimanjaro.csv"
"4593",1750431544906,26.5,2025-06-20 14:59:04.906,33.9,"Kilimanjaro.csv"
"4594",1750435623392,27,2025-06-20 16:07:03.392,34.2,"Kilimanjaro.csv"
"4595",1750438803673,27.1,2025-06-20 17:00:03.673,34.1,"Kilimanjaro.csv"
"4596",1750446061915,27.1,2025-06-20 19:01:01.915,34,"Kilimanjaro.csv"
"4597",1750453322404,27.2,2025-06-20 21:02:02.404,35.6,"Kilimanjaro.csv"
"4598",1750460582329,27.1,2025-06-20 23:03:02.329,37.4,"Kilimanjaro.csv"
"4599",1750467841224,27,2025-06-21 01:04:01.224,38.8,"Kilimanjaro.csv"
"4600",1750475102146,26.9,2025-06-21 03:05:02.146,39.6,"Kilimanjaro.csv"
"4601",1750482361956,26.8,2025-06-21 05:06:01.956,37.1,"Kilimanjaro.csv"
"4602",1750485064138,27.4,2025-06-21 05:51:04.138,38.9,"Kilimanjaro.csv"
"4603",1750487223433,27.9,2025-06-21 06:27:03.433,38.8,"Kilimanjaro.csv"
"4604",1750489623505,28.3,2025-06-21 07:07:03.505,38.4,"Kilimanjaro.csv"
"4605",1750492563470,28.8,2025-06-21 07:56:03.47,38.2,"Kilimanjaro.csv"
"4606",1750496882685,29.1,2025-06-21 09:08:02.685,38,"Kilimanjaro.csv"
"4607",1750504143462,28.9,2025-06-21 11:09:03.462,38.4,"Kilimanjaro.csv"
"4608",1750511413092,28.5,2025-06-21 13:10:13.092,38.9,"Kilimanjaro.csv"
"4609",1750518662604,28.4,2025-06-21 15:11:02.604,39.1,"Kilimanjaro.csv"
"4610",1750525921992,28.4,2025-06-21 17:12:01.992,39.4,"Kilimanjaro.csv"
"4611",1750533181880,28.3,2025-06-21 19:13:01.88,39.7,"Kilimanjaro.csv"
"4612",1750540441881,28.2,2025-06-21 21:14:01.881,40.3,"Kilimanjaro.csv"
"4613",1750547703605,28.1,2025-06-21 23:15:03.605,40.5,"Kilimanjaro.csv"
"4614",1750554962083,28,2025-06-22 01:16:02.083,40.8,"Kilimanjaro.csv"
"4615",1750562221878,27.8,2025-06-22 03:17:01.878,41,"Kilimanjaro.csv"
"4616",1750567802281,28.3,2025-06-22 04:50:02.281,40.6,"Kilimanjaro.csv"
"4617",1750569495480,28.6,2025-06-22 05:18:15.48,40.5,"Kilimanjaro.csv"
"4618",1750571943461,29.1,2025-06-22 05:59:03.461,40.2,"Kilimanjaro.csv"
"4619",1750574942857,29.6,2025-06-22 06:49:02.857,39.8,"Kilimanjaro.csv"
"4620",1750576744507,29.9,2025-06-22 07:19:04.507,39.6,"Kilimanjaro.csv"
"4621",1750581002907,30.4,2025-06-22 08:30:02.907,39.3,"Kilimanjaro.csv"
"4622",1750584002901,30.6,2025-06-22 09:20:02.901,39.6,"Kilimanjaro.csv"
"4623",1750590722958,30.6,2025-06-22 11:12:02.958,34.5,"Kilimanjaro.csv"
"4624",1750591265173,30.7,2025-06-22 11:21:05.173,31.6,"Kilimanjaro.csv"
"4625",1750598522493,30.9,2025-06-22 13:22:02.493,27.7,"Kilimanjaro.csv"
"4626",1750605782186,30.9,2025-06-22 15:23:02.186,27.1,"Kilimanjaro.csv"
"4627",1750613042378,30.8,2025-06-22 17:24:02.378,29.8,"Kilimanjaro.csv"
"4628",1750620301521,30.4,2025-06-22 19:25:01.521,30.6,"Kilimanjaro.csv"
"4629",1750627562681,30.2,2025-06-22 21:26:02.681,33.1,"Kilimanjaro.csv"
"4630",1750634822454,30.1,2025-06-22 23:27:02.454,34.6,"Kilimanjaro.csv"
"4631",1750642082473,30,2025-06-23 01:28:02.473,35.9,"Kilimanjaro.csv"
"4632",1750649341209,29.9,2025-06-23 03:29:01.209,36.8,"Kilimanjaro.csv"
"4633",1750655042733,29.3,2025-06-23 05:04:02.733,39.7,"Kilimanjaro.csv"
"4634",1750655584411,28.8,2025-06-23 05:13:04.411,41.1,"Kilimanjaro.csv"
"4635",1750656603717,29.3,2025-06-23 05:30:03.717,40,"Kilimanjaro.csv"
"4636",1750657863968,29.8,2025-06-23 05:51:03.968,40.1,"Kilimanjaro.csv"
"4637",1750659663864,30.3,2025-06-23 06:21:03.864,39.5,"Kilimanjaro.csv"
"4638",1750661538011,30.8,2025-06-23 06:52:18.011,38.8,"Kilimanjaro.csv"
"4639",1750663863923,31.3,2025-06-23 07:31:03.923,38.2,"Kilimanjaro.csv"
"4640",1750671121454,31.6,2025-06-23 09:32:01.454,36.5,"Kilimanjaro.csv"
"4641",1750676223040,31.1,2025-06-23 10:57:03.04,34.6,"Kilimanjaro.csv"
"4642",1750676524141,30.5,2025-06-23 11:02:04.141,34.4,"Kilimanjaro.csv"
"4643",1750677364269,30,2025-06-23 11:16:04.269,34.6,"Kilimanjaro.csv"
"4644",1750678384259,29.5,2025-06-23 11:33:04.259,34.9,"Kilimanjaro.csv"
"4645",1750679523786,28.9,2025-06-23 11:52:03.786,35.2,"Kilimanjaro.csv"
"4646",1750685643218,29.3,2025-06-23 13:34:03.218,37.1,"Kilimanjaro.csv"
"4647",1750692902339,29.8,2025-06-23 15:35:02.339,36.5,"Kilimanjaro.csv"
"4648",1750700162377,29.9,2025-06-23 17:36:02.377,37.8,"Kilimanjaro.csv"
"4649",1750707422484,29.7,2025-06-23 19:37:02.484,38,"Kilimanjaro.csv"
"4650",1750714681334,29.5,2025-06-23 21:38:01.334,38.2,"Kilimanjaro.csv"
"4651",1750721941694,29.2,2025-06-23 23:39:01.694,38.1,"Kilimanjaro.csv"
"4652",1750729199071,28.9,2025-06-24 01:39:59.071,38,"Kilimanjaro.csv"
"4653",1750736461254,28.7,2025-06-24 03:41:01.254,38.1,"Kilimanjaro.csv"
"4654",1750743724129,28.5,2025-06-24 05:42:04.129,38.3,"Kilimanjaro.csv"
"4655",1750750981831,28.5,2025-06-24 07:43:01.831,38.3,"Kilimanjaro.csv"
"4656",1750758241105,28.7,2025-06-24 09:44:01.105,37.8,"Kilimanjaro.csv"
"4657",1750765502074,28.5,2025-06-24 11:45:02.074,37.7,"Kilimanjaro.csv"
"4658",1750772762196,28.4,2025-06-24 13:46:02.196,37.6,"Kilimanjaro.csv"
"4659",1750780021587,28.3,2025-06-24 15:47:01.587,37.4,"Kilimanjaro.csv"
"4660",1750787281124,28.1,2025-06-24 17:48:01.124,37.9,"Kilimanjaro.csv"
"4661",1750794553130,27.9,2025-06-24 19:49:13.13,38.2,"Kilimanjaro.csv"
"4662",1750801801576,27.7,2025-06-24 21:50:01.576,38.5,"Kilimanjaro.csv"
"4663",1750809062089,27.5,2025-06-24 23:51:02.089,38.7,"Kilimanjaro.csv"
"4664",1750816324098,27.3,2025-06-25 01:52:04.098,39,"Kilimanjaro.csv"
"4665",1750823581953,27.2,2025-06-25 03:53:01.953,39.5,"Kilimanjaro.csv"
"4666",1750830842235,27.1,2025-06-25 05:54:02.235,39.8,"Kilimanjaro.csv"
"4667",1750838101571,27,2025-06-25 07:55:01.571,39.9,"Kilimanjaro.csv"
"4668",1750845362115,27.2,2025-06-25 09:56:02.115,40.3,"Kilimanjaro.csv"
"4669",1750852622260,27.4,2025-06-25 11:57:02.26,40.4,"Kilimanjaro.csv"
"4670",1750859881563,27.4,2025-06-25 13:58:01.563,40.4,"Kilimanjaro.csv"
"4671",1750867142197,27.4,2025-06-25 15:59:02.197,40.4,"Kilimanjaro.csv"
"4672",1750874401639,27.3,2025-06-25 18:00:01.639,40.4,"Kilimanjaro.csv"
"4673",1750881661836,27.2,2025-06-25 20:01:01.836,40.5,"Kilimanjaro.csv"
"4674",1750888921790,27,2025-06-25 22:02:01.79,40.6,"Kilimanjaro.csv"
"4675",1750896182139,27,2025-06-26 00:03:02.139,40.6,"Kilimanjaro.csv"
"4676",1750903442392,26.8,2025-06-26 02:04:02.392,40.7,"Kilimanjaro.csv"
"4677",1750910702413,26.8,2025-06-26 04:05:02.413,40.7,"Kilimanjaro.csv"
"4678",1750915082699,27.3,2025-06-26 05:18:02.699,40.3,"Kilimanjaro.csv"
"4679",1750917903362,27.8,2025-06-26 06:05:03.362,40,"Kilimanjaro.csv"
"4680",1750917964879,27.9,2025-06-26 06:06:04.879,40,"Kilimanjaro.csv"
"4681",1750921562747,28.4,2025-06-26 07:06:02.747,39.6,"Kilimanjaro.csv"
"4682",1750925223253,28.7,2025-06-26 08:07:03.253,39.3,"Kilimanjaro.csv"
"4683",1750932481933,28.6,2025-06-26 10:08:01.933,39.5,"Kilimanjaro.csv"
"4684",1750939741574,28.5,2025-06-26 12:09:01.574,39.9,"Kilimanjaro.csv"
"4685",1750947001331,28.3,2025-06-26 14:10:01.331,40.2,"Kilimanjaro.csv"
"4686",1750954262356,28.3,2025-06-26 16:11:02.356,40.3,"Kilimanjaro.csv"
"4687",1750961522158,28.3,2025-06-26 18:12:02.158,40.9,"Kilimanjaro.csv"
"4688",1750968781602,28.1,2025-06-26 20:13:01.602,41.2,"Kilimanjaro.csv"
"4689",1750976041384,28,2025-06-26 22:14:01.384,42.1,"Kilimanjaro.csv"
"4690",1750983302101,27.9,2025-06-27 00:15:02.101,42.3,"Kilimanjaro.csv"
"4691",1750990561504,27.8,2025-06-27 02:16:01.504,42.5,"Kilimanjaro.csv"
"4692",1750997822097,27.8,2025-06-27 04:17:02.097,42.5,"Kilimanjaro.csv"
"4693",1751005092970,28.1,2025-06-27 06:18:12.97,42.8,"Kilimanjaro.csv"
"4694",1751012342054,28.2,2025-06-27 08:19:02.054,41.7,"Kilimanjaro.csv"
"4695",1751019601456,28.3,2025-06-27 10:20:01.456,42.9,"Kilimanjaro.csv"
"4696",1751026874301,28.4,2025-06-27 12:21:14.301,44.3,"Kilimanjaro.csv"
"4697",1751034122341,28.1,2025-06-27 14:22:02.341,42.3,"Kilimanjaro.csv"
"4698",1751041382245,27.7,2025-06-27 16:23:02.245,41.2,"Kilimanjaro.csv"
"4699",1751048640784,27.2,2025-06-27 18:24:00.784,39.2,"Kilimanjaro.csv"
"4700",1751055901519,27.1,2025-06-27 20:25:01.519,40.3,"Kilimanjaro.csv"
"4701",1751063162030,27,2025-06-27 22:26:02.03,41.5,"Kilimanjaro.csv"
"4702",1751070422183,26.9,2025-06-28 00:27:02.183,42.6,"Kilimanjaro.csv"
"4703",1751077681992,26.8,2025-06-28 02:28:01.992,42.8,"Kilimanjaro.csv"
"4704",1751084941549,26.8,2025-06-28 04:29:01.549,43.3,"Kilimanjaro.csv"
"4705",1751088004179,27.3,2025-06-28 05:20:04.179,43.8,"Kilimanjaro.csv"
"4706",1751092203069,27.5,2025-06-28 06:30:03.069,43.2,"Kilimanjaro.csv"
"4707",1751099233810,28,2025-06-28 08:27:13.81,43.2,"Kilimanjaro.csv"
"4708",1751099464334,28.1,2025-06-28 08:31:04.334,43,"Kilimanjaro.csv"
"4709",1751106721710,28.3,2025-06-28 10:32:01.71,42.6,"Kilimanjaro.csv"
"4710",1751113981617,28,2025-06-28 12:33:01.617,42.7,"Kilimanjaro.csv"
"4711",1751121241329,27.9,2025-06-28 14:34:01.329,42.8,"Kilimanjaro.csv"
"4712",1751128502340,27.9,2025-06-28 16:35:02.34,42.9,"Kilimanjaro.csv"
"4713",1751135762308,28,2025-06-28 18:36:02.308,44.3,"Kilimanjaro.csv"
"4714",1751143021761,27.9,2025-06-28 20:37:01.761,45.6,"Kilimanjaro.csv"
"4715",1751150281520,27.9,2025-06-28 22:38:01.52,45.4,"Kilimanjaro.csv"
"4716",1751157541437,27.9,2025-06-29 00:39:01.437,45.6,"Kilimanjaro.csv"
"4717",1751164801231,27.9,2025-06-29 02:40:01.231,45.8,"Kilimanjaro.csv"
"4718",1751172073369,28.3,2025-06-29 04:41:13.369,46.4,"Kilimanjaro.csv"
"4719",1751174222942,28.8,2025-06-29 05:17:02.942,47.8,"Kilimanjaro.csv"
"4720",1751176865661,29.3,2025-06-29 06:01:05.661,48.2,"Kilimanjaro.csv"
"4721",1751179323162,29.7,2025-06-29 06:42:03.162,47.3,"Kilimanjaro.csv"
"4722",1751186581683,30.2,2025-06-29 08:43:01.683,46.6,"Kilimanjaro.csv"
"4723",1751193842144,30,2025-06-29 10:44:02.144,45.8,"Kilimanjaro.csv"
"4724",1751201101306,29.8,2025-06-29 12:45:01.306,45.8,"Kilimanjaro.csv"
"4725",1751208362310,29.7,2025-06-29 14:46:02.31,45.5,"Kilimanjaro.csv"
"4726",1751215623357,29.6,2025-06-29 16:47:03.357,45.6,"Kilimanjaro.csv"
"4727",1751220014042,29.1,2025-06-29 18:00:14.042,41,"Kilimanjaro.csv"
"4728",1751222894991,29.2,2025-06-29 18:48:14.991,42.4,"Kilimanjaro.csv"
"4729",1751230142734,29.2,2025-06-29 20:49:02.734,43.4,"Kilimanjaro.csv"
"4730",1751237401479,29.1,2025-06-29 22:50:01.479,44.5,"Kilimanjaro.csv"
"4731",1751244662264,29,2025-06-30 00:51:02.264,45.1,"Kilimanjaro.csv"
"4732",1751251922060,28.8,2025-06-30 02:52:02.06,45.7,"Kilimanjaro.csv"
"4733",1751258101420,28.5,2025-06-30 04:35:01.42,40.6,"Kilimanjaro.csv"
"4734",1751259183710,28.5,2025-06-30 04:53:03.71,40.1,"Kilimanjaro.csv"
"4735",1751262602393,29,2025-06-30 05:50:02.393,40.2,"Kilimanjaro.csv"
"4736",1751264764289,29.5,2025-06-30 06:26:04.289,40.9,"Kilimanjaro.csv"
"4737",1751266443863,29.9,2025-06-30 06:54:03.863,41.2,"Kilimanjaro.csv"
"4738",1751269323943,30.4,2025-06-30 07:42:03.943,41.7,"Kilimanjaro.csv"
"4739",1751273702549,30.7,2025-06-30 08:55:02.549,42.2,"Kilimanjaro.csv"
"4740",1751279102655,30.5,2025-06-30 10:25:02.655,37.2,"Kilimanjaro.csv"
"4741",1751279523991,29.9,2025-06-30 10:32:03.991,34.3,"Kilimanjaro.csv"
"4742",1751280183937,29.4,2025-06-30 10:43:03.937,31.9,"Kilimanjaro.csv"
"4743",1751280965111,29.1,2025-06-30 10:56:05.111,31.9,"Kilimanjaro.csv"
"4744",1751288222484,29.4,2025-06-30 12:57:02.484,34.7,"Kilimanjaro.csv"
"4745",1751295480875,29.1,2025-06-30 14:58:00.875,33.9,"Kilimanjaro.csv"
"4746",1751302262510,28.6,2025-06-30 16:51:02.51,31.1,"Kilimanjaro.csv"
"4747",1751302743569,28.4,2025-06-30 16:59:03.569,30,"Kilimanjaro.csv"
"4748",1751308143446,28.8,2025-06-30 18:29:03.446,35,"Kilimanjaro.csv"
"4749",1751310003457,28.9,2025-06-30 19:00:03.457,36.3,"Kilimanjaro.csv"
"4750",1751312043784,28.5,2025-06-30 19:34:03.784,30.9,"Kilimanjaro.csv"
"4751",1751312524526,28,2025-06-30 19:42:04.526,29.2,"Kilimanjaro.csv"
"4752",1751317262663,28,2025-06-30 21:01:02.663,32.1,"Kilimanjaro.csv"
"4753",1751324534047,28.2,2025-06-30 23:02:14.047,34.7,"Kilimanjaro.csv"
"4754",1751331781268,28.2,2025-07-01 01:03:01.268,36.3,"Kilimanjaro.csv"
"4755",1751339041875,28.1,2025-07-01 03:04:01.875,37.1,"Kilimanjaro.csv"
"4756",1751345582272,28.6,2025-07-01 04:53:02.272,37.8,"Kilimanjaro.csv"
"4757",1751346303678,28.8,2025-07-01 05:05:03.678,37.7,"Kilimanjaro.csv"
"4758",1751348883811,29.3,2025-07-01 05:48:03.811,38,"Kilimanjaro.csv"
"4759",1751349964063,28.8,2025-07-01 06:06:04.063,36.1,"Kilimanjaro.csv"
"4760",1751352123822,29.3,2025-07-01 06:42:03.822,37,"Kilimanjaro.csv"
"4761",1751353575795,29.7,2025-07-01 07:06:15.795,37.4,"Kilimanjaro.csv"
"4762",1751355723146,30.2,2025-07-01 07:42:03.146,37.6,"Kilimanjaro.csv"
"4763",1751360402065,30.7,2025-07-01 09:00:02.065,38.1,"Kilimanjaro.csv"
"4764",1751360824045,30.7,2025-07-01 09:07:04.045,38.1,"Kilimanjaro.csv"
"4765",1751364904289,30.5,2025-07-01 10:15:04.289,32.9,"Kilimanjaro.csv"
"4766",1751366583380,30,2025-07-01 10:43:03.38,28.9,"Kilimanjaro.csv"
"4767",1751368083470,29.9,2025-07-01 11:08:03.47,28.2,"Kilimanjaro.csv"
"4768",1751375342941,29.7,2025-07-01 13:09:02.941,28.3,"Kilimanjaro.csv"
"4769",1751382601896,29.6,2025-07-01 15:10:01.896,31.3,"Kilimanjaro.csv"
"4770",1751389873851,29.8,2025-07-01 17:11:13.851,33.7,"Kilimanjaro.csv"
"4771",1751397122377,29.5,2025-07-01 19:12:02.377,29,"Kilimanjaro.csv"
"4772",1751411640295,29.5,2025-07-01 23:14:00.295,34.8,"Kilimanjaro.csv"
"4773",1751418903129,29.4,2025-07-02 01:15:03.129,36,"Kilimanjaro.csv"
"4774",1751426162071,29.2,2025-07-02 03:16:02.071,36.5,"Kilimanjaro.csv"
"4775",1751427726689,28.6,2025-07-02 03:42:06.689,35.3,"Kilimanjaro.csv"
"4776",1751427904807,28.1,2025-07-02 03:45:04.807,35.2,"Kilimanjaro.csv"
"4777",1751428203962,27.6,2025-07-02 03:50:03.962,35.2,"Kilimanjaro.csv"
"4778",1751428564667,27.1,2025-07-02 03:56:04.667,35.5,"Kilimanjaro.csv"
"4779",1751429044603,26.5,2025-07-02 04:04:04.603,36.2,"Kilimanjaro.csv"
"4780",1751429704514,26,2025-07-02 04:15:04.514,37.1,"Kilimanjaro.csv"
"4781",1751430184568,26.5,2025-07-02 04:23:04.568,36.8,"Kilimanjaro.csv"
"4782",1751430844612,27,2025-07-02 04:34:04.612,37,"Kilimanjaro.csv"
"4783",1751431684522,27.6,2025-07-02 04:48:04.522,37.4,"Kilimanjaro.csv"
"4784",1751432583391,28.1,2025-07-02 05:03:03.391,37.5,"Kilimanjaro.csv"
"4785",1751433424257,28.5,2025-07-02 05:17:04.257,37.3,"Kilimanjaro.csv"
"4786",1751434684668,29,2025-07-02 05:38:04.668,37.1,"Kilimanjaro.csv"
"4787",1751436196201,29.6,2025-07-02 06:03:16.201,37.2,"Kilimanjaro.csv"
"4788",1751438043920,30.1,2025-07-02 06:34:03.92,36.8,"Kilimanjaro.csv"
"4789",1751440635252,30.6,2025-07-02 07:17:15.252,36.2,"Kilimanjaro.csv"
"4790",1751440684766,30.7,2025-07-02 07:18:04.766,36.2,"Kilimanjaro.csv"
"4791",1751444643411,31.2,2025-07-02 08:24:03.411,36.4,"Kilimanjaro.csv"
"4792",1751447954887,31.5,2025-07-02 09:19:14.887,37.2,"Kilimanjaro.csv"
"4793",1751453523327,31.7,2025-07-02 10:52:03.327,31.9,"Kilimanjaro.csv"
"4794",1751454604386,32.3,2025-07-02 11:10:04.386,29.6,"Kilimanjaro.csv"
"4795",1751455203543,32.5,2025-07-02 11:20:03.543,28.6,"Kilimanjaro.csv"
"4796",1751458443334,33,2025-07-02 12:14:03.334,26.9,"Kilimanjaro.csv"
"4797",1751462463519,33.1,2025-07-02 13:21:03.519,25.5,"Kilimanjaro.csv"
"4798",1751465463176,32.6,2025-07-02 14:11:03.176,25.6,"Kilimanjaro.csv"
"4799",1751469723045,32.2,2025-07-02 15:22:03.045,27.5,"Kilimanjaro.csv"
"4800",1751476996050,32,2025-07-02 17:23:16.05,26.7,"Kilimanjaro.csv"
"4801",1751484241463,31.9,2025-07-02 19:24:01.463,26.2,"Kilimanjaro.csv"
"4802",1751491502321,31.6,2025-07-02 21:25:02.321,28.4,"Kilimanjaro.csv"
"4803",1751498761996,31.6,2025-07-02 23:26:01.996,30.7,"Kilimanjaro.csv"
"4804",1751506021907,31.5,2025-07-03 01:27:01.907,32.8,"Kilimanjaro.csv"
"4805",1751513281998,31.4,2025-07-03 03:28:01.998,34,"Kilimanjaro.csv"
"4806",1751515983380,30.9,2025-07-03 04:13:03.38,36.6,"Kilimanjaro.csv"
"4807",1751516224013,30.4,2025-07-03 04:17:04.013,37.8,"Kilimanjaro.csv"
"4808",1751516584716,29.8,2025-07-03 04:23:04.716,38.4,"Kilimanjaro.csv"
"4809",1751517004712,29.2,2025-07-03 04:30:04.712,39.9,"Kilimanjaro.csv"
"4810",1751518143789,28.6,2025-07-03 04:49:03.789,41.3,"Kilimanjaro.csv"
"4811",1751518684715,28.1,2025-07-03 04:58:04.715,42.7,"Kilimanjaro.csv"
"4812",1751519044702,27.6,2025-07-03 05:04:04.702,44.4,"Kilimanjaro.csv"
"4813",1751519584798,27.1,2025-07-03 05:13:04.798,45.3,"Kilimanjaro.csv"
"4814",1751520363828,26.6,2025-07-03 05:26:03.828,47.2,"Kilimanjaro.csv"
"4815",1751520544415,26.6,2025-07-03 05:29:04.415,47.3,"Kilimanjaro.csv"
"4816",1751521024130,27.2,2025-07-03 05:37:04.13,45.8,"Kilimanjaro.csv"
"4817",1751521687220,27.7,2025-07-03 05:48:07.22,45,"Kilimanjaro.csv"
"4818",1751523483909,28.7,2025-07-03 06:18:03.909,43.2,"Kilimanjaro.csv"
"4819",1751524984204,29.3,2025-07-03 06:43:04.204,42.4,"Kilimanjaro.csv"
"4820",1751525284522,28.7,2025-07-03 06:48:04.522,46,"Kilimanjaro.csv"
"4821",1751525463798,28.1,2025-07-03 06:51:03.798,48.2,"Kilimanjaro.csv"
"4822",1751525824416,27.4,2025-07-03 06:57:04.416,50.9,"Kilimanjaro.csv"
"4823",1751526183694,28,2025-07-03 07:03:03.694,48.3,"Kilimanjaro.csv"
"4824",1751526784566,28.5,2025-07-03 07:13:04.566,47.5,"Kilimanjaro.csv"
"4825",1751527803445,28.9,2025-07-03 07:30:03.445,46.7,"Kilimanjaro.csv"
"4826",1751529963642,29.4,2025-07-03 08:06:03.642,45.5,"Kilimanjaro.csv"
"4827",1751535061998,30,2025-07-03 09:31:01.998,43.1,"Kilimanjaro.csv"
"4828",1751542321994,30.3,2025-07-03 11:32:01.994,40.9,"Kilimanjaro.csv"
"4829",1751544185796,29.7,2025-07-03 12:03:05.796,37.3,"Kilimanjaro.csv"
"4830",1751544604569,29.1,2025-07-03 12:10:04.569,36.9,"Kilimanjaro.csv"
"4831",1751545144172,28.6,2025-07-03 12:19:04.172,36.9,"Kilimanjaro.csv"
"4832",1751545624829,28.1,2025-07-03 12:27:04.829,35.5,"Kilimanjaro.csv"
"4833",1751546523507,27.6,2025-07-03 12:42:03.507,35.2,"Kilimanjaro.csv"
"4834",1751548383791,28.1,2025-07-03 13:13:03.791,36.8,"Kilimanjaro.csv"
"4835",1751549583192,28.6,2025-07-03 13:33:03.192,37.2,"Kilimanjaro.csv"
"4836",1751551504098,29.1,2025-07-03 14:05:04.098,37.6,"Kilimanjaro.csv"
"4837",1751556674098,29.6,2025-07-03 15:31:14.098,38.3,"Kilimanjaro.csv"
"4838",1751556844466,29.7,2025-07-03 15:34:04.466,38.3,"Kilimanjaro.csv"
"4839",1751564102010,29.7,2025-07-03 17:35:02.01,38.5,"Kilimanjaro.csv"
"4840",1751571362294,29.6,2025-07-03 19:36:02.294,37.6,"Kilimanjaro.csv"
"4841",1751578621222,29.5,2025-07-03 21:37:01.222,38.4,"Kilimanjaro.csv"
"4842",1751585893555,29.4,2025-07-03 23:38:13.555,39.2,"Kilimanjaro.csv"
"4843",1751593141328,29.3,2025-07-04 01:39:01.328,39.6,"Kilimanjaro.csv"
"4844",1751600401464,29.2,2025-07-04 03:40:01.464,40.1,"Kilimanjaro.csv"
"4845",1751602083792,28.6,2025-07-04 04:08:03.792,36.7,"Kilimanjaro.csv"
"4846",1751607303505,29.1,2025-07-04 05:35:03.505,36.3,"Kilimanjaro.csv"
"4847",1751607663624,29.3,2025-07-04 05:41:03.624,36.1,"Kilimanjaro.csv"
"4848",1751614920994,29.3,2025-07-04 07:42:00.994,35.8,"Kilimanjaro.csv"
"4849",1751622183451,29.5,2025-07-04 09:43:03.451,35.3,"Kilimanjaro.csv"
"4850",1751629442074,29.2,2025-07-04 11:44:02.074,34.6,"Kilimanjaro.csv"
"4851",1751636702194,29,2025-07-04 13:45:02.194,35.7,"Kilimanjaro.csv"
"4852",1751637784058,28.5,2025-07-04 14:03:04.058,32.2,"Kilimanjaro.csv"
"4853",1751638563669,27.9,2025-07-04 14:16:03.669,29.9,"Kilimanjaro.csv"
"4854",1751643543676,28.4,2025-07-04 15:39:03.676,33.5,"Kilimanjaro.csv"
"4855",1751643976299,28.4,2025-07-04 15:46:16.299,33.6,"Kilimanjaro.csv"
"4856",1751646843748,27.9,2025-07-04 16:34:03.748,30.3,"Kilimanjaro.csv"
"4857",1751648346091,27.4,2025-07-04 16:59:06.091,29,"Kilimanjaro.csv"
"4858",1751650023900,26.8,2025-07-04 17:27:03.9,28.5,"Kilimanjaro.csv"
"4859",1751651223257,26.8,2025-07-04 17:47:03.257,29.2,"Kilimanjaro.csv"
"4860",1751653984089,27.3,2025-07-04 18:33:04.089,30.9,"Kilimanjaro.csv"
"4861",1751658482971,27.5,2025-07-04 19:48:02.971,30.9,"Kilimanjaro.csv"
"4862",1751665741246,27.6,2025-07-04 21:49:01.246,32.6,"Kilimanjaro.csv"
"4863",1751673001716,27.6,2025-07-04 23:50:01.716,33.9,"Kilimanjaro.csv"
"4864",1751680261833,27.6,2025-07-05 01:51:01.833,34.7,"Kilimanjaro.csv"
"4865",1751687522871,27.6,2025-07-05 03:52:02.871,35.5,"Kilimanjaro.csv"
"4866",1751691543256,28.1,2025-07-05 04:59:03.256,35.8,"Kilimanjaro.csv"
"4867",1751694783817,28.6,2025-07-05 05:53:03.817,33,"Kilimanjaro.csv"
"4868",1751698683086,29.1,2025-07-05 06:58:03.086,34.6,"Kilimanjaro.csv"
"4869",1751702043429,29.5,2025-07-05 07:54:03.429,35.4,"Kilimanjaro.csv"
"4870",1751709302126,29.9,2025-07-05 09:55:02.126,34.7,"Kilimanjaro.csv"
"4871",1751716573752,29.7,2025-07-05 11:56:13.752,34.6,"Kilimanjaro.csv"
"4872",1751723822072,29.5,2025-07-05 13:57:02.072,34.2,"Kilimanjaro.csv"
"4873",1751731081819,29.4,2025-07-05 15:58:01.819,34.4,"Kilimanjaro.csv"
"4874",1751738342164,29.3,2025-07-05 17:59:02.164,34.8,"Kilimanjaro.csv"
"4875",1751744882661,28.8,2025-07-05 19:48:02.661,32.8,"Kilimanjaro.csv"
"4876",1751745543840,28.3,2025-07-05 19:59:03.84,31.7,"Kilimanjaro.csv"
"4877",1751745604371,28.3,2025-07-05 20:00:04.371,31.4,"Kilimanjaro.csv"
"4878",1751746024560,27.8,2025-07-05 20:07:04.56,31.2,"Kilimanjaro.csv"
"4879",1751746746281,27.2,2025-07-05 20:19:06.281,31.2,"Kilimanjaro.csv"
"4880",1751749983998,27.7,2025-07-05 21:13:03.998,32.8,"Kilimanjaro.csv"
"4881",1751752863430,28.1,2025-07-05 22:01:03.43,33.2,"Kilimanjaro.csv"
"4882",1751760121754,28.4,2025-07-06 00:02:01.754,34.5,"Kilimanjaro.csv"
"4883",1751767382324,28.5,2025-07-06 02:03:02.324,35.5,"Kilimanjaro.csv"
"4884",1751774641999,28.5,2025-07-06 04:04:01.999,36.4,"Kilimanjaro.csv"
"4885",1751781913493,28.9,2025-07-06 06:05:13.493,36.8,"Kilimanjaro.csv"
"4886",1751785624095,29.4,2025-07-06 07:07:04.095,36.4,"Kilimanjaro.csv"
"4887",1751789163480,29.6,2025-07-06 08:06:03.48,36.1,"Kilimanjaro.csv"
"4888",1751796421974,30.1,2025-07-06 10:07:01.974,35.4,"Kilimanjaro.csv"
"4889",1751803681417,30,2025-07-06 12:08:01.417,33.3,"Kilimanjaro.csv"
"4890",1751810941762,29.9,2025-07-06 14:09:01.762,33.3,"Kilimanjaro.csv"
"4891",1751818203237,29.7,2025-07-06 16:10:03.237,32.8,"Kilimanjaro.csv"
"4892",1751823184145,29.1,2025-07-06 17:33:04.145,30.1,"Kilimanjaro.csv"
"4893",1751823904445,28.6,2025-07-06 17:45:04.445,29.2,"Kilimanjaro.csv"
"4894",1751824684105,28.1,2025-07-06 17:58:04.105,28.7,"Kilimanjaro.csv"
"4895",1751825463217,27.7,2025-07-06 18:11:03.217,28.4,"Kilimanjaro.csv"
"4896",1751826543954,27.2,2025-07-06 18:29:03.954,28.7,"Kilimanjaro.csv"
"4897",1751829554826,27.7,2025-07-06 19:19:14.826,30.6,"Kilimanjaro.csv"
"4898",1751832725208,28.2,2025-07-06 20:12:05.208,31.3,"Kilimanjaro.csv"
"4899",1751839981147,28.5,2025-07-06 22:13:01.147,33,"Kilimanjaro.csv"
"4900",1751847242122,28.6,2025-07-07 00:14:02.122,34.1,"Kilimanjaro.csv"
"4901",1751854504051,28.6,2025-07-07 02:15:04.051,34.7,"Kilimanjaro.csv"
"4902",1751861762235,28.6,2025-07-07 04:16:02.235,35.5,"Kilimanjaro.csv"
"4903",1751869022164,28.5,2025-07-07 06:17:02.164,36.8,"Kilimanjaro.csv"
"4904",1751876282064,28.6,2025-07-07 08:18:02.064,37.5,"Kilimanjaro.csv"
"4905",1751883542042,28.5,2025-07-07 10:19:02.042,38.6,"Kilimanjaro.csv"
"4906",1751890801787,28.6,2025-07-07 12:20:01.787,41.9,"Kilimanjaro.csv"
"4907",1751898061670,28.6,2025-07-07 14:21:01.67,40.3,"Kilimanjaro.csv"
"4908",1751905321153,28.3,2025-07-07 16:22:01.153,39.4,"Kilimanjaro.csv"
"4909",1751912581243,28,2025-07-07 18:23:01.243,39.7,"Kilimanjaro.csv"
"4910",1751919841115,27.9,2025-07-07 20:24:01.115,41.3,"Kilimanjaro.csv"
"4911",1751927114103,27.7,2025-07-07 22:25:14.103,41.1,"Kilimanjaro.csv"
"4912",1751934362160,27.6,2025-07-08 00:26:02.16,41.1,"Kilimanjaro.csv"
"4913",1751941621665,27.5,2025-07-08 02:27:01.665,41.3,"Kilimanjaro.csv"
"4914",1751948882336,27.3,2025-07-08 04:28:02.336,41.4,"Kilimanjaro.csv"
"4915",1751956141309,27.2,2025-07-08 06:29:01.309,41.8,"Kilimanjaro.csv"
"4916",1751961074063,27.7,2025-07-08 07:51:14.063,41.7,"Kilimanjaro.csv"
"4917",1751963403056,28,2025-07-08 08:30:03.056,40.6,"Kilimanjaro.csv"
"4918",1751970061927,27.5,2025-07-08 10:21:01.927,38.2,"Kilimanjaro.csv"
"4919",1751970364101,26.9,2025-07-08 10:26:04.101,37.9,"Kilimanjaro.csv"
"4920",1751970664850,26.6,2025-07-08 10:31:04.85,37.6,"Kilimanjaro.csv"
"4921",1751971203566,26.1,2025-07-08 10:40:03.566,38,"Kilimanjaro.csv"
"4922",1751973363268,26.6,2025-07-08 11:16:03.268,39.1,"Kilimanjaro.csv"
"4923",1751977923022,27,2025-07-08 12:32:03.022,39.5,"Kilimanjaro.csv"
"4924",1751985182754,27,2025-07-08 14:33:02.754,38.3,"Kilimanjaro.csv"
"4925",1751992454110,26.9,2025-07-08 16:34:14.11,37.4,"Kilimanjaro.csv"
"4926",1751999702393,26.8,2025-07-08 18:35:02.393,37.3,"Kilimanjaro.csv"
"4927",1752006962317,26.7,2025-07-08 20:36:02.317,38,"Kilimanjaro.csv"
"4928",1752014221096,26.6,2025-07-08 22:37:01.096,38.7,"Kilimanjaro.csv"
"4929",1752021482124,26.5,2025-07-09 00:38:02.124,39.3,"Kilimanjaro.csv"
"4930",1752028742553,26.3,2025-07-09 02:39:02.553,39.7,"Kilimanjaro.csv"
"4931",1752036001664,26.2,2025-07-09 04:40:01.664,40.1,"Kilimanjaro.csv"
"4932",1752043261691,26,2025-07-09 06:41:01.691,40.2,"Kilimanjaro.csv"
"4933",1752050533355,26,2025-07-09 08:42:13.355,41.1,"Kilimanjaro.csv"
"4934",1752057781490,26.2,2025-07-09 10:43:01.49,41.8,"Kilimanjaro.csv"
"4935",1752065041919,26.4,2025-07-09 12:44:01.919,42.3,"Kilimanjaro.csv"
"4936",1752072313395,26.5,2025-07-09 14:45:13.395,42.6,"Kilimanjaro.csv"
"4937",1752079561206,26.3,2025-07-09 16:46:01.206,43.1,"Kilimanjaro.csv"
"4938",1752086822315,26.2,2025-07-09 18:47:02.315,43.6,"Kilimanjaro.csv"
"4939",1752094081578,26,2025-07-09 20:48:01.578,43.5,"Kilimanjaro.csv"
"4940",1752101341270,25.8,2025-07-09 22:49:01.27,43.5,"Kilimanjaro.csv"
"4941",1752108614695,25.7,2025-07-10 00:50:14.695,44,"Kilimanjaro.csv"
"4942",1752115861573,25.6,2025-07-10 02:51:01.573,43.9,"Kilimanjaro.csv"
"4943",1752123121238,25.7,2025-07-10 04:52:01.238,44.3,"Kilimanjaro.csv"
"4944",1752130381982,25.8,2025-07-10 06:53:01.982,44.4,"Kilimanjaro.csv"
"4945",1752133563381,26.3,2025-07-10 07:46:03.381,44.4,"Kilimanjaro.csv"
"4946",1752136335117,26.8,2025-07-10 08:32:15.117,44.4,"Kilimanjaro.csv"
"4947",1752137655728,27,2025-07-10 08:54:15.728,44.2,"Kilimanjaro.csv"
"4948",1752144901831,26.8,2025-07-10 10:55:01.831,43.1,"Kilimanjaro.csv"
"4949",1752152161768,26.4,2025-07-10 12:56:01.768,42.7,"Kilimanjaro.csv"
"4950",1752159423210,26.3,2025-07-10 14:57:03.21,42.5,"Kilimanjaro.csv"
"4951",1752166682064,26.1,2025-07-10 16:58:02.064,42.2,"Kilimanjaro.csv"
"4952",1752181200255,25.7,2025-07-10 21:00:00.255,42,"Kilimanjaro.csv"
"4953",1752188461056,25.6,2025-07-10 23:01:01.056,42,"Kilimanjaro.csv"
"4954",1752195722163,25.4,2025-07-11 01:02:02.163,41.9,"Kilimanjaro.csv"
"4955",1752202982031,25.2,2025-07-11 03:03:02.031,41.9,"Kilimanjaro.csv"
"4956",1752210241889,25,2025-07-11 05:04:01.889,41.8,"Kilimanjaro.csv"
"4957",1752214802725,25.6,2025-07-11 06:20:02.725,41.4,"Kilimanjaro.csv"
"4958",1752217503629,25.8,2025-07-11 07:05:03.629,41.1,"Kilimanjaro.csv"
"4959",1752224761667,26,2025-07-11 09:06:01.667,41,"Kilimanjaro.csv"
"4960",1752232022334,26.1,2025-07-11 11:07:02.334,41,"Kilimanjaro.csv"
"4961",1752239281620,25.9,2025-07-11 13:08:01.62,41.2,"Kilimanjaro.csv"
"4962",1752246543267,25.8,2025-07-11 15:09:03.267,41,"Kilimanjaro.csv"
"4963",1752253801542,25.7,2025-07-11 17:10:01.542,41.2,"Kilimanjaro.csv"
"4964",1752261061916,25.5,2025-07-11 19:11:01.916,41.2,"Kilimanjaro.csv"
"4965",1752268321768,25.4,2025-07-11 21:12:01.768,41.3,"Kilimanjaro.csv"
"4966",1752275582316,25.2,2025-07-11 23:13:02.316,41.3,"Kilimanjaro.csv"
"4967",1752282841554,25,2025-07-12 01:14:01.554,41.4,"Kilimanjaro.csv"
"4968",1752290102050,24.8,2025-07-12 03:15:02.05,41.5,"Kilimanjaro.csv"
"4969",1752297373669,24.7,2025-07-12 05:16:13.669,41.7,"Kilimanjaro.csv"
"4970",1752304622461,24.5,2025-07-12 07:17:02.461,41.8,"Kilimanjaro.csv"
"4971",1752311881895,24.5,2025-07-12 09:18:01.895,41.9,"Kilimanjaro.csv"
"4972",1752319142160,24.4,2025-07-12 11:19:02.16,42,"Kilimanjaro.csv"
"4973",1752326402117,24.4,2025-07-12 13:20:02.117,42.1,"Kilimanjaro.csv"
"4974",1752333662310,24.4,2025-07-12 15:21:02.31,42.4,"Kilimanjaro.csv"
"4975",1752340922292,24.2,2025-07-12 17:22:02.292,42.6,"Kilimanjaro.csv"
"4976",1752348181980,24.1,2025-07-12 19:23:01.98,42.8,"Kilimanjaro.csv"
"4977",1752355441207,24,2025-07-12 21:24:01.207,42.6,"Kilimanjaro.csv"
"4978",1752362702121,23.9,2025-07-12 23:25:02.121,42.6,"Kilimanjaro.csv"
"4979",1752369962326,23.8,2025-07-13 01:26:02.326,42.5,"Kilimanjaro.csv"
"4980",1752377222172,23.7,2025-07-13 03:27:02.172,42.5,"Kilimanjaro.csv"
"4981",1752384481448,23.6,2025-07-13 05:28:01.448,42.5,"Kilimanjaro.csv"
"4982",1752391742315,23.6,2025-07-13 07:29:02.315,42.5,"Kilimanjaro.csv"
"4983",1752399003085,23.8,2025-07-13 09:30:03.085,42.4,"Kilimanjaro.csv"
"4984",1752406262581,24.1,2025-07-13 11:31:02.581,42.8,"Kilimanjaro.csv"
"4985",1752413522251,24.1,2025-07-13 13:32:02.251,43,"Kilimanjaro.csv"
"4986",1752420783890,24.4,2025-07-13 15:33:03.89,45.5,"Kilimanjaro.csv"
"4987",1752428042297,24.2,2025-07-13 17:34:02.297,45.7,"Kilimanjaro.csv"
"4988",1752435302315,24.4,2025-07-13 19:35:02.315,48.2,"Kilimanjaro.csv"
"4989",1752442563990,24.3,2025-07-13 21:36:03.99,47.3,"Kilimanjaro.csv"
"4990",1752449834237,24.2,2025-07-13 23:37:14.237,47.8,"Kilimanjaro.csv"
"4991",1752457081555,24.2,2025-07-14 01:38:01.555,47.4,"Kilimanjaro.csv"
"4992",1752464341577,24.2,2025-07-14 03:39:01.577,47.4,"Kilimanjaro.csv"
"4993",1752471614769,24.5,2025-07-14 05:40:14.769,48.1,"Kilimanjaro.csv"
"4994",1752477422316,25,2025-07-14 07:17:02.316,47.8,"Kilimanjaro.csv"
"4995",1752478863660,25.3,2025-07-14 07:41:03.66,47.8,"Kilimanjaro.csv"
"4996",1752481203738,25.8,2025-07-14 08:20:03.738,47.6,"Kilimanjaro.csv"
"4997",1752486122540,26.2,2025-07-14 09:42:02.54,47.1,"Kilimanjaro.csv"
"4998",1752493381972,26.2,2025-07-14 11:43:01.972,47.2,"Kilimanjaro.csv"
"4999",1752500645037,26.2,2025-07-14 13:44:05.037,47.9,"Kilimanjaro.csv"
"5000",1752507901340,26.2,2025-07-14 15:45:01.34,47.4,"Kilimanjaro.csv"
"5001",1752515161863,26.2,2025-07-14 17:46:01.863,48,"Kilimanjaro.csv"
"5002",1752522421589,26.3,2025-07-14 19:47:01.589,48.5,"Kilimanjaro.csv"
"5003",1752529685064,26.2,2025-07-14 21:48:05.064,48.7,"Kilimanjaro.csv"
"5004",1752536942290,26.1,2025-07-14 23:49:02.29,48.5,"Kilimanjaro.csv"
"5005",1752544201706,26.1,2025-07-15 01:50:01.706,48.9,"Kilimanjaro.csv"
"5006",1752551461451,26,2025-07-15 03:51:01.451,49.2,"Kilimanjaro.csv"
"5007",1752558722156,26,2025-07-15 05:52:02.156,49.6,"Kilimanjaro.csv"
"5008",1752565982208,26,2025-07-15 07:53:02.208,49.9,"Kilimanjaro.csv"
"5009",1752573242718,26,2025-07-15 09:54:02.718,49.4,"Kilimanjaro.csv"
"5010",1752580502232,26.2,2025-07-15 11:55:02.232,49.7,"Kilimanjaro.csv"
"5011",1752587762699,26.5,2025-07-15 13:56:02.699,50,"Kilimanjaro.csv"
"5012",1752595023316,26.4,2025-07-15 15:57:03.316,49.5,"Kilimanjaro.csv"
"5013",1752602281630,26.3,2025-07-15 17:58:01.63,48.8,"Kilimanjaro.csv"
"5014",1752609542528,26,2025-07-15 19:59:02.528,48.4,"Kilimanjaro.csv"
"5015",1752616802004,25.8,2025-07-15 22:00:02.004,48.9,"Kilimanjaro.csv"
"5016",1752624061573,25.7,2025-07-16 00:01:01.573,49.7,"Kilimanjaro.csv"
"5017",1752631322956,25.5,2025-07-16 02:02:02.956,50,"Kilimanjaro.csv"
"5018",1752638581458,25.5,2025-07-16 04:03:01.458,50.4,"Kilimanjaro.csv"
"5019",1752642485153,26,2025-07-16 05:08:05.153,50.1,"Kilimanjaro.csv"
"5020",1752645842530,26.4,2025-07-16 06:04:02.53,49.4,"Kilimanjaro.csv"
"5021",1752651062965,26.9,2025-07-16 07:31:02.965,48.3,"Kilimanjaro.csv"
"5022",1752653115669,26.9,2025-07-16 08:05:15.669,48.3,"Kilimanjaro.csv"
"5023",1752660361661,26.6,2025-07-16 10:06:01.661,48.1,"Kilimanjaro.csv"
"5024",1752663243144,26,2025-07-16 10:54:03.144,44.1,"Kilimanjaro.csv"
"5025",1752664084627,25.5,2025-07-16 11:08:04.627,43.2,"Kilimanjaro.csv"
"5026",1752666902751,25,2025-07-16 11:55:02.751,43.2,"Kilimanjaro.csv"
"5027",1752667624336,25,2025-07-16 12:07:04.336,43.6,"Kilimanjaro.csv"
"5028",1752672015081,25.5,2025-07-16 13:20:15.081,45.2,"Kilimanjaro.csv"
"5029",1752674883385,25.7,2025-07-16 14:08:03.385,45.8,"Kilimanjaro.csv"
"5030",1752682141598,25.9,2025-07-16 16:09:01.598,47.1,"Kilimanjaro.csv"
"5031",1752689402177,25.8,2025-07-16 18:10:02.177,45.8,"Kilimanjaro.csv"
"5032",1752696674079,25.8,2025-07-16 20:11:14.079,46.6,"Kilimanjaro.csv"
"5033",1752703921132,25.6,2025-07-16 22:12:01.132,47.2,"Kilimanjaro.csv"
"5034",1752711182028,25.4,2025-07-17 00:13:02.028,48.1,"Kilimanjaro.csv"
"5035",1752718441037,25.3,2025-07-17 02:14:01.037,48.8,"Kilimanjaro.csv"
"5036",1752725701767,25.2,2025-07-17 04:15:01.767,49.3,"Kilimanjaro.csv"
"5037",1752732063198,25.7,2025-07-17 06:01:03.198,48.7,"Kilimanjaro.csv"
"5038",1752732964164,25.8,2025-07-17 06:16:04.164,48.8,"Kilimanjaro.csv"
"5039",1752740222324,25.8,2025-07-17 08:17:02.324,48.1,"Kilimanjaro.csv"
"5040",1752746653732,25.3,2025-07-17 10:04:13.732,48,"Kilimanjaro.csv"
"5041",1752747484100,25.3,2025-07-17 10:18:04.1,47.9,"Kilimanjaro.csv"
"5042",1752754743215,25,2025-07-17 12:19:03.215,48.9,"Kilimanjaro.csv"
"5043",1752762014193,25.1,2025-07-17 14:20:14.193,49.2,"Kilimanjaro.csv"
"5044",1752769260891,25.2,2025-07-17 16:21:00.891,50.8,"Kilimanjaro.csv"
"5045",1752776521675,25,2025-07-17 18:22:01.675,50.3,"Kilimanjaro.csv"
"5046",1752783784587,24.9,2025-07-17 20:23:04.587,50.9,"Kilimanjaro.csv"
"5047",1752791042795,24.8,2025-07-17 22:24:02.795,50.6,"Kilimanjaro.csv"
"5048",1752798301698,24.7,2025-07-18 00:25:01.698,50.8,"Kilimanjaro.csv"
"5049",1752805562126,24.7,2025-07-18 02:26:02.126,50.8,"Kilimanjaro.csv"
"5050",1752812822747,24.6,2025-07-18 04:27:02.747,50.9,"Kilimanjaro.csv"
"5051",1752820082127,24.8,2025-07-18 06:28:02.127,51.3,"Kilimanjaro.csv"
"5052",1752827341688,25,2025-07-18 08:29:01.688,51.1,"Kilimanjaro.csv"
"5053",1752834601070,25.2,2025-07-18 10:30:01.07,51.8,"Kilimanjaro.csv"
"5054",1752841863427,25.3,2025-07-18 12:31:03.427,52,"Kilimanjaro.csv"
"5055",1752849122016,25.3,2025-07-18 14:32:02.016,52.1,"Kilimanjaro.csv"
"5056",1752856382009,25.4,2025-07-18 16:33:02.009,52,"Kilimanjaro.csv"
"5057",1752863641771,25.4,2025-07-18 18:34:01.771,51.7,"Kilimanjaro.csv"
"5058",1752870901657,25.3,2025-07-18 20:35:01.657,51.6,"Kilimanjaro.csv"
"5059",1752878160894,25.2,2025-07-18 22:36:00.894,51.8,"Kilimanjaro.csv"
"5060",1752885432878,25.1,2025-07-19 00:37:12.878,52,"Kilimanjaro.csv"
"5061",1752892682198,25,2025-07-19 02:38:02.198,52.4,"Kilimanjaro.csv"
"5062",1752903782749,25.6,2025-07-19 05:43:02.749,53.7,"Kilimanjaro.csv"
"5063",1752907023208,26.1,2025-07-19 06:37:03.208,53.6,"Kilimanjaro.csv"
"5064",1752907204669,26.1,2025-07-19 06:40:04.669,53.6,"Kilimanjaro.csv"
"5065",1752910744936,26.7,2025-07-19 07:39:04.936,52,"Kilimanjaro.csv"
"5066",1752914463678,26.8,2025-07-19 08:41:03.678,50.9,"Kilimanjaro.csv"
"5067",1752921732975,26.9,2025-07-19 10:42:12.975,50,"Kilimanjaro.csv"
"5068",1752928982168,26.9,2025-07-19 12:43:02.168,48.7,"Kilimanjaro.csv"
"5069",1752936241909,27,2025-07-19 14:44:01.909,48.5,"Kilimanjaro.csv"
"5070",1752943501381,27,2025-07-19 16:45:01.381,48.1,"Kilimanjaro.csv"
"5071",1752950763351,27,2025-07-19 18:46:03.351,47.9,"Kilimanjaro.csv"
"5072",1752958021742,26.9,2025-07-19 20:47:01.742,47.9,"Kilimanjaro.csv"
"5073",1752965281623,26.8,2025-07-19 22:48:01.623,47.8,"Kilimanjaro.csv"
"5074",1752972541021,26.8,2025-07-20 00:49:01.021,48,"Kilimanjaro.csv"
"5075",1752979801898,26.8,2025-07-20 02:50:01.898,48.2,"Kilimanjaro.csv"
"5076",1752987061663,27,2025-07-20 04:51:01.663,49.2,"Kilimanjaro.csv"
"5077",1752991802455,27.5,2025-07-20 06:10:02.455,49.4,"Kilimanjaro.csv"
"5078",1752994323122,27.8,2025-07-20 06:52:03.122,49.9,"Kilimanjaro.csv"
"5079",1752997215291,28.3,2025-07-20 07:40:15.291,50.2,"Kilimanjaro.csv"
"5080",1753001583148,28.4,2025-07-20 08:53:03.148,49.7,"Kilimanjaro.csv"
"5081",1753008841718,28.6,2025-07-20 10:54:01.718,49.6,"Kilimanjaro.csv"
"5082",1753016101792,28.6,2025-07-20 12:55:01.792,48.7,"Kilimanjaro.csv"
"5083",1753023362103,28.6,2025-07-20 14:56:02.103,48.7,"Kilimanjaro.csv"
"5084",1753030621544,28.8,2025-07-20 16:57:01.544,49.8,"Kilimanjaro.csv"
"5085",1753037881988,28.7,2025-07-20 18:58:01.988,49.1,"Kilimanjaro.csv"
"5086",1753045144488,28.6,2025-07-20 20:59:04.488,48.7,"Kilimanjaro.csv"
"5087",1753052401664,28.6,2025-07-20 23:00:01.664,48.7,"Kilimanjaro.csv"
"5088",1753059661629,28.5,2025-07-21 01:01:01.629,48.6,"Kilimanjaro.csv"
"5089",1753066921742,28.4,2025-07-21 03:02:01.742,48.8,"Kilimanjaro.csv"
"5090",1753074184019,28.3,2025-07-21 05:03:04.019,49.9,"Kilimanjaro.csv"
"5091",1753081441582,28.2,2025-07-21 07:04:01.582,50.4,"Kilimanjaro.csv"
"5092",1753088701381,28.3,2025-07-21 09:05:01.381,50.4,"Kilimanjaro.csv"
"5093",1753095960742,28.3,2025-07-21 11:06:00.742,51,"Kilimanjaro.csv"
"5094",1753103220911,28.3,2025-07-21 13:07:00.911,51.6,"Kilimanjaro.csv"
"5095",1753110481595,28.1,2025-07-21 15:08:01.595,51.3,"Kilimanjaro.csv"
"5096",1753117743151,27.9,2025-07-21 17:09:03.151,51,"Kilimanjaro.csv"
"5097",1753125002086,27.7,2025-07-21 19:10:02.086,51,"Kilimanjaro.csv"
"5098",1753132261697,27.6,2025-07-21 21:11:01.697,50.9,"Kilimanjaro.csv"
"5099",1753139521503,27.5,2025-07-21 23:12:01.503,51.2,"Kilimanjaro.csv"
"5100",1753146781579,27.3,2025-07-22 01:13:01.579,51.5,"Kilimanjaro.csv"
"5101",1753154041800,27.2,2025-07-22 03:14:01.8,51.7,"Kilimanjaro.csv"
"5102",1753161302066,27.1,2025-07-22 05:15:02.066,52,"Kilimanjaro.csv"
"5103",1753168561306,27.3,2025-07-22 07:16:01.306,52.2,"Kilimanjaro.csv"
"5104",1753175821804,27.3,2025-07-22 09:17:01.804,51.1,"Kilimanjaro.csv"
"5105",1753183081936,27.3,2025-07-22 11:18:01.936,50.7,"Kilimanjaro.csv"
"5106",1753190342059,27.3,2025-07-22 13:19:02.059,51.3,"Kilimanjaro.csv"
"5107",1753197602933,27.4,2025-07-22 15:20:02.933,52,"Kilimanjaro.csv"
"5108",1753204861679,27.4,2025-07-22 17:21:01.679,52.3,"Kilimanjaro.csv"
"5109",1753207083590,26.8,2025-07-22 17:58:03.59,51.7,"Kilimanjaro.csv"
"5110",1753207746747,26.3,2025-07-22 18:09:06.747,52.3,"Kilimanjaro.csv"
"5111",1753212123600,26.5,2025-07-22 19:22:03.6,51.6,"Kilimanjaro.csv"
"5112",1753219381883,26.5,2025-07-22 21:23:01.883,51.5,"Kilimanjaro.csv"
"5113",1753226641871,26.5,2025-07-22 23:24:01.871,51.6,"Kilimanjaro.csv"
"5114",1753233901568,26.4,2025-07-23 01:25:01.568,51.9,"Kilimanjaro.csv"
"5115",1753241164249,26.3,2025-07-23 03:26:04.249,51.8,"Kilimanjaro.csv"
"5116",1753248432818,26.2,2025-07-23 05:27:12.818,52,"Kilimanjaro.csv"
"5117",1753255681460,25.9,2025-07-23 07:28:01.46,52.2,"Kilimanjaro.csv"
"5118",1753262941825,25.8,2025-07-23 09:29:01.825,52.4,"Kilimanjaro.csv"
"5119",1753270202783,25.6,2025-07-23 11:30:02.783,52.7,"Kilimanjaro.csv"
"5120",1753277461146,25.5,2025-07-23 13:31:01.146,52.6,"Kilimanjaro.csv"
"5121",1753284721467,25.5,2025-07-23 15:32:01.467,52.7,"Kilimanjaro.csv"
"5122",1753291981118,25.4,2025-07-23 17:33:01.118,52.5,"Kilimanjaro.csv"
"5123",1753299241522,25.5,2025-07-23 19:34:01.522,53.2,"Kilimanjaro.csv"
"5124",1753306502492,25.3,2025-07-23 21:35:02.492,52.9,"Kilimanjaro.csv"
"5125",1753313761981,25.2,2025-07-23 23:36:01.981,53.1,"Kilimanjaro.csv"
"5126",1753321022095,25.1,2025-07-24 01:37:02.095,53.3,"Kilimanjaro.csv"
"5127",1753328281189,25,2025-07-24 03:38:01.189,53.3,"Kilimanjaro.csv"
"5128",1753335542193,25,2025-07-24 05:39:02.193,53.5,"Kilimanjaro.csv"
"5129",1753342803408,25,2025-07-24 07:40:03.408,53.5,"Kilimanjaro.csv"
"5130",1753350073974,25.3,2025-07-24 09:41:13.974,54.4,"Kilimanjaro.csv"
"5131",1753357321708,25.3,2025-07-24 11:42:01.708,54.4,"Kilimanjaro.csv"
"5132",1753364593159,25.4,2025-07-24 13:43:13.159,54.2,"Kilimanjaro.csv"
"5133",1753371842477,25.3,2025-07-24 15:44:02.477,54,"Kilimanjaro.csv"
"5134",1753379102350,25.3,2025-07-24 17:45:02.35,53.6,"Kilimanjaro.csv"
"5135",1753386362287,25.2,2025-07-24 19:46:02.287,53.3,"Kilimanjaro.csv"
"5136",1753393622761,25.1,2025-07-24 21:47:02.761,53.2,"Kilimanjaro.csv"
"5137",1753400881965,25,2025-07-24 23:48:01.965,53,"Kilimanjaro.csv"
"5138",1753408141641,24.9,2025-07-25 01:49:01.641,52.9,"Kilimanjaro.csv"
"5139",1753415401683,24.8,2025-07-25 03:50:01.683,52.8,"Kilimanjaro.csv"
"5140",1753422661765,24.7,2025-07-25 05:51:01.765,52.7,"Kilimanjaro.csv"
"5141",1753429921582,24.7,2025-07-25 07:52:01.582,52.6,"Kilimanjaro.csv"
"5142",1753437181578,24.9,2025-07-25 09:53:01.578,54.4,"Kilimanjaro.csv"
"5143",1753444441846,25,2025-07-25 11:54:01.846,55.8,"Kilimanjaro.csv"
"5144",1753451701866,25,2025-07-25 13:55:01.866,55.2,"Kilimanjaro.csv"
"5145",1753458961905,25.3,2025-07-25 15:56:01.905,56.2,"Kilimanjaro.csv"
"5146",1753466233287,25.3,2025-07-25 17:57:13.287,55.8,"Kilimanjaro.csv"
"5147",1753473494362,25.3,2025-07-25 19:58:14.362,55.7,"Kilimanjaro.csv"
"5148",1753480756600,25.2,2025-07-25 21:59:16.6,55.3,"Kilimanjaro.csv"
"5149",1753488001777,25.2,2025-07-26 00:00:01.777,55.5,"Kilimanjaro.csv"
"5150",1753495261691,25.2,2025-07-26 02:01:01.691,55.6,"Kilimanjaro.csv"
"5151",1753502522143,25.2,2025-07-26 04:02:02.143,55.7,"Kilimanjaro.csv"
"5152",1753509783735,25.2,2025-07-26 06:03:03.735,55.8,"Kilimanjaro.csv"
"5153",1753517041868,25.2,2025-07-26 08:04:01.868,55.9,"Kilimanjaro.csv"
"5154",1753524301465,25.2,2025-07-26 10:05:01.465,55.4,"Kilimanjaro.csv"
"5155",1753531561808,25.3,2025-07-26 12:06:01.808,55.4,"Kilimanjaro.csv"
"5156",1753538821545,25.3,2025-07-26 14:07:01.545,55,"Kilimanjaro.csv"
"5157",1753546080842,25.3,2025-07-26 16:08:00.842,54.9,"Kilimanjaro.csv"
"5158",1753553341582,25.3,2025-07-26 18:09:01.582,54.8,"Kilimanjaro.csv"
"5159",1753560603005,25.2,2025-07-26 20:10:03.005,54.9,"Kilimanjaro.csv"
"5160",1753567860845,25.2,2025-07-26 22:11:00.845,54.8,"Kilimanjaro.csv"
"5161",1753575121608,25.1,2025-07-27 00:12:01.608,55.1,"Kilimanjaro.csv"
"5162",1753582381370,25.1,2025-07-27 02:13:01.37,55.4,"Kilimanjaro.csv"
"5163",1753589641663,25,2025-07-27 04:14:01.663,55.5,"Kilimanjaro.csv"
"5164",1753596903019,25.2,2025-07-27 06:15:03.019,55.6,"Kilimanjaro.csv"
"5165",1753604162022,25.3,2025-07-27 08:16:02.022,55.4,"Kilimanjaro.csv"
"5166",1753611424384,25.4,2025-07-27 10:17:04.384,55.2,"Kilimanjaro.csv"
"5167",1753618682080,25.5,2025-07-27 12:18:02.08,54.8,"Kilimanjaro.csv"
"5168",1753625942644,25.5,2025-07-27 14:19:02.644,54.6,"Kilimanjaro.csv"
"5169",1753633201705,25.5,2025-07-27 16:20:01.705,54.2,"Kilimanjaro.csv"
"5170",1753640461400,25.5,2025-07-27 18:21:01.4,54,"Kilimanjaro.csv"
"5171",1753647722751,25.4,2025-07-27 20:22:02.751,53.8,"Kilimanjaro.csv"
"5172",1753654981759,25.4,2025-07-27 22:23:01.759,53.8,"Kilimanjaro.csv"
"5173",1753662241858,25.3,2025-07-28 00:24:01.858,53.7,"Kilimanjaro.csv"
"5174",1753669504382,25.3,2025-07-28 02:25:04.382,53.7,"Kilimanjaro.csv"
"5175",1753676760882,25.2,2025-07-28 04:26:00.882,53.7,"Kilimanjaro.csv"
"5176",1753684021141,25.2,2025-07-28 06:27:01.141,53.6,"Kilimanjaro.csv"
"5177",1753691281945,25.2,2025-07-28 08:28:01.945,53.8,"Kilimanjaro.csv"
"5178",1753698541807,25.3,2025-07-28 10:29:01.807,53.9,"Kilimanjaro.csv"
"5179",1753705801161,25.4,2025-07-28 12:30:01.161,53.8,"Kilimanjaro.csv"
"5180",1753713061400,25.4,2025-07-28 14:31:01.4,53.8,"Kilimanjaro.csv"
"5181",1753720322056,25.4,2025-07-28 16:32:02.056,53.6,"Kilimanjaro.csv"
"5182",1753727582455,25.4,2025-07-28 18:33:02.455,53.3,"Kilimanjaro.csv"
"5183",1753734842016,25.3,2025-07-28 20:34:02.016,53.2,"Kilimanjaro.csv"
"5184",1753742102328,25.3,2025-07-28 22:35:02.328,53.1,"Kilimanjaro.csv"
"5185",1753749362127,25.2,2025-07-29 00:36:02.127,53,"Kilimanjaro.csv"
"5186",1753756622152,25.1,2025-07-29 02:37:02.152,52.8,"Kilimanjaro.csv"
"5187",1753763881989,25,2025-07-29 04:38:01.989,52.7,"Kilimanjaro.csv"
"5188",1753771141661,25.4,2025-07-29 06:39:01.661,52.5,"Kilimanjaro.csv"
"5189",1753778401907,25.8,2025-07-29 08:40:01.907,52.2,"Kilimanjaro.csv"
"5190",1753785661015,25.9,2025-07-29 10:41:01.015,51.7,"Kilimanjaro.csv"
"5191",1753792922045,25.8,2025-07-29 12:42:02.045,51.5,"Kilimanjaro.csv"
"5192",1753800181049,25.8,2025-07-29 14:43:01.049,51.6,"Kilimanjaro.csv"
"5193",1753807442154,25.7,2025-07-29 16:44:02.154,51.6,"Kilimanjaro.csv"
"5194",1753814702115,25.4,2025-07-29 18:45:02.115,50.5,"Kilimanjaro.csv"
"5195",1753821962923,25.3,2025-07-29 20:46:02.923,50.4,"Kilimanjaro.csv"
"5196",1753829221302,25.3,2025-07-29 22:47:01.302,50.7,"Kilimanjaro.csv"
"5197",1753836482067,25.2,2025-07-30 00:48:02.067,51.1,"Kilimanjaro.csv"
"5198",1753843741501,25.1,2025-07-30 02:49:01.501,51.6,"Kilimanjaro.csv"
"5199",1753851001184,25.1,2025-07-30 04:50:01.184,51.8,"Kilimanjaro.csv"
"5200",1753858263045,25.4,2025-07-30 06:51:03.045,49.4,"Kilimanjaro.csv"
"5201",1753862402357,25.9,2025-07-30 08:00:02.357,49.2,"Kilimanjaro.csv"
"5202",1753865523319,26.1,2025-07-30 08:52:03.319,49.3,"Kilimanjaro.csv"
"5203",1753872793796,26.2,2025-07-30 10:53:13.796,48.8,"Kilimanjaro.csv"
"5204",1753880041718,26,2025-07-30 12:54:01.718,48.8,"Kilimanjaro.csv"
"5205",1753887302097,25.9,2025-07-30 14:55:02.097,48,"Kilimanjaro.csv"
"5206",1753894562064,25.8,2025-07-30 16:56:02.064,46.9,"Kilimanjaro.csv"
"5207",1753901821874,25.7,2025-07-30 18:57:01.874,47.5,"Kilimanjaro.csv"
"5208",1753909081711,25.7,2025-07-30 20:58:01.711,47.8,"Kilimanjaro.csv"
"5209",1753916341793,25.7,2025-07-30 22:59:01.793,48.3,"Kilimanjaro.csv"
"5210",1753923602279,25.6,2025-07-31 01:00:02.279,48.8,"Kilimanjaro.csv"
"5211",1753930861734,25.6,2025-07-31 03:01:01.734,49.1,"Kilimanjaro.csv"
"5212",1753938122120,25.5,2025-07-31 05:02:02.12,49.5,"Kilimanjaro.csv"
"5213",1753945381684,25.4,2025-07-31 07:03:01.684,49.4,"Kilimanjaro.csv"
"5214",1753952641422,25.4,2025-07-31 09:04:01.422,49.1,"Kilimanjaro.csv"
"5215",1753959902637,25.3,2025-07-31 11:05:02.637,49.5,"Kilimanjaro.csv"
"5216",1753967173868,25.4,2025-07-31 13:06:13.868,51.7,"Kilimanjaro.csv"
"5217",1753974421207,25.5,2025-07-31 15:07:01.207,53.2,"Kilimanjaro.csv"
"5218",1753981682296,25.4,2025-07-31 17:08:02.296,53.9,"Kilimanjaro.csv"
"5219",1753988942029,25.3,2025-07-31 19:09:02.029,53.7,"Kilimanjaro.csv"
"5220",1753996201929,25.1,2025-07-31 21:10:01.929,53.6,"Kilimanjaro.csv"
"5221",1754003461564,25,2025-07-31 23:11:01.564,53.7,"Kilimanjaro.csv"
"5222",1754010723938,24.9,2025-08-01 01:12:03.938,53.9,"Kilimanjaro.csv"
"5223",1754017981969,24.7,2025-08-01 03:13:01.969,53.5,"Kilimanjaro.csv"
"5224",1754025241820,24.5,2025-08-01 05:14:01.82,53.1,"Kilimanjaro.csv"
"5225",1754032501700,24.4,2025-08-01 07:15:01.7,53.1,"Kilimanjaro.csv"
"5226",1754039773237,24.5,2025-08-01 09:16:13.237,53.2,"Kilimanjaro.csv"
"5227",1754047022076,24.6,2025-08-01 11:17:02.076,53.3,"Kilimanjaro.csv"
"5228",1754054282358,24.7,2025-08-01 13:18:02.358,53.7,"Kilimanjaro.csv"
"5229",1754061542599,24.7,2025-08-01 15:19:02.599,53.6,"Kilimanjaro.csv"
"5230",1754068802573,24.8,2025-08-01 17:20:02.573,53.6,"Kilimanjaro.csv"
"5231",1754076061776,24.7,2025-08-01 19:21:01.776,53.7,"Kilimanjaro.csv"
"5232",1754083321949,24.7,2025-08-01 21:22:01.949,53.7,"Kilimanjaro.csv"
"5233",1754090582521,24.6,2025-08-01 23:23:02.521,53.4,"Kilimanjaro.csv"
"5234",1754097841837,24.4,2025-08-02 01:24:01.837,53.3,"Kilimanjaro.csv"
"5235",1754105101046,24.2,2025-08-02 03:25:01.046,53.2,"Kilimanjaro.csv"
"5236",1754112362076,24.1,2025-08-02 05:26:02.076,53.3,"Kilimanjaro.csv"
"5237",1754119621713,24.1,2025-08-02 07:27:01.713,53.8,"Kilimanjaro.csv"
"5238",1754126882292,24.4,2025-08-02 09:28:02.292,54.5,"Kilimanjaro.csv"
"5239",1754134141967,24.4,2025-08-02 11:29:01.967,54,"Kilimanjaro.csv"
"5240",1754141413235,24.5,2025-08-02 13:30:13.235,54.5,"Kilimanjaro.csv"
"5241",1754148661388,24.6,2025-08-02 15:31:01.388,54,"Kilimanjaro.csv"
"5242",1754155921916,24.5,2025-08-02 17:32:01.916,53.8,"Kilimanjaro.csv"
"5243",1754163182178,24.5,2025-08-02 19:33:02.178,53.6,"Kilimanjaro.csv"
"5244",1754170442054,24.4,2025-08-02 21:34:02.054,53,"Kilimanjaro.csv"
"5245",1754177700789,24.3,2025-08-02 23:35:00.789,52.8,"Kilimanjaro.csv"
"5246",1754184962099,24.1,2025-08-03 01:36:02.099,52.6,"Kilimanjaro.csv"
"5247",1754192222167,24,2025-08-03 03:37:02.167,52.6,"Kilimanjaro.csv"
"5248",1754199482161,23.9,2025-08-03 05:38:02.161,52.7,"Kilimanjaro.csv"
"5249",1754206753983,23.9,2025-08-03 07:39:13.983,52.8,"Kilimanjaro.csv"
"5250",1754214001682,23.8,2025-08-03 09:40:01.682,52.9,"Kilimanjaro.csv"
"5251",1754221262414,23.9,2025-08-03 11:41:02.414,52.7,"Kilimanjaro.csv"
"5252",1754228521717,24,2025-08-03 13:42:01.717,52.7,"Kilimanjaro.csv"
"5253",1754235781526,24,2025-08-03 15:43:01.526,52.8,"Kilimanjaro.csv"
"5254",1754243042507,24,2025-08-03 17:44:02.507,53.2,"Kilimanjaro.csv"
"5255",1754250302790,23.9,2025-08-03 19:45:02.79,53.2,"Kilimanjaro.csv"
"5256",1754257561273,23.8,2025-08-03 21:46:01.273,53.1,"Kilimanjaro.csv"
"5257",1754264821803,23.8,2025-08-03 23:47:01.803,53.2,"Kilimanjaro.csv"
"5258",1754272082407,23.7,2025-08-04 01:48:02.407,53.3,"Kilimanjaro.csv"
"5259",1754279341035,23.7,2025-08-04 03:49:01.035,53.6,"Kilimanjaro.csv"
"5260",1754286601697,23.6,2025-08-04 05:50:01.697,53.7,"Kilimanjaro.csv"
"5261",1754293861466,23.5,2025-08-04 07:51:01.466,54.1,"Kilimanjaro.csv"
"5262",1754301134398,23.7,2025-08-04 09:52:14.398,54.4,"Kilimanjaro.csv"
"5263",1754308393118,23.8,2025-08-04 11:53:13.118,54.3,"Kilimanjaro.csv"
"5264",1754315641169,23.8,2025-08-04 13:54:01.169,54.6,"Kilimanjaro.csv"
"5265",1754322901584,23.9,2025-08-04 15:55:01.584,54.4,"Kilimanjaro.csv"
"5266",1754330162472,23.9,2025-08-04 17:56:02.472,54.2,"Kilimanjaro.csv"
"5267",1754337421673,23.9,2025-08-04 19:57:01.673,54.3,"Kilimanjaro.csv"
"5268",1754344681640,23.8,2025-08-04 21:58:01.64,54.3,"Kilimanjaro.csv"
"5269",1754351941309,23.7,2025-08-04 23:59:01.309,54.4,"Kilimanjaro.csv"
"5270",1754359201897,23.7,2025-08-05 02:00:01.897,54.7,"Kilimanjaro.csv"
"5271",1754366461403,23.7,2025-08-05 04:01:01.403,54.8,"Kilimanjaro.csv"
"5272",1754373721873,23.7,2025-08-05 06:02:01.873,55.1,"Kilimanjaro.csv"
"5273",1754380981847,23.8,2025-08-05 08:03:01.847,55.6,"Kilimanjaro.csv"
"5274",1754388242069,23.7,2025-08-05 10:04:02.069,55.4,"Kilimanjaro.csv"
"5275",1754395501954,23.8,2025-08-05 12:05:01.954,55.3,"Kilimanjaro.csv"
"5276",1754402762419,23.7,2025-08-05 14:06:02.419,55.1,"Kilimanjaro.csv"
"5277",1754410022055,23.7,2025-08-05 16:07:02.055,54.9,"Kilimanjaro.csv"
"5278",1754417282468,23.7,2025-08-05 18:08:02.468,54.8,"Kilimanjaro.csv"
"5279",1754424542187,23.6,2025-08-05 20:09:02.187,54.7,"Kilimanjaro.csv"
"5280",1754431802002,23.5,2025-08-05 22:10:02.002,54.8,"Kilimanjaro.csv"
"5281",1754439061463,23.4,2025-08-06 00:11:01.463,54.9,"Kilimanjaro.csv"
"5282",1754446322054,23,2025-08-06 02:12:02.054,53,"Kilimanjaro.csv"
"5283",1754453581779,22.6,2025-08-06 04:13:01.779,51.7,"Kilimanjaro.csv"
"5284",1754460842008,22.9,2025-08-06 06:14:02.008,51.5,"Kilimanjaro.csv"
"5285",1754464743279,23.5,2025-08-06 07:19:03.279,51.5,"Kilimanjaro.csv"
"5286",1754468103285,23.8,2025-08-06 08:15:03.285,51.4,"Kilimanjaro.csv"
"5287",1754475361045,24,2025-08-06 10:16:01.045,51.4,"Kilimanjaro.csv"
"5288",1754482622180,23.9,2025-08-06 12:17:02.18,51.4,"Kilimanjaro.csv"
"5289",1754489882678,23.9,2025-08-06 14:18:02.678,51.2,"Kilimanjaro.csv"
"5290",1754497141418,24,2025-08-06 16:19:01.418,51.5,"Kilimanjaro.csv"
"5291",1754504402793,23.9,2025-08-06 18:20:02.793,51.5,"Kilimanjaro.csv"
"5292",1754511661432,23.9,2025-08-06 20:21:01.432,51.4,"Kilimanjaro.csv"
"5293",1754518922645,23.6,2025-08-06 22:22:02.645,50.2,"Kilimanjaro.csv"
"5294",1754526182007,23.4,2025-08-07 00:23:02.007,49.7,"Kilimanjaro.csv"
"5295",1754533442190,23.1,2025-08-07 02:24:02.19,49.3,"Kilimanjaro.csv"
"5296",1754540700914,22.9,2025-08-07 04:25:00.914,49.2,"Kilimanjaro.csv"
"5297",1754547961560,22.9,2025-08-07 06:26:01.56,49.7,"Kilimanjaro.csv"
"5298",1754555221161,23.4,2025-08-07 08:27:01.161,49.9,"Kilimanjaro.csv"
"5299",1754562482003,23.8,2025-08-07 10:28:02.003,50,"Kilimanjaro.csv"
"5300",1754569741910,23.8,2025-08-07 12:29:01.91,49.5,"Kilimanjaro.csv"
"5301",1754577013696,23.9,2025-08-07 14:30:13.696,49.3,"Kilimanjaro.csv"
"5302",1754584262259,24,2025-08-07 16:31:02.259,48.7,"Kilimanjaro.csv"
"5303",1754591521254,23.9,2025-08-07 18:32:01.254,49,"Kilimanjaro.csv"
"5304",1754598793838,24,2025-08-07 20:33:13.838,48.9,"Kilimanjaro.csv"
"5305",1754606042137,24,2025-08-07 22:34:02.137,49.8,"Kilimanjaro.csv"
"5306",1754613301789,24,2025-08-08 00:35:01.789,50.7,"Kilimanjaro.csv"
"5307",1754620561560,24,2025-08-08 02:36:01.56,51.2,"Kilimanjaro.csv"
"5308",1754627824135,24,2025-08-08 04:37:04.135,51.2,"Kilimanjaro.csv"
"5309",1754635082299,24.3,2025-08-08 06:38:02.299,50.9,"Kilimanjaro.csv"
"5310",1754642342031,24.5,2025-08-08 08:39:02.031,50.6,"Kilimanjaro.csv"
"5311",1754649602771,24.8,2025-08-08 10:40:02.771,50.7,"Kilimanjaro.csv"
"5312",1754656861923,24.9,2025-08-08 12:41:01.923,50.6,"Kilimanjaro.csv"
"5313",1754664122069,24.9,2025-08-08 14:42:02.069,50.7,"Kilimanjaro.csv"
"5314",1754671381792,25,2025-08-08 16:43:01.792,50.6,"Kilimanjaro.csv"
"5315",1754678641244,25,2025-08-08 18:44:01.244,50.8,"Kilimanjaro.csv"
"5316",1754685902147,25,2025-08-08 20:45:02.147,50.9,"Kilimanjaro.csv"
"5317",1754693161370,25,2025-08-08 22:46:01.37,50.9,"Kilimanjaro.csv"
"5318",1754700421948,25,2025-08-09 00:47:01.948,51,"Kilimanjaro.csv"
"5319",1754707681993,24.9,2025-08-09 02:48:01.993,51.1,"Kilimanjaro.csv"
"5320",1754714941811,24.9,2025-08-09 04:49:01.811,51,"Kilimanjaro.csv"
"5321",1754719023463,25.4,2025-08-09 05:57:03.463,51.1,"Kilimanjaro.csv"
"5322",1754721183925,25.9,2025-08-09 06:33:03.925,51,"Kilimanjaro.csv"
"5323",1754722203902,26.1,2025-08-09 06:50:03.902,50.9,"Kilimanjaro.csv"
"5324",1754724483503,26.6,2025-08-09 07:28:03.503,50.8,"Kilimanjaro.csv"
"5325",1754728323347,27.1,2025-08-09 08:32:03.347,50.6,"Kilimanjaro.csv"
"5326",1754729463685,27.2,2025-08-09 08:51:03.685,50.5,"Kilimanjaro.csv"
"5327",1754736722147,27.2,2025-08-09 10:52:02.147,50.5,"Kilimanjaro.csv"
"5328",1754743981878,27.1,2025-08-09 12:53:01.878,50.9,"Kilimanjaro.csv"
"5329",1754751244804,27,2025-08-09 14:54:04.804,51,"Kilimanjaro.csv"
"5330",1754758501281,26.9,2025-08-09 16:55:01.281,51,"Kilimanjaro.csv"
"5331",1754765762046,26.8,2025-08-09 18:56:02.046,51,"Kilimanjaro.csv"
"5332",1754773021888,26.8,2025-08-09 20:57:01.888,51,"Kilimanjaro.csv"
"5333",1754780281303,26.7,2025-08-09 22:58:01.303,51.1,"Kilimanjaro.csv"
"5334",1754787541981,26.7,2025-08-10 00:59:01.981,51.1,"Kilimanjaro.csv"
"5335",1754794802099,26.6,2025-08-10 03:00:02.099,51,"Kilimanjaro.csv"
"5336",1754802061664,26.6,2025-08-10 05:01:01.664,50.9,"Kilimanjaro.csv"
"5337",1754805423561,27.1,2025-08-10 05:57:03.561,50.8,"Kilimanjaro.csv"
"5338",1754808423404,27.6,2025-08-10 06:47:03.404,50.5,"Kilimanjaro.csv"
"5339",1754809323824,27.8,2025-08-10 07:02:03.824,50.5,"Kilimanjaro.csv"
"5340",1754812322523,28.3,2025-08-10 07:52:02.523,50.3,"Kilimanjaro.csv"
"5341",1754816582930,28.6,2025-08-10 09:03:02.93,50.1,"Kilimanjaro.csv"
"5342",1754823841628,28.5,2025-08-10 11:04:01.628,50.5,"Kilimanjaro.csv"
"5343",1754831102056,28.3,2025-08-10 13:05:02.056,50.5,"Kilimanjaro.csv"
"5344",1754838361152,28.2,2025-08-10 15:06:01.152,50.2,"Kilimanjaro.csv"
"5345",1754845623737,28.1,2025-08-10 17:07:03.737,50.2,"Kilimanjaro.csv"
"5346",1754852882900,27.9,2025-08-10 19:08:02.9,50.2,"Kilimanjaro.csv"
"5347",1754860141815,27.7,2025-08-10 21:09:01.815,50.2,"Kilimanjaro.csv"
"5348",1754867402465,27.5,2025-08-10 23:10:02.465,50.3,"Kilimanjaro.csv"
"5349",1754874662344,27.3,2025-08-11 01:11:02.344,50.2,"Kilimanjaro.csv"
"5350",1754881921693,27.2,2025-08-11 03:12:01.693,50.2,"Kilimanjaro.csv"
"5351",1754889181533,27.2,2025-08-11 05:13:01.533,50.2,"Kilimanjaro.csv"
"5352",1754892423047,27.7,2025-08-11 06:07:03.047,50.1,"Kilimanjaro.csv"
"5353",1750336816204,25.2,2025-06-19 12:40:16.204,46.2,"Lhotse.csv"
"5354",1750338665571,24.7,2025-06-19 13:11:05.571,49,"Lhotse.csv"
"5355",1750344243804,24.7,2025-06-19 14:44:03.804,52.1,"Lhotse.csv"
"5356",1750351502942,24.6,2025-06-19 16:45:02.942,53.4,"Lhotse.csv"
"5357",1750358764174,24.5,2025-06-19 18:46:04.174,55.1,"Lhotse.csv"
"5358",1750366025452,24.4,2025-06-19 20:47:05.452,56.7,"Lhotse.csv"
"5359",1750373284039,24.3,2025-06-19 22:48:04.039,57.9,"Lhotse.csv"
"5360",1750380543432,24.3,2025-06-20 00:49:03.432,58.9,"Lhotse.csv"
"5361",1750387804424,24.3,2025-06-20 02:50:04.424,59.5,"Lhotse.csv"
"5362",1750395063149,24.1,2025-06-20 04:51:03.149,59.8,"Lhotse.csv"
"5363",1750402323694,24,2025-06-20 06:52:03.694,59.6,"Lhotse.csv"
"5364",1750405506889,23.6,2025-06-20 07:45:06.889,54.3,"Lhotse.csv"
"5365",1750409584802,23.7,2025-06-20 08:53:04.802,54.7,"Lhotse.csv"
"5366",1750416843375,24.1,2025-06-20 10:54:03.375,55.9,"Lhotse.csv"
"5367",1750424102690,24.1,2025-06-20 12:55:02.69,54.9,"Lhotse.csv"
"5368",1750431364151,24.2,2025-06-20 14:56:04.151,54.8,"Lhotse.csv"
"5369",1750438624033,24,2025-06-20 16:57:04.033,54.9,"Lhotse.csv"
"5370",1750445882992,23.8,2025-06-20 18:58:02.992,52.7,"Lhotse.csv"
"5371",1750450683844,23.5,2025-06-20 20:18:03.844,47.7,"Lhotse.csv"
"5372",1750453145644,23.4,2025-06-20 20:59:05.644,47.4,"Lhotse.csv"
"5373",1750460403115,23.6,2025-06-20 23:00:03.115,50.4,"Lhotse.csv"
"5374",1750467663459,23.6,2025-06-21 01:01:03.459,52.1,"Lhotse.csv"
"5375",1750474923521,23.7,2025-06-21 03:02:03.521,53.1,"Lhotse.csv"
"5376",1750482183121,23.7,2025-06-21 05:03:03.121,53.9,"Lhotse.csv"
"5377",1750489443304,23.6,2025-06-21 07:04:03.304,54.3,"Lhotse.csv"
"5378",1750496703642,23.9,2025-06-21 09:05:03.642,55.2,"Lhotse.csv"
"5379",1750503963540,24.1,2025-06-21 11:06:03.54,55.9,"Lhotse.csv"
"5380",1750511223334,24.3,2025-06-21 13:07:03.334,56,"Lhotse.csv"
"5381",1750518483182,24.3,2025-06-21 15:08:03.182,56.9,"Lhotse.csv"
"5382",1750525742454,24.2,2025-06-21 17:09:02.454,56.8,"Lhotse.csv"
"5383",1750533003710,24.4,2025-06-21 19:10:03.71,57.9,"Lhotse.csv"
"5384",1750540263160,24.3,2025-06-21 21:11:03.16,58.2,"Lhotse.csv"
"5385",1750547522831,24.3,2025-06-21 23:12:02.831,58.8,"Lhotse.csv"
"5386",1750554783482,24.3,2025-06-22 01:13:03.482,59.3,"Lhotse.csv"
"5387",1750562043062,24.3,2025-06-22 03:14:03.062,59.8,"Lhotse.csv"
"5388",1750569303003,24.2,2025-06-22 05:15:03.003,59.7,"Lhotse.csv"
"5389",1750572065365,23.9,2025-06-22 06:01:05.365,54.7,"Lhotse.csv"
"5390",1750576564862,23.9,2025-06-22 07:16:04.862,53.9,"Lhotse.csv"
"5391",1750583823023,24.2,2025-06-22 09:17:03.023,55.5,"Lhotse.csv"
"5392",1750591084428,24.6,2025-06-22 11:18:04.428,56.6,"Lhotse.csv"
"5393",1750598343481,24.8,2025-06-22 13:19:03.481,56.8,"Lhotse.csv"
"5394",1750605602829,24.9,2025-06-22 15:20:02.829,57.1,"Lhotse.csv"
"5395",1750612862719,24.9,2025-06-22 17:21:02.719,58.1,"Lhotse.csv"
"5396",1750620122471,25.1,2025-06-22 19:22:02.471,59.2,"Lhotse.csv"
"5397",1750627383469,25.1,2025-06-22 21:23:03.469,59.8,"Lhotse.csv"
"5398",1750634643642,25.1,2025-06-22 23:24:03.642,60.6,"Lhotse.csv"
"5399",1750641902867,25.1,2025-06-23 01:25:02.867,60.9,"Lhotse.csv"
"5400",1750649163318,25.2,2025-06-23 03:26:03.318,61.3,"Lhotse.csv"
"5401",1750656423216,24.8,2025-06-23 05:27:03.216,58.4,"Lhotse.csv"
"5402",1750663684143,24.7,2025-06-23 07:28:04.143,57.5,"Lhotse.csv"
"5403",1750670943415,24.9,2025-06-23 09:29:03.415,56.3,"Lhotse.csv"
"5404",1750678203421,25.1,2025-06-23 11:30:03.421,57,"Lhotse.csv"
"5405",1750681504758,25.2,2025-06-23 12:25:04.758,52,"Lhotse.csv"
"5406",1750685464779,25.2,2025-06-23 13:31:04.779,52.9,"Lhotse.csv"
"5407",1750692724221,25.2,2025-06-23 15:32:04.221,54.1,"Lhotse.csv"
"5408",1750699984827,25,2025-06-23 17:33:04.827,53.9,"Lhotse.csv"
"5409",1750707243300,25,2025-06-23 19:34:03.3,54.8,"Lhotse.csv"
"5410",1750714503687,25,2025-06-23 21:35:03.687,55,"Lhotse.csv"
"5411",1750721763046,24.9,2025-06-23 23:36:03.046,55.1,"Lhotse.csv"
"5412",1750729023736,24.8,2025-06-24 01:37:03.736,55,"Lhotse.csv"
"5413",1750736283392,24.7,2025-06-24 03:38:03.392,54.8,"Lhotse.csv"
"5414",1750743063507,24.2,2025-06-24 05:31:03.507,50.6,"Lhotse.csv"
"5415",1750743547847,24.2,2025-06-24 05:39:07.847,50.2,"Lhotse.csv"
"5416",1750750804510,24.2,2025-06-24 07:40:04.51,51.3,"Lhotse.csv"
"5417",1750758063303,24.6,2025-06-24 09:41:03.303,50.8,"Lhotse.csv"
"5418",1750765324519,24.5,2025-06-24 11:42:04.519,51.7,"Lhotse.csv"
"5419",1750772583110,24.2,2025-06-24 13:43:03.11,50,"Lhotse.csv"
"5420",1750779843309,24.4,2025-06-24 15:44:03.309,50.2,"Lhotse.csv"
"5421",1750787103538,24.4,2025-06-24 17:45:03.538,50.9,"Lhotse.csv"
"5422",1750794363514,24.2,2025-06-24 19:46:03.514,49.4,"Lhotse.csv"
"5423",1750801623439,23.9,2025-06-24 21:47:03.439,49.5,"Lhotse.csv"
"5424",1750808883482,24.2,2025-06-24 23:48:03.482,51.2,"Lhotse.csv"
"5425",1750816143553,24.3,2025-06-25 01:49:03.553,52.4,"Lhotse.csv"
"5426",1750823403241,24.3,2025-06-25 03:50:03.241,53.3,"Lhotse.csv"
"5427",1750830662559,24.4,2025-06-25 05:51:02.559,53.7,"Lhotse.csv"
"5428",1750837922950,24.3,2025-06-25 07:52:02.95,54.3,"Lhotse.csv"
"5429",1750845183626,24.4,2025-06-25 09:53:03.626,54,"Lhotse.csv"
"5430",1750852443691,24.7,2025-06-25 11:54:03.691,54.5,"Lhotse.csv"
"5431",1750859703885,24.7,2025-06-25 13:55:03.885,54.5,"Lhotse.csv"
"5432",1750866962704,24.7,2025-06-25 15:56:02.704,55.1,"Lhotse.csv"
"5433",1750874223544,24.8,2025-06-25 17:57:03.544,55.6,"Lhotse.csv"
"5434",1750881483497,24.7,2025-06-25 19:58:03.497,55.9,"Lhotse.csv"
"5435",1750888743695,24.7,2025-06-25 21:59:03.695,56.4,"Lhotse.csv"
"5436",1750896003011,24.7,2025-06-26 00:00:03.011,57.1,"Lhotse.csv"
"5437",1750903263393,24.7,2025-06-26 02:01:03.393,57.6,"Lhotse.csv"
"5438",1750910523597,24.7,2025-06-26 04:02:03.597,58.1,"Lhotse.csv"
"5439",1750914904991,24.2,2025-06-26 05:15:04.991,54.5,"Lhotse.csv"
"5440",1750917785800,23.9,2025-06-26 06:03:05.8,53.7,"Lhotse.csv"
"5441",1750925042966,24.1,2025-06-26 08:04:02.966,54.4,"Lhotse.csv"
"5442",1750932303765,24.4,2025-06-26 10:05:03.765,55,"Lhotse.csv"
"5443",1750939563128,24.6,2025-06-26 12:06:03.128,55.4,"Lhotse.csv"
"5444",1750946823740,24.8,2025-06-26 14:07:03.74,55.6,"Lhotse.csv"
"5445",1750954082928,25,2025-06-26 16:08:02.928,56.5,"Lhotse.csv"
"5446",1750961342812,24.9,2025-06-26 18:09:02.812,57.6,"Lhotse.csv"
"5447",1750968603852,24.8,2025-06-26 20:10:03.852,59.3,"Lhotse.csv"
"5448",1750975863494,24.8,2025-06-26 22:11:03.494,59.5,"Lhotse.csv"
"5449",1750983124954,24.9,2025-06-27 00:12:04.954,59.8,"Lhotse.csv"
"5450",1750990384279,24.8,2025-06-27 02:13:04.279,60.1,"Lhotse.csv"
"5451",1750997642691,24.8,2025-06-27 04:14:02.691,60.1,"Lhotse.csv"
"5452",1751004904902,24.7,2025-06-27 06:15:04.902,59.2,"Lhotse.csv"
"5453",1751012163208,24.8,2025-06-27 08:16:03.208,59,"Lhotse.csv"
"5454",1751019423820,24.9,2025-06-27 10:17:03.82,59.2,"Lhotse.csv"
"5455",1751026683346,24.8,2025-06-27 12:18:03.346,58.5,"Lhotse.csv"
"5456",1751033943575,24.6,2025-06-27 14:19:03.575,57,"Lhotse.csv"
"5457",1751041202949,24.6,2025-06-27 16:20:02.949,57.7,"Lhotse.csv"
"5458",1751048464095,24.6,2025-06-27 18:21:04.095,58.3,"Lhotse.csv"
"5459",1751055724017,24.7,2025-06-27 20:22:04.017,59,"Lhotse.csv"
"5460",1751062982594,24.8,2025-06-27 22:23:02.594,59.2,"Lhotse.csv"
"5461",1751065145451,24.3,2025-06-27 22:59:05.451,54.2,"Lhotse.csv"
"5462",1751069284551,23.8,2025-06-28 00:08:04.551,52.6,"Lhotse.csv"
"5463",1751070245906,23.7,2025-06-28 00:24:05.906,52.6,"Lhotse.csv"
"5464",1751077503177,23.3,2025-06-28 02:25:03.177,52.8,"Lhotse.csv"
"5465",1751084763849,23.5,2025-06-28 04:26:03.849,54.1,"Lhotse.csv"
"5466",1751092023608,23.6,2025-06-28 06:27:03.608,54.1,"Lhotse.csv"
"5467",1751099283133,23.7,2025-06-28 08:28:03.133,54.3,"Lhotse.csv"
"5468",1751106543372,24,2025-06-28 10:29:03.372,54.3,"Lhotse.csv"
"5469",1751113803196,24.3,2025-06-28 12:30:03.196,54.5,"Lhotse.csv"
"5470",1751121062999,24.4,2025-06-28 14:31:02.999,54.5,"Lhotse.csv"
"5471",1751128324586,24.4,2025-06-28 16:32:04.586,55.5,"Lhotse.csv"
"5472",1751135583011,24.6,2025-06-28 18:33:03.011,56.9,"Lhotse.csv"
"5473",1751142844530,24.6,2025-06-28 20:34:04.53,56.7,"Lhotse.csv"
"5474",1751150102587,24.7,2025-06-28 22:35:02.587,57.3,"Lhotse.csv"
"5475",1751157362872,24.7,2025-06-29 00:36:02.872,57.8,"Lhotse.csv"
"5476",1751164622402,24.7,2025-06-29 02:37:02.402,58.3,"Lhotse.csv"
"5477",1751171884172,24.7,2025-06-29 04:38:04.172,58.8,"Lhotse.csv"
"5478",1751179143697,24.5,2025-06-29 06:39:03.697,61.9,"Lhotse.csv"
"5479",1751186403035,24.7,2025-06-29 08:40:03.035,61.4,"Lhotse.csv"
"5480",1751193663708,24.8,2025-06-29 10:41:03.708,61.2,"Lhotse.csv"
"5481",1751200923179,25.1,2025-06-29 12:42:03.179,61.4,"Lhotse.csv"
"5482",1751208184422,25.1,2025-06-29 14:43:04.422,63.9,"Lhotse.csv"
"5483",1751215443711,25,2025-06-29 16:44:03.711,64.9,"Lhotse.csv"
"5484",1751222703438,25.1,2025-06-29 18:45:03.438,65,"Lhotse.csv"
"5485",1751229963501,25.2,2025-06-29 20:46:03.501,65,"Lhotse.csv"
"5486",1751237224192,25.2,2025-06-29 22:47:04.192,65.3,"Lhotse.csv"
"5487",1751244483570,25.2,2025-06-30 00:48:03.57,65.1,"Lhotse.csv"
"5488",1751251743644,25.1,2025-06-30 02:49:03.644,65,"Lhotse.csv"
"5489",1751257985354,24.6,2025-06-30 04:33:05.354,59.5,"Lhotse.csv"
"5490",1751258828753,24.1,2025-06-30 04:47:08.753,55.9,"Lhotse.csv"
"5491",1751259007489,24.2,2025-06-30 04:50:07.489,56.3,"Lhotse.csv"
"5492",1751262426791,23.6,2025-06-30 05:47:06.791,53.5,"Lhotse.csv"
"5493",1751263385680,23.1,2025-06-30 06:03:05.68,52.8,"Lhotse.csv"
"5494",1751265966007,22.6,2025-06-30 06:46:06.007,51.2,"Lhotse.csv"
"5495",1751266266134,22.6,2025-06-30 06:51:06.134,51,"Lhotse.csv"
"5496",1751269864226,23.1,2025-06-30 07:51:04.226,53.7,"Lhotse.csv"
"5497",1751273524447,23.5,2025-06-30 08:52:04.447,54.4,"Lhotse.csv"
"5498",1751280782821,24.1,2025-06-30 10:53:02.821,55.1,"Lhotse.csv"
"5499",1751288043561,24.4,2025-06-30 12:54:03.561,55.7,"Lhotse.csv"
"5500",1751295303357,24.6,2025-06-30 14:55:03.357,56.1,"Lhotse.csv"
"5501",1751302562504,24.6,2025-06-30 16:56:02.504,57.2,"Lhotse.csv"
"5502",1751309822977,24.7,2025-06-30 18:57:02.977,58,"Lhotse.csv"
"5503",1751317082518,24.6,2025-06-30 20:58:02.518,55.2,"Lhotse.csv"
"5504",1751324343433,24.2,2025-06-30 22:59:03.433,50.4,"Lhotse.csv"
"5505",1751331603363,24,2025-07-01 01:00:03.363,50.4,"Lhotse.csv"
"5506",1751338863054,23.7,2025-07-01 03:01:03.054,49.8,"Lhotse.csv"
"5507",1751346123164,23.5,2025-07-01 05:02:03.164,49.8,"Lhotse.csv"
"5508",1751353383112,23.7,2025-07-01 07:03:03.112,50.3,"Lhotse.csv"
"5509",1751358546542,24.2,2025-07-01 08:29:06.542,52.4,"Lhotse.csv"
"5510",1751360645355,24.4,2025-07-01 09:04:05.355,52.7,"Lhotse.csv"
"5511",1751367903021,24.7,2025-07-01 11:05:03.021,53,"Lhotse.csv"
"5512",1751375164497,25.2,2025-07-01 13:06:04.497,54.6,"Lhotse.csv"
"5513",1751382423255,25.4,2025-07-01 15:07:03.255,54.8,"Lhotse.csv"
"5514",1751389683030,25.3,2025-07-01 17:08:03.03,55.2,"Lhotse.csv"
"5515",1751396943107,25.4,2025-07-01 19:09:03.107,56.2,"Lhotse.csv"
"5516",1751404207850,25.3,2025-07-01 21:10:07.85,56.1,"Lhotse.csv"
"5517",1751411463337,25.1,2025-07-01 23:11:03.337,53.8,"Lhotse.csv"
"5518",1751418723298,24.9,2025-07-02 01:12:03.298,51.1,"Lhotse.csv"
"5519",1751425982582,24.7,2025-07-02 03:13:02.582,49.5,"Lhotse.csv"
"5520",1751433243360,24.6,2025-07-02 05:14:03.36,48.7,"Lhotse.csv"
"5521",1751440503687,24.7,2025-07-02 07:15:03.687,49.8,"Lhotse.csv"
"5522",1751447762173,25.1,2025-07-02 09:16:02.173,51.9,"Lhotse.csv"
"5523",1751455023747,25.5,2025-07-02 11:17:03.747,52.5,"Lhotse.csv"
"5524",1751462283667,25.6,2025-07-02 13:18:03.667,52.4,"Lhotse.csv"
"5525",1751469543115,25.7,2025-07-02 15:19:03.115,52.7,"Lhotse.csv"
"5526",1751476802985,25.7,2025-07-02 17:20:02.985,53,"Lhotse.csv"
"5527",1751484062882,25.9,2025-07-02 19:21:02.882,54,"Lhotse.csv"
"5528",1751491323430,25.9,2025-07-02 21:22:03.43,54.6,"Lhotse.csv"
"5529",1751498582833,26,2025-07-02 23:23:02.833,55.6,"Lhotse.csv"
"5530",1751505842412,26,2025-07-03 01:24:02.412,56.3,"Lhotse.csv"
"5531",1751513103143,26,2025-07-03 03:25:03.143,57,"Lhotse.csv"
"5532",1751520363276,25.6,2025-07-03 05:26:03.276,56.3,"Lhotse.csv"
"5533",1751525524158,25.1,2025-07-03 06:52:04.158,59.5,"Lhotse.csv"
"5534",1751527625585,25,2025-07-03 07:27:05.585,61,"Lhotse.csv"
"5535",1751529727481,24.4,2025-07-03 08:02:07.481,59.8,"Lhotse.csv"
"5536",1751534884565,24.3,2025-07-03 09:28:04.565,58.5,"Lhotse.csv"
"5537",1751541843394,24.8,2025-07-03 11:24:03.394,55.3,"Lhotse.csv"
"5538",1751542150797,24.8,2025-07-03 11:29:10.797,55.2,"Lhotse.csv"
"5539",1751549403120,25.3,2025-07-03 13:30:03.12,53.2,"Lhotse.csv"
"5540",1751550546724,25.2,2025-07-03 13:49:06.724,48.2,"Lhotse.csv"
"5541",1751556663679,25,2025-07-03 15:31:03.679,52.1,"Lhotse.csv"
"5542",1751563922628,25.2,2025-07-03 17:32:02.628,56.1,"Lhotse.csv"
"5543",1751570583577,24.8,2025-07-03 19:23:03.577,51.1,"Lhotse.csv"
"5544",1751571186595,24.7,2025-07-03 19:33:06.595,50.6,"Lhotse.csv"
"5545",1751578444874,24.3,2025-07-03 21:34:04.874,47.5,"Lhotse.csv"
"5546",1751585703390,24.2,2025-07-03 23:35:03.39,46.3,"Lhotse.csv"
"5547",1751592965905,24,2025-07-04 01:36:05.905,45.5,"Lhotse.csv"
"5548",1751600223558,23.8,2025-07-04 03:37:03.558,45,"Lhotse.csv"
"5549",1751607483436,23.8,2025-07-04 05:38:03.436,46.7,"Lhotse.csv"
"5550",1751614742549,23.9,2025-07-04 07:39:02.549,46.5,"Lhotse.csv"
"5551",1751622002881,24,2025-07-04 09:40:02.881,44.8,"Lhotse.csv"
"5552",1751629263319,24.2,2025-07-04 11:41:03.319,42.4,"Lhotse.csv"
"5553",1751636523911,24.3,2025-07-04 13:42:03.911,40.8,"Lhotse.csv"
"5554",1751643782547,24.4,2025-07-04 15:43:02.547,40.3,"Lhotse.csv"
"5555",1751651042803,24.4,2025-07-04 17:44:02.803,40.1,"Lhotse.csv"
"5556",1751658303502,24.3,2025-07-04 19:45:03.502,39.3,"Lhotse.csv"
"5557",1751665564221,24.2,2025-07-04 21:46:04.221,39.8,"Lhotse.csv"
"5558",1751672823349,24.2,2025-07-04 23:47:03.349,41.3,"Lhotse.csv"
"5559",1751680083221,24.1,2025-07-05 01:48:03.221,42.1,"Lhotse.csv"
"5560",1751687343151,23.8,2025-07-05 03:49:03.151,41,"Lhotse.csv"
"5561",1751694603710,23.7,2025-07-05 05:50:03.71,41.2,"Lhotse.csv"
"5562",1751701863620,24,2025-07-05 07:51:03.62,42,"Lhotse.csv"
"5563",1751709122643,24.4,2025-07-05 09:52:02.643,43,"Lhotse.csv"
"5564",1751716383110,24.8,2025-07-05 11:53:03.11,43.6,"Lhotse.csv"
"5565",1751723642417,24.9,2025-07-05 13:54:02.417,45.1,"Lhotse.csv"
"5566",1751730904523,24.9,2025-07-05 15:55:04.523,45.9,"Lhotse.csv"
"5567",1751738163133,25,2025-07-05 17:56:03.133,47.5,"Lhotse.csv"
"5568",1751745423376,25,2025-07-05 19:57:03.376,47.8,"Lhotse.csv"
"5569",1751752683316,24.8,2025-07-05 21:58:03.316,45.7,"Lhotse.csv"
"5570",1751759942727,24.6,2025-07-05 23:59:02.727,43.4,"Lhotse.csv"
"5571",1751767203053,24.4,2025-07-06 02:00:03.053,43.2,"Lhotse.csv"
"5572",1751774463333,24.3,2025-07-06 04:01:03.333,43.3,"Lhotse.csv"
"5573",1751781723560,24.3,2025-07-06 06:02:03.56,43.6,"Lhotse.csv"
"5574",1751788984415,24.6,2025-07-06 08:03:04.415,44.5,"Lhotse.csv"
"5575",1751796243372,24.9,2025-07-06 10:04:03.372,44.4,"Lhotse.csv"
"5576",1751803503181,25.2,2025-07-06 12:05:03.181,44.8,"Lhotse.csv"
"5577",1751810762790,25.5,2025-07-06 14:06:02.79,50,"Lhotse.csv"
"5578",1751818022816,25.5,2025-07-06 16:07:02.816,49.7,"Lhotse.csv"
"5579",1751825284550,25.5,2025-07-06 18:08:04.55,50.4,"Lhotse.csv"
"5580",1751832303832,25.1,2025-07-06 20:05:03.832,45.4,"Lhotse.csv"
"5581",1751832546583,25.1,2025-07-06 20:09:06.583,45.2,"Lhotse.csv"
"5582",1751839803769,25,2025-07-06 22:10:03.769,44.4,"Lhotse.csv"
"5583",1751847062335,24.8,2025-07-07 00:11:02.335,44.7,"Lhotse.csv"
"5584",1751854323625,24.7,2025-07-07 02:12:03.625,45.5,"Lhotse.csv"
"5585",1751861584520,24.6,2025-07-07 04:13:04.52,47.2,"Lhotse.csv"
"5586",1751868843195,24.6,2025-07-07 06:14:03.195,48.2,"Lhotse.csv"
"5587",1751872624648,24.1,2025-07-07 07:17:04.648,48.8,"Lhotse.csv"
"5588",1751876104902,24.1,2025-07-07 08:15:04.902,49.1,"Lhotse.csv"
"5589",1751883363080,24.5,2025-07-07 10:16:03.08,50,"Lhotse.csv"
"5590",1751890623509,24.8,2025-07-07 12:17:03.509,50.6,"Lhotse.csv"
"5591",1751897883457,24.9,2025-07-07 14:18:03.457,50.2,"Lhotse.csv"
"5592",1751905142773,25.1,2025-07-07 16:19:02.773,51.4,"Lhotse.csv"
"5593",1751912403464,25,2025-07-07 18:20:03.464,51.3,"Lhotse.csv"
"5594",1751919663059,24.9,2025-07-07 20:21:03.059,51.3,"Lhotse.csv"
"5595",1751926922641,25,2025-07-07 22:22:02.641,51.8,"Lhotse.csv"
"5596",1751934183087,25,2025-07-08 00:23:03.087,52.1,"Lhotse.csv"
"5597",1751941443275,25,2025-07-08 02:24:03.275,52.4,"Lhotse.csv"
"5598",1751948702596,25,2025-07-08 04:25:02.596,52.7,"Lhotse.csv"
"5599",1751951584989,24.4,2025-07-08 05:13:04.989,51.1,"Lhotse.csv"
"5600",1751952065733,23.9,2025-07-08 05:21:05.733,50.4,"Lhotse.csv"
"5601",1751955964329,24.1,2025-07-08 06:26:04.329,51.3,"Lhotse.csv"
"5602",1751962983899,24.6,2025-07-08 08:23:03.899,52.3,"Lhotse.csv"
"5603",1751963226540,24.6,2025-07-08 08:27:06.54,52.2,"Lhotse.csv"
"5604",1751970483029,25.1,2025-07-08 10:28:03.029,52.6,"Lhotse.csv"
"5605",1751977742271,25,2025-07-08 12:29:02.271,52.3,"Lhotse.csv"
"5606",1751985003340,25.1,2025-07-08 14:30:03.34,50.7,"Lhotse.csv"
"5607",1751992263453,25,2025-07-08 16:31:03.453,49.4,"Lhotse.csv"
"5608",1751999522595,24.8,2025-07-08 18:32:02.595,49.8,"Lhotse.csv"
"5609",1752006783149,24.7,2025-07-08 20:33:03.149,50.6,"Lhotse.csv"
"5610",1752014043821,24.6,2025-07-08 22:34:03.821,51,"Lhotse.csv"
"5611",1752021302595,24.7,2025-07-09 00:35:02.595,51.6,"Lhotse.csv"
"5612",1752028563211,24.6,2025-07-09 02:36:03.211,52,"Lhotse.csv"
"5613",1752035823413,24.6,2025-07-09 04:37:03.413,52.3,"Lhotse.csv"
"5614",1752042783096,24.1,2025-07-09 06:33:03.096,51.1,"Lhotse.csv"
"5615",1752043086334,24,2025-07-09 06:38:06.334,50.8,"Lhotse.csv"
"5616",1752050343613,24.5,2025-07-09 08:39:03.613,52.5,"Lhotse.csv"
"5617",1752057603052,24.5,2025-07-09 10:40:03.052,52.5,"Lhotse.csv"
"5618",1752064863762,24.7,2025-07-09 12:41:03.762,53,"Lhotse.csv"
"5619",1752072123935,24.9,2025-07-09 14:42:03.935,53,"Lhotse.csv"
"5620",1752079383507,24.9,2025-07-09 16:43:03.507,52.9,"Lhotse.csv"
"5621",1752086643191,24.7,2025-07-09 18:44:03.191,53.2,"Lhotse.csv"
"5622",1752091984753,24.2,2025-07-09 20:13:04.753,50.9,"Lhotse.csv"
"5623",1752093905567,24.1,2025-07-09 20:45:05.567,50.9,"Lhotse.csv"
"5624",1752101162490,23.8,2025-07-09 22:46:02.49,51.2,"Lhotse.csv"
"5625",1752108422967,23.7,2025-07-10 00:47:02.967,51.2,"Lhotse.csv"
"5626",1752115683552,23.5,2025-07-10 02:48:03.552,51.7,"Lhotse.csv"
"5627",1752122943704,23.3,2025-07-10 04:49:03.704,51.8,"Lhotse.csv"
"5628",1752126246878,22.8,2025-07-10 05:44:06.878,51.9,"Lhotse.csv"
"5629",1752130204965,22.9,2025-07-10 06:50:04.965,52.5,"Lhotse.csv"
"5630",1752135483470,23.4,2025-07-10 08:18:03.47,53.5,"Lhotse.csv"
"5631",1752137465159,23.5,2025-07-10 08:51:05.159,53.1,"Lhotse.csv"
"5632",1752144723002,23.7,2025-07-10 10:52:03.002,52.8,"Lhotse.csv"
"5633",1752151983264,23.7,2025-07-10 12:53:03.264,52.8,"Lhotse.csv"
"5634",1752159243268,23.8,2025-07-10 14:54:03.268,53.5,"Lhotse.csv"
"5635",1752166502366,23.7,2025-07-10 16:55:02.366,53.2,"Lhotse.csv"
"5636",1752173763042,23.8,2025-07-10 18:56:03.042,53.7,"Lhotse.csv"
"5637",1752181023692,23.7,2025-07-10 20:57:03.692,53.7,"Lhotse.csv"
"5638",1752188284300,23.7,2025-07-10 22:58:04.3,54.1,"Lhotse.csv"
"5639",1752195543147,23.7,2025-07-11 00:59:03.147,54.4,"Lhotse.csv"
"5640",1752202803286,23.7,2025-07-11 03:00:03.286,54.3,"Lhotse.csv"
"5641",1752210063331,23.6,2025-07-11 05:01:03.331,54.3,"Lhotse.csv"
"5642",1752217323839,23.6,2025-07-11 07:02:03.839,54.7,"Lhotse.csv"
"5643",1752224583103,23.8,2025-07-11 09:03:03.103,54.8,"Lhotse.csv"
"5644",1752231843741,24.1,2025-07-11 11:04:03.741,54.4,"Lhotse.csv"
"5645",1752239103144,23.9,2025-07-11 13:05:03.144,54.3,"Lhotse.csv"
"5646",1752246362345,23.9,2025-07-11 15:06:02.345,54.2,"Lhotse.csv"
"5647",1752253623679,23.9,2025-07-11 17:07:03.679,56.5,"Lhotse.csv"
"5648",1752260883309,23.5,2025-07-11 19:08:03.309,53.4,"Lhotse.csv"
"5649",1752267243381,23,2025-07-11 20:54:03.381,53.4,"Lhotse.csv"
"5650",1752268146626,23,2025-07-11 21:09:06.626,53.6,"Lhotse.csv"
"5651",1752275404646,23.1,2025-07-11 23:10:04.646,54.3,"Lhotse.csv"
"5652",1752282663556,23.3,2025-07-12 01:11:03.556,54.6,"Lhotse.csv"
"5653",1752289922253,23.3,2025-07-12 03:12:02.253,54.7,"Lhotse.csv"
"5654",1752297183689,23.4,2025-07-12 05:13:03.689,55,"Lhotse.csv"
"5655",1752304442995,23.3,2025-07-12 07:14:02.995,55,"Lhotse.csv"
"5656",1752311703235,23.2,2025-07-12 09:15:03.235,54.7,"Lhotse.csv"
"5657",1752318962439,23.3,2025-07-12 11:16:02.439,54.7,"Lhotse.csv"
"5658",1752326223852,23.2,2025-07-12 13:17:03.852,54.4,"Lhotse.csv"
"5659",1752333483387,23.2,2025-07-12 15:18:03.387,54.1,"Lhotse.csv"
"5660",1752340745464,23.2,2025-07-12 17:19:05.464,54,"Lhotse.csv"
"5661",1752348003161,23.3,2025-07-12 19:20:03.161,55,"Lhotse.csv"
"5662",1752355262698,23.3,2025-07-12 21:21:02.698,55,"Lhotse.csv"
"5663",1752362525239,23.3,2025-07-12 23:22:05.239,55.3,"Lhotse.csv"
"5664",1752369782747,23.3,2025-07-13 01:23:02.747,55.8,"Lhotse.csv"
"5665",1752377043246,23.3,2025-07-13 03:24:03.246,56.1,"Lhotse.csv"
"5666",1752384306115,23.3,2025-07-13 05:25:06.115,56.6,"Lhotse.csv"
"5667",1752391563015,23.3,2025-07-13 07:26:03.015,59.3,"Lhotse.csv"
"5668",1752398823162,23.4,2025-07-13 09:27:03.162,59.8,"Lhotse.csv"
"5669",1752406083317,23.5,2025-07-13 11:28:03.317,59.1,"Lhotse.csv"
"5670",1752413343849,23.5,2025-07-13 13:29:03.849,58.8,"Lhotse.csv"
"5671",1752420603395,23.6,2025-07-13 15:30:03.395,59.4,"Lhotse.csv"
"5672",1752427863008,23.6,2025-07-13 17:31:03.008,60.4,"Lhotse.csv"
"5673",1752435123468,23.6,2025-07-13 19:32:03.468,60.1,"Lhotse.csv"
"5674",1752442383371,23.5,2025-07-13 21:33:03.371,59.6,"Lhotse.csv"
"5675",1752449643228,23.5,2025-07-13 23:34:03.228,59.5,"Lhotse.csv"
"5676",1752456902450,23.5,2025-07-14 01:35:02.45,59.5,"Lhotse.csv"
"5677",1752464164174,23.5,2025-07-14 03:36:04.174,59.3,"Lhotse.csv"
"5678",1752471423512,23.5,2025-07-14 05:37:03.512,59.5,"Lhotse.csv"
"5679",1752478682626,23.5,2025-07-14 07:38:02.626,59.8,"Lhotse.csv"
"5680",1752485942873,24,2025-07-14 09:39:02.873,58.6,"Lhotse.csv"
"5681",1752493203476,24,2025-07-14 11:40:03.476,58.5,"Lhotse.csv"
"5682",1752500463135,24.2,2025-07-14 13:41:03.135,58.6,"Lhotse.csv"
"5683",1752507722470,24.4,2025-07-14 15:42:02.47,58.5,"Lhotse.csv"
"5684",1752514983298,24.2,2025-07-14 17:43:03.298,58.1,"Lhotse.csv"
"5685",1752522242861,24.2,2025-07-14 19:44:02.861,58.9,"Lhotse.csv"
"5686",1752529503605,24.2,2025-07-14 21:45:03.605,59.3,"Lhotse.csv"
"5687",1752536763628,24.2,2025-07-14 23:46:03.628,59.5,"Lhotse.csv"
"5688",1752544023658,24.1,2025-07-15 01:47:03.658,59.6,"Lhotse.csv"
"5689",1752551282756,24.1,2025-07-15 03:48:02.756,59.9,"Lhotse.csv"
"5690",1752558543281,24.1,2025-07-15 05:49:03.281,59.9,"Lhotse.csv"
"5691",1752565802879,23.8,2025-07-15 07:50:02.879,61.4,"Lhotse.csv"
"5692",1752573063863,24.3,2025-07-15 09:51:03.863,61.3,"Lhotse.csv"
"5693",1752580323052,24.3,2025-07-15 11:52:03.052,61.7,"Lhotse.csv"
"5694",1752587582500,24.6,2025-07-15 13:53:02.5,61.6,"Lhotse.csv"
"5695",1752594842736,24.6,2025-07-15 15:54:02.736,61.2,"Lhotse.csv"
"5696",1752602103894,24.2,2025-07-15 17:55:03.894,58.7,"Lhotse.csv"
"5697",1752609363351,23.7,2025-07-15 19:56:03.351,56.7,"Lhotse.csv"
"5698",1752616623995,23.7,2025-07-15 21:57:03.995,57.8,"Lhotse.csv"
"5699",1752623883159,23.8,2025-07-15 23:58:03.159,58.4,"Lhotse.csv"
"5700",1752631143635,23.8,2025-07-16 01:59:03.635,59.1,"Lhotse.csv"
"5701",1752638402842,23.9,2025-07-16 04:00:02.842,59.3,"Lhotse.csv"
"5702",1752645662747,23.8,2025-07-16 06:01:02.747,59.9,"Lhotse.csv"
"5703",1752652923132,23.8,2025-07-16 08:02:03.132,59.4,"Lhotse.csv"
"5704",1752660184541,24.2,2025-07-16 10:03:04.541,60,"Lhotse.csv"
"5705",1752667442785,23.9,2025-07-16 12:04:02.785,55.3,"Lhotse.csv"
"5706",1752674703256,24,2025-07-16 14:05:03.256,56.3,"Lhotse.csv"
"5707",1752681963010,24.1,2025-07-16 16:06:03.01,57.6,"Lhotse.csv"
"5708",1752689223605,24,2025-07-16 18:07:03.605,58.2,"Lhotse.csv"
"5709",1752696483671,23.8,2025-07-16 20:08:03.671,58.4,"Lhotse.csv"
"5710",1752703742985,23.8,2025-07-16 22:09:02.985,58.7,"Lhotse.csv"
"5711",1752711003788,23.8,2025-07-17 00:10:03.788,59.4,"Lhotse.csv"
"5712",1752718262978,23.7,2025-07-17 02:11:02.978,59.8,"Lhotse.csv"
"5713",1752725523289,23.7,2025-07-17 04:12:03.289,59.9,"Lhotse.csv"
"5714",1752732783515,23.6,2025-07-17 06:13:03.515,60.3,"Lhotse.csv"
"5715",1752740043265,23.3,2025-07-17 08:14:03.265,58.1,"Lhotse.csv"
"5716",1752747302299,23.3,2025-07-17 10:15:02.299,57.7,"Lhotse.csv"
"5717",1752754563226,23.2,2025-07-17 12:16:03.226,57.6,"Lhotse.csv"
"5718",1752761823278,23.1,2025-07-17 14:17:03.278,58,"Lhotse.csv"
"5719",1752769082827,23.1,2025-07-17 16:18:02.827,58.6,"Lhotse.csv"
"5720",1752776342959,23.2,2025-07-17 18:19:02.959,60.3,"Lhotse.csv"
"5721",1752783603012,23.2,2025-07-17 20:20:03.012,61.1,"Lhotse.csv"
"5722",1752790864817,23.2,2025-07-17 22:21:04.817,61.6,"Lhotse.csv"
"5723",1752798123932,23.3,2025-07-18 00:22:03.932,61.7,"Lhotse.csv"
"5724",1752805382624,23.3,2025-07-18 02:23:02.624,61.5,"Lhotse.csv"
"5725",1752812643473,23.4,2025-07-18 04:24:03.473,61.5,"Lhotse.csv"
"5726",1752819904652,23.5,2025-07-18 06:25:04.652,62.3,"Lhotse.csv"
"5727",1752827162457,23.6,2025-07-18 08:26:02.457,62.7,"Lhotse.csv"
"5728",1752834423281,23.9,2025-07-18 10:27:03.281,62.1,"Lhotse.csv"
"5729",1752841682932,23.8,2025-07-18 12:28:02.932,61.9,"Lhotse.csv"
"5730",1752848943216,24.2,2025-07-18 14:29:03.216,62.7,"Lhotse.csv"
"5731",1752856204211,24,2025-07-18 16:30:04.211,62,"Lhotse.csv"
"5732",1752863463657,23.9,2025-07-18 18:31:03.657,61.9,"Lhotse.csv"
"5733",1752870723009,23.9,2025-07-18 20:32:03.009,61.6,"Lhotse.csv"
"5734",1752877984122,23.8,2025-07-18 22:33:04.122,61.5,"Lhotse.csv"
"5735",1752885243194,23.8,2025-07-19 00:34:03.194,61.5,"Lhotse.csv"
"5736",1752892504615,23.8,2025-07-19 02:35:04.615,61.8,"Lhotse.csv"
"5737",1752899763471,23.7,2025-07-19 04:36:03.471,62,"Lhotse.csv"
"5738",1752907023015,23.7,2025-07-19 06:37:03.015,61.9,"Lhotse.csv"
"5739",1752914282863,23.8,2025-07-19 08:38:02.863,61.7,"Lhotse.csv"
"5740",1752921543700,24.2,2025-07-19 10:39:03.7,62.4,"Lhotse.csv"
"5741",1752928804071,24.5,2025-07-19 12:40:04.071,62.7,"Lhotse.csv"
"5742",1752936063467,24.6,2025-07-19 14:41:03.467,62.9,"Lhotse.csv"
"5743",1752943322675,24.7,2025-07-19 16:42:02.675,64,"Lhotse.csv"
"5744",1752950582934,24.6,2025-07-19 18:43:02.934,65.5,"Lhotse.csv"
"5745",1752957842815,24.4,2025-07-19 20:44:02.815,65.8,"Lhotse.csv"
"5746",1752965103056,24.3,2025-07-19 22:45:03.056,64.4,"Lhotse.csv"
"5747",1752972363650,24.2,2025-07-20 00:46:03.65,63.8,"Lhotse.csv"
"5748",1752979622735,24.1,2025-07-20 02:47:02.735,63.7,"Lhotse.csv"
"5749",1752986882945,24,2025-07-20 04:48:02.945,64,"Lhotse.csv"
"5750",1752994143803,24.1,2025-07-20 06:49:03.803,65.1,"Lhotse.csv"
"5751",1753001403665,24.5,2025-07-20 08:50:03.665,65.3,"Lhotse.csv"
"5752",1753008662399,24.7,2025-07-20 10:51:02.399,65,"Lhotse.csv"
"5753",1753015923463,25,2025-07-20 12:52:03.463,65.5,"Lhotse.csv"
"5754",1753023183792,24.9,2025-07-20 14:53:03.792,64.7,"Lhotse.csv"
"5755",1753030443363,24.9,2025-07-20 16:54:03.363,64.3,"Lhotse.csv"
"5756",1753037703621,24.8,2025-07-20 18:55:03.621,64.2,"Lhotse.csv"
"5757",1753044962944,24.9,2025-07-20 20:56:02.944,64.5,"Lhotse.csv"
"5758",1753052223361,25,2025-07-20 22:57:03.361,64.8,"Lhotse.csv"
"5759",1753059483362,25,2025-07-21 00:58:03.362,65.1,"Lhotse.csv"
"5760",1753066743584,25,2025-07-21 02:59:03.584,65.1,"Lhotse.csv"
"5761",1753074003249,25,2025-07-21 05:00:03.249,65.3,"Lhotse.csv"
"5762",1753081262686,25,2025-07-21 07:01:02.686,65.9,"Lhotse.csv"
"5763",1753088523401,25.1,2025-07-21 09:02:03.401,65.9,"Lhotse.csv"
"5764",1753095783161,25,2025-07-21 11:03:03.161,66.4,"Lhotse.csv"
"5765",1753103043183,24.9,2025-07-21 13:04:03.183,67.5,"Lhotse.csv"
"5766",1753110306278,24.9,2025-07-21 15:05:06.278,65.9,"Lhotse.csv"
"5767",1753117565060,24.4,2025-07-21 17:06:05.06,63.6,"Lhotse.csv"
"5768",1753124823136,24.3,2025-07-21 19:07:03.136,63.4,"Lhotse.csv"
"5769",1753132083419,24.2,2025-07-21 21:08:03.419,62.3,"Lhotse.csv"
"5770",1753139344037,24.3,2025-07-21 23:09:04.037,63.2,"Lhotse.csv"
"5771",1753146603923,24.4,2025-07-22 01:10:03.923,63.9,"Lhotse.csv"
"5772",1753153862231,24.5,2025-07-22 03:11:02.231,64.3,"Lhotse.csv"
"5773",1753161123012,24.4,2025-07-22 05:12:03.012,64.2,"Lhotse.csv"
"5774",1753162565781,23.9,2025-07-22 05:36:05.781,62.4,"Lhotse.csv"
"5775",1753168384090,24,2025-07-22 07:13:04.09,63.2,"Lhotse.csv"
"5776",1753175644037,24.3,2025-07-22 09:14:04.037,62.7,"Lhotse.csv"
"5777",1753182903696,24.5,2025-07-22 11:15:03.696,62.8,"Lhotse.csv"
"5778",1753190163274,24.2,2025-07-22 13:16:03.274,62.6,"Lhotse.csv"
"5779",1753197423026,24.3,2025-07-22 15:17:03.026,63.3,"Lhotse.csv"
"5780",1753204685263,24.3,2025-07-22 17:18:05.263,64.7,"Lhotse.csv"
"5781",1753211943295,24.4,2025-07-22 19:19:03.295,64.9,"Lhotse.csv"
"5782",1753219203050,24.3,2025-07-22 21:20:03.05,64.5,"Lhotse.csv"
"5783",1753226462677,24.3,2025-07-22 23:21:02.677,64.7,"Lhotse.csv"
"5784",1753233723323,24.3,2025-07-23 01:22:03.323,64.9,"Lhotse.csv"
"5785",1753240983136,24.3,2025-07-23 03:23:03.136,65.2,"Lhotse.csv"
"5786",1753248243870,23.9,2025-07-23 05:24:03.87,63.5,"Lhotse.csv"
"5787",1753250706224,23.3,2025-07-23 06:05:06.224,63,"Lhotse.csv"
"5788",1753255504216,23.6,2025-07-23 07:25:04.216,64.5,"Lhotse.csv"
"5789",1753262763076,23.7,2025-07-23 09:26:03.076,64.1,"Lhotse.csv"
"5790",1753270023215,23.7,2025-07-23 11:27:03.215,63.6,"Lhotse.csv"
"5791",1753277283033,23.7,2025-07-23 13:28:03.033,64.1,"Lhotse.csv"
"5792",1753284546865,23.7,2025-07-23 15:29:06.865,63.9,"Lhotse.csv"
"5793",1753291804746,23.6,2025-07-23 17:30:04.746,64.1,"Lhotse.csv"
"5794",1753299062037,23.6,2025-07-23 19:31:02.037,64.6,"Lhotse.csv"
"5795",1753306323894,23.6,2025-07-23 21:32:03.894,64.4,"Lhotse.csv"
"5796",1753313583293,23.7,2025-07-23 23:33:03.293,64.6,"Lhotse.csv"
"5797",1753320843818,23.8,2025-07-24 01:34:03.818,64.8,"Lhotse.csv"
"5798",1753328102576,23.8,2025-07-24 03:35:02.576,64.9,"Lhotse.csv"
"5799",1753335365294,23.8,2025-07-24 05:36:05.294,64.7,"Lhotse.csv"
"5800",1753342624457,23.8,2025-07-24 07:37:04.457,65.2,"Lhotse.csv"
"5801",1753349883641,23.9,2025-07-24 09:38:03.641,64.9,"Lhotse.csv"
"5802",1753357143609,23.9,2025-07-24 11:39:03.609,64.4,"Lhotse.csv"
"5803",1753364402921,23.9,2025-07-24 13:40:02.921,64.4,"Lhotse.csv"
"5804",1753371663485,24,2025-07-24 15:41:03.485,63.8,"Lhotse.csv"
"5805",1753378923208,24.1,2025-07-24 17:42:03.208,65,"Lhotse.csv"
"5806",1753386183373,24,2025-07-24 19:43:03.373,63.6,"Lhotse.csv"
"5807",1753393442933,23.8,2025-07-24 21:44:02.933,62.7,"Lhotse.csv"
"5808",1753400703353,23.7,2025-07-24 23:45:03.353,63.2,"Lhotse.csv"
"5809",1753407963274,23.7,2025-07-25 01:46:03.274,64,"Lhotse.csv"
"5810",1753415223031,23.6,2025-07-25 03:47:03.031,65.7,"Lhotse.csv"
"5811",1753422483428,23.5,2025-07-25 05:48:03.428,66.3,"Lhotse.csv"
"5812",1753429745683,23.4,2025-07-25 07:49:05.683,67,"Lhotse.csv"
"5813",1753437002935,23.7,2025-07-25 09:50:02.935,67.8,"Lhotse.csv"
"5814",1753444262821,23.7,2025-07-25 11:51:02.821,68.4,"Lhotse.csv"
"5815",1753451526474,23.7,2025-07-25 13:52:06.474,68.2,"Lhotse.csv"
"5816",1753458782742,23.8,2025-07-25 15:53:02.742,68,"Lhotse.csv"
"5817",1753466043426,23.8,2025-07-25 17:54:03.426,67.9,"Lhotse.csv"
"5818",1753473302636,23.8,2025-07-25 19:55:02.636,67.4,"Lhotse.csv"
"5819",1753480563371,23.9,2025-07-25 21:56:03.371,68.2,"Lhotse.csv"
"5820",1753487823586,24.1,2025-07-25 23:57:03.586,68.9,"Lhotse.csv"
"5821",1753495083325,24.3,2025-07-26 01:58:03.325,69.3,"Lhotse.csv"
"5822",1753502342748,24.3,2025-07-26 03:59:02.748,69.2,"Lhotse.csv"
"5823",1753509605831,24.3,2025-07-26 06:00:05.831,69,"Lhotse.csv"
"5824",1753516863507,24.3,2025-07-26 08:01:03.507,69.5,"Lhotse.csv"
"5825",1753524123686,24.3,2025-07-26 10:02:03.686,68.4,"Lhotse.csv"
"5826",1753531382656,24.2,2025-07-26 12:03:02.656,68.1,"Lhotse.csv"
"5827",1753538643100,24.2,2025-07-26 14:04:03.1,68,"Lhotse.csv"
"5828",1753545903456,24.2,2025-07-26 16:05:03.456,67.7,"Lhotse.csv"
"5829",1753553163803,24.2,2025-07-26 18:06:03.803,67.8,"Lhotse.csv"
"5830",1753560423296,24.2,2025-07-26 20:07:03.296,67.7,"Lhotse.csv"
"5831",1753567683720,24.1,2025-07-26 22:08:03.72,68,"Lhotse.csv"
"5832",1753574943417,24,2025-07-27 00:09:03.417,67.8,"Lhotse.csv"
"5833",1753582203067,23.9,2025-07-27 02:10:03.067,67.9,"Lhotse.csv"
"5834",1753589463423,23.9,2025-07-27 04:11:03.423,68.3,"Lhotse.csv"
"5835",1753596722968,23.8,2025-07-27 06:12:02.968,67.8,"Lhotse.csv"
"5836",1753603983892,23.8,2025-07-27 08:13:03.892,67.4,"Lhotse.csv"
"5837",1753611243362,24,2025-07-27 10:14:03.362,66.9,"Lhotse.csv"
"5838",1753618503057,24.2,2025-07-27 12:15:03.057,66.7,"Lhotse.csv"
"5839",1753625764463,24.4,2025-07-27 14:16:04.463,67,"Lhotse.csv"
"5840",1753633022902,24.2,2025-07-27 16:17:02.902,67.2,"Lhotse.csv"
"5841",1753640283738,24.1,2025-07-27 18:18:03.738,68.3,"Lhotse.csv"
"5842",1753647543678,23.8,2025-07-27 20:19:03.678,66.7,"Lhotse.csv"
"5843",1753654803772,23.6,2025-07-27 22:20:03.772,67,"Lhotse.csv"
"5844",1753662070840,23.7,2025-07-28 00:21:10.84,67.5,"Lhotse.csv"
"5845",1753669323524,23.7,2025-07-28 02:22:03.524,67.7,"Lhotse.csv"
"5846",1753676583190,23.7,2025-07-28 04:23:03.19,67.7,"Lhotse.csv"
"5847",1753683843850,23.7,2025-07-28 06:24:03.85,67.6,"Lhotse.csv"
"5848",1753691103122,23.7,2025-07-28 08:25:03.122,67.1,"Lhotse.csv"
"5849",1753705618798,24,2025-07-28 12:26:58.798,62.4,"Lhotse.csv"
"5850",1753712823706,23.9,2025-07-28 14:27:03.706,62.8,"Lhotse.csv"
"5851",1753720082253,24,2025-07-28 16:28:02.253,62.4,"Lhotse.csv"
"5852",1753727343557,24,2025-07-28 18:29:03.557,63.3,"Lhotse.csv"
"5853",1753734603374,23.9,2025-07-28 20:30:03.374,62.3,"Lhotse.csv"
"5854",1753741864447,23.8,2025-07-28 22:31:04.447,62.1,"Lhotse.csv"
"5855",1753749123343,23.9,2025-07-29 00:32:03.343,63,"Lhotse.csv"
"5856",1753756382689,23.9,2025-07-29 02:33:02.689,63.6,"Lhotse.csv"
"5857",1753763643346,23.9,2025-07-29 04:34:03.346,63.9,"Lhotse.csv"
"5858",1753770903348,23.9,2025-07-29 06:35:03.348,64.1,"Lhotse.csv"
"5859",1753778163085,23.9,2025-07-29 08:36:03.085,63.9,"Lhotse.csv"
"5860",1753785426191,23.9,2025-07-29 10:37:06.191,63.6,"Lhotse.csv"
"5861",1753792684719,24.2,2025-07-29 12:38:04.719,63.8,"Lhotse.csv"
"5862",1753799942872,24.2,2025-07-29 14:39:02.872,64.1,"Lhotse.csv"
"5863",1753803964572,24,2025-07-29 15:46:04.572,58.7,"Lhotse.csv"
"5864",1753807204921,23.8,2025-07-29 16:40:04.921,58.3,"Lhotse.csv"
"5865",1753814462442,23.9,2025-07-29 18:41:02.442,60.5,"Lhotse.csv"
"5866",1753821724521,23.5,2025-07-29 20:42:04.521,58,"Lhotse.csv"
"5867",1753828982368,23.5,2025-07-29 22:43:02.368,58.6,"Lhotse.csv"
"5868",1753836242971,23.6,2025-07-30 00:44:02.971,59.8,"Lhotse.csv"
"5869",1753843503367,23.6,2025-07-30 02:45:03.367,60.5,"Lhotse.csv"
"5870",1753850762895,23.6,2025-07-30 04:46:02.895,60.9,"Lhotse.csv"
"5871",1753858024068,23.5,2025-07-30 06:47:04.068,60.9,"Lhotse.csv"
"5872",1753865283936,23.6,2025-07-30 08:48:03.936,60.7,"Lhotse.csv"
"5873",1753872545239,23.8,2025-07-30 10:49:05.239,60.4,"Lhotse.csv"
"5874",1753879803008,23.9,2025-07-30 12:50:03.008,59.4,"Lhotse.csv"
"5875",1753887063101,23.8,2025-07-30 14:51:03.101,61.1,"Lhotse.csv"
"5876",1753894323490,23.7,2025-07-30 16:52:03.49,62.3,"Lhotse.csv"
"5877",1753916096352,22.8,2025-07-30 22:54:56.352,55.5,"Lhotse.csv"
"5878",1753923302659,22.6,2025-07-31 00:55:02.659,54.8,"Lhotse.csv"
"5879",1753930563435,22.5,2025-07-31 02:56:03.435,55.9,"Lhotse.csv"
"5880",1753937822512,22.4,2025-07-31 04:57:02.512,58.1,"Lhotse.csv"
"5881",1753945083375,22.7,2025-07-31 06:58:03.375,60,"Lhotse.csv"
"5882",1753952343123,23.1,2025-07-31 08:59:03.123,60.4,"Lhotse.csv"
"5883",1753959603384,23.1,2025-07-31 11:00:03.384,60.8,"Lhotse.csv"
"5884",1753974121395,23.4,2025-07-31 15:02:01.395,61.5,"Lhotse.csv"
"5885",1753981385120,23.2,2025-07-31 17:03:05.12,61.2,"Lhotse.csv"
"5886",1753988643845,23.1,2025-07-31 19:04:03.845,60.8,"Lhotse.csv"
"5887",1753995902617,23,2025-07-31 21:05:02.617,60.5,"Lhotse.csv"
"5888",1754003163631,23,2025-07-31 23:06:03.631,61,"Lhotse.csv"
"5889",1754010423120,23,2025-08-01 01:07:03.12,61.2,"Lhotse.csv"
"5890",1754017684546,23,2025-08-01 03:08:04.546,61.5,"Lhotse.csv"
"5891",1754024942865,23,2025-08-01 05:09:02.865,61.8,"Lhotse.csv"
"5892",1754032203072,23,2025-08-01 07:10:03.072,61.9,"Lhotse.csv"
"5893",1754039463918,22.7,2025-08-01 09:11:03.918,60.6,"Lhotse.csv"
"5894",1754046723466,23.1,2025-08-01 11:12:03.466,61.9,"Lhotse.csv"
"5895",1754053983462,23.1,2025-08-01 13:13:03.462,61.7,"Lhotse.csv"
"5896",1754061243191,23.1,2025-08-01 15:14:03.191,61.5,"Lhotse.csv"
"5897",1754068503065,23.1,2025-08-01 17:15:03.065,61.4,"Lhotse.csv"
"5898",1754075765174,23,2025-08-01 19:16:05.174,60.7,"Lhotse.csv"
"5899",1754083033558,22.8,2025-08-01 21:17:13.558,60.2,"Lhotse.csv"
"5900",1754090283523,22.9,2025-08-01 23:18:03.523,60.7,"Lhotse.csv"
"5901",1754097544384,23,2025-08-02 01:19:04.384,61.3,"Lhotse.csv"
"5902",1754104803480,23,2025-08-02 03:20:03.48,61.8,"Lhotse.csv"
"5903",1754112062296,23,2025-08-02 05:21:02.296,62.4,"Lhotse.csv"
"5904",1754119334289,23.1,2025-08-02 07:22:14.289,62.2,"Lhotse.csv"
"5905",1754126582579,23.2,2025-08-02 09:23:02.579,62.1,"Lhotse.csv"
"5906",1754133842924,23.4,2025-08-02 11:24:02.924,62.4,"Lhotse.csv"
"5907",1754141102895,23.5,2025-08-02 13:25:02.895,62.2,"Lhotse.csv"
"5908",1754148363294,23.3,2025-08-02 15:26:03.294,59.5,"Lhotse.csv"
"5909",1754177392600,23.1,2025-08-02 23:29:52.6,60,"Lhotse.csv"
"5910",1754184603788,23.1,2025-08-03 01:30:03.788,60.5,"Lhotse.csv"
"5911",1754191863413,23.1,2025-08-03 03:31:03.413,60.9,"Lhotse.csv"
"5912",1754199123059,23.1,2025-08-03 05:32:03.059,61.3,"Lhotse.csv"
"5913",1754206382604,23.1,2025-08-03 07:33:02.604,61.4,"Lhotse.csv"
"5914",1754213643178,23,2025-08-03 09:34:03.178,60.5,"Lhotse.csv"
"5915",1754220903001,23,2025-08-03 11:35:03.001,60.2,"Lhotse.csv"
"5916",1754228165381,23,2025-08-03 13:36:05.381,60.2,"Lhotse.csv"
"5917",1754235423078,22.9,2025-08-03 15:37:03.078,60.2,"Lhotse.csv"
"5918",1754242682890,23,2025-08-03 17:38:02.89,61.6,"Lhotse.csv"
"5919",1754249943328,23,2025-08-03 19:39:03.328,62.2,"Lhotse.csv"
"5920",1754257203038,22.9,2025-08-03 21:40:03.038,62.2,"Lhotse.csv"
"5921",1754278976572,22.4,2025-08-04 03:42:56.572,61.2,"Lhotse.csv"
"5922",1754286182847,22.4,2025-08-04 05:43:02.847,61.6,"Lhotse.csv"
"5923",1754293444224,22.5,2025-08-04 07:44:04.224,62.3,"Lhotse.csv"
"5924",1754300703958,22.7,2025-08-04 09:45:03.958,62.4,"Lhotse.csv"
"5925",1754307962299,22.8,2025-08-04 11:46:02.299,62.9,"Lhotse.csv"
"5926",1754315230215,22.9,2025-08-04 13:47:10.215,62.8,"Lhotse.csv"
"5927",1754322488363,22.9,2025-08-04 15:48:08.363,62.7,"Lhotse.csv"
"5928",1754329742815,22.9,2025-08-04 17:49:02.815,63.2,"Lhotse.csv"
"5929",1754337003613,23,2025-08-04 19:50:03.613,63.6,"Lhotse.csv"
"5930",1754344263189,23,2025-08-04 21:51:03.189,63.8,"Lhotse.csv"
"5931",1754351521703,23.1,2025-08-04 23:52:01.703,64.1,"Lhotse.csv"
"5932",1754358783614,23,2025-08-05 01:53:03.614,64.1,"Lhotse.csv"
"5933",1754366044442,23,2025-08-05 03:54:04.442,64.5,"Lhotse.csv"
"5934",1754373303014,23,2025-08-05 05:55:03.014,64.6,"Lhotse.csv"
"5935",1754380563211,22.8,2025-08-05 07:56:03.211,65.6,"Lhotse.csv"
"5936",1754387822866,22.9,2025-08-05 09:57:02.866,67.3,"Lhotse.csv"
"5937",1754395083182,23,2025-08-05 11:58:03.182,67.4,"Lhotse.csv"
"5938",1754402343244,23.1,2025-08-05 13:59:03.244,66.9,"Lhotse.csv"
"5939",1754409603445,23.1,2025-08-05 16:00:03.445,66.3,"Lhotse.csv"
"5940",1754416862652,23.1,2025-08-05 18:01:02.652,67.3,"Lhotse.csv"
"5941",1754424122341,23,2025-08-05 20:02:02.341,67,"Lhotse.csv"
"5942",1754431382939,22.9,2025-08-05 22:03:02.939,66.7,"Lhotse.csv"
"5943",1754438642658,22.8,2025-08-06 00:04:02.658,66.7,"Lhotse.csv"
"5944",1754445902474,22.8,2025-08-06 02:05:02.474,66.6,"Lhotse.csv"
"5945",1754453162858,22.7,2025-08-06 04:06:02.858,66.4,"Lhotse.csv"
"5946",1754460424562,22.7,2025-08-06 06:07:04.562,66.4,"Lhotse.csv"
"5947",1754467684046,22.6,2025-08-06 08:08:04.046,65.9,"Lhotse.csv"
"5948",1754472364433,22.5,2025-08-06 09:26:04.433,60.8,"Lhotse.csv"
"5949",1754474945235,22.3,2025-08-06 10:09:05.235,58.7,"Lhotse.csv"
"5950",1754482203127,22.5,2025-08-06 12:10:03.127,60.5,"Lhotse.csv"
"5951",1754489462779,22.8,2025-08-06 14:11:02.779,59.1,"Lhotse.csv"
"5952",1754493304751,22.5,2025-08-06 15:15:04.751,53.8,"Lhotse.csv"
"5953",1754496724998,22.4,2025-08-06 16:12:04.998,52.3,"Lhotse.csv"
"5954",1754503983210,22.4,2025-08-06 18:13:03.21,53.9,"Lhotse.csv"
"5955",1754511244489,22.5,2025-08-06 20:14:04.489,56.2,"Lhotse.csv"
"5956",1754518503692,22.5,2025-08-06 22:15:03.692,57.5,"Lhotse.csv"
"5957",1754525763343,22.5,2025-08-07 00:16:03.343,58.3,"Lhotse.csv"
"5958",1754533023268,22.5,2025-08-07 02:17:03.268,58.8,"Lhotse.csv"
"5959",1754540282436,22.5,2025-08-07 04:18:02.436,59.3,"Lhotse.csv"
"5960",1754547543408,22.5,2025-08-07 06:19:03.408,59.4,"Lhotse.csv"
"5961",1754554802750,22.5,2025-08-07 08:20:02.75,60.1,"Lhotse.csv"
"5962",1754562063172,22.7,2025-08-07 10:21:03.172,60.7,"Lhotse.csv"
"5963",1754569322796,22.9,2025-08-07 12:22:02.796,60.8,"Lhotse.csv"
"5964",1754576585009,22.9,2025-08-07 14:23:05.009,60.5,"Lhotse.csv"
"5965",1754583843578,22.9,2025-08-07 16:24:03.578,60.4,"Lhotse.csv"
"5966",1754591103444,22.9,2025-08-07 18:25:03.444,61.1,"Lhotse.csv"
"5967",1754598363301,22.9,2025-08-07 20:26:03.301,61.7,"Lhotse.csv"
"5968",1754605623862,22.9,2025-08-07 22:27:03.862,62,"Lhotse.csv"
"5969",1754612883077,22.9,2025-08-08 00:28:03.077,62.5,"Lhotse.csv"
"5970",1754620143246,22.9,2025-08-08 02:29:03.246,62.9,"Lhotse.csv"
"5971",1754627402369,23,2025-08-08 04:30:02.369,63.2,"Lhotse.csv"
"5972",1754634663108,22.9,2025-08-08 06:31:03.108,63.1,"Lhotse.csv"
"5973",1754641923181,23,2025-08-08 08:32:03.181,63.5,"Lhotse.csv"
"5974",1754649183851,23.1,2025-08-08 10:33:03.851,63.2,"Lhotse.csv"
"5975",1754656443380,23.3,2025-08-08 12:34:03.38,62.9,"Lhotse.csv"
"5976",1754663703688,23.3,2025-08-08 14:35:03.688,62.5,"Lhotse.csv"
"5977",1754670962811,23.3,2025-08-08 16:36:02.811,62.6,"Lhotse.csv"
"5978",1754678223131,23.3,2025-08-08 18:37:03.131,63.1,"Lhotse.csv"
"5979",1754685483236,23.4,2025-08-08 20:38:03.236,63.9,"Lhotse.csv"
"5980",1754692743331,23.4,2025-08-08 22:39:03.331,63.8,"Lhotse.csv"
"5981",1754700004190,23.3,2025-08-09 00:40:04.19,63.7,"Lhotse.csv"
"5982",1754707264556,23.3,2025-08-09 02:41:04.556,63.6,"Lhotse.csv"
"5983",1754714523073,23.3,2025-08-09 04:42:03.073,63.7,"Lhotse.csv"
"5984",1754721782899,23.1,2025-08-09 06:43:02.899,63.1,"Lhotse.csv"
"5985",1754729042444,23.4,2025-08-09 08:44:02.444,63.4,"Lhotse.csv"
"5986",1754736303174,23.6,2025-08-09 10:45:03.174,63.7,"Lhotse.csv"
"5987",1754743563581,23.8,2025-08-09 12:46:03.581,64.1,"Lhotse.csv"
"5988",1754750823492,24,2025-08-09 14:47:03.492,64.3,"Lhotse.csv"
"5989",1754758083905,23.9,2025-08-09 16:48:03.905,63.8,"Lhotse.csv"
"5990",1754765343648,24,2025-08-09 18:49:03.648,64.5,"Lhotse.csv"
"5991",1754772603518,24.1,2025-08-09 20:50:03.518,65.1,"Lhotse.csv"
"5992",1754779862968,24.1,2025-08-09 22:51:02.968,65.5,"Lhotse.csv"
"5993",1754787123548,24.1,2025-08-10 00:52:03.548,65.4,"Lhotse.csv"
"5994",1754794383028,24.1,2025-08-10 02:53:03.028,65.4,"Lhotse.csv"
"5995",1754801644132,24.1,2025-08-10 04:54:04.132,65.3,"Lhotse.csv"
"5996",1754804645220,23.6,2025-08-10 05:44:05.22,62.3,"Lhotse.csv"
"5997",1754805785914,23.1,2025-08-10 06:03:05.914,59.9,"Lhotse.csv"
"5998",1754808905586,23.2,2025-08-10 06:55:05.586,60.9,"Lhotse.csv"
"5999",1754816163247,23.6,2025-08-10 08:56:03.247,61,"Lhotse.csv"
"6000",1754823425231,23.8,2025-08-10 10:57:05.231,61.4,"Lhotse.csv"
"6001",1754830682905,24,2025-08-10 12:58:02.905,61.7,"Lhotse.csv"
"6002",1754837943109,24.3,2025-08-10 14:59:03.109,62.5,"Lhotse.csv"
"6003",1754845203419,24.2,2025-08-10 17:00:03.419,62.4,"Lhotse.csv"
"6004",1754852463288,24,2025-08-10 19:01:03.288,61.4,"Lhotse.csv"
"6005",1754866979722,23.7,2025-08-10 23:02:59.722,58.6,"Lhotse.csv"
"6006",1754874243447,23.6,2025-08-11 01:04:03.447,57.8,"Lhotse.csv"
"6007",1754881503725,23.5,2025-08-11 03:05:03.725,57,"Lhotse.csv"
"6008",1754888762984,23.4,2025-08-11 05:06:02.984,56.2,"Lhotse.csv"
"6009",1750151274984,26.1,2025-06-17 09:07:54.984,47.4,"Makalu.csv"
"6010",1750151763504,25.2,2025-06-17 09:16:03.504,45,"Makalu.csv"
"6011",1750152124941,24.7,2025-06-17 09:22:04.941,45.1,"Makalu.csv"
"6012",1750152783547,24.2,2025-06-17 09:33:03.547,45.2,"Makalu.csv"
"6013",1750154284195,23.7,2025-06-17 09:58:04.195,45.9,"Makalu.csv"
"6014",1750158662636,23.5,2025-06-17 11:11:02.636,45.5,"Makalu.csv"
"6015",1750165921378,23.7,2025-06-17 13:12:01.378,44.9,"Makalu.csv"
"6016",1750173182520,23.8,2025-06-17 15:13:02.52,44.7,"Makalu.csv"
"6017",1750180440258,23.8,2025-06-17 17:14:00.258,47.2,"Makalu.csv"
"6018",1750187700841,23.8,2025-06-17 19:15:00.841,47,"Makalu.csv"
"6019",1750194961518,23.8,2025-06-17 21:16:01.518,47.4,"Makalu.csv"
"6020",1750202221723,23.7,2025-06-17 23:17:01.723,47.2,"Makalu.csv"
"6021",1750209483550,23.6,2025-06-18 01:18:03.55,47.6,"Makalu.csv"
"6022",1750216743641,23.4,2025-06-18 03:19:03.641,48.4,"Makalu.csv"
"6023",1750224003099,23.6,2025-06-18 05:20:03.099,49,"Makalu.csv"
"6024",1750231264821,23.4,2025-06-18 07:21:04.821,50.1,"Makalu.csv"
"6025",1750238285487,23.9,2025-06-18 09:18:05.487,50.3,"Makalu.csv"
"6026",1750238524500,23.9,2025-06-18 09:22:04.5,50.3,"Makalu.csv"
"6027",1750245781231,24,2025-06-18 11:23:01.231,49.4,"Makalu.csv"
"6028",1750253041078,24.2,2025-06-18 13:24:01.078,49.1,"Makalu.csv"
"6029",1750260301709,24.2,2025-06-18 15:25:01.709,49.8,"Makalu.csv"
"6030",1750267560339,24.2,2025-06-18 17:26:00.339,49.6,"Makalu.csv"
"6031",1750274821528,24,2025-06-18 19:27:01.528,49.8,"Makalu.csv"
"6032",1750282081770,23.9,2025-06-18 21:28:01.77,50.1,"Makalu.csv"
"6033",1750289345663,23.6,2025-06-18 23:29:05.663,50.7,"Makalu.csv"
"6034",1750296602811,23.2,2025-06-19 01:30:02.811,50.9,"Makalu.csv"
"6035",1750302425594,22.7,2025-06-19 03:07:05.594,50.3,"Makalu.csv"
"6036",1750303863979,22.5,2025-06-19 03:31:03.979,49.8,"Makalu.csv"
"6037",1750311122960,22.4,2025-06-19 05:32:02.96,48.5,"Makalu.csv"
"6038",1750318380149,22,2025-06-19 07:33:00.149,45.8,"Makalu.csv"
"6039",1750324202127,22.6,2025-06-19 09:10:02.127,45.7,"Makalu.csv"
"6040",1750325643699,22.8,2025-06-19 09:34:03.699,47.2,"Makalu.csv"
"6041",1750329421917,23.3,2025-06-19 10:37:01.917,47.9,"Makalu.csv"
"6042",1750332905396,23.6,2025-06-19 11:35:05.396,47.2,"Makalu.csv"
"6043",1750340161883,23.7,2025-06-19 13:36:01.883,46.2,"Makalu.csv"
"6044",1750347422530,23.7,2025-06-19 15:37:02.53,45.4,"Makalu.csv"
"6045",1750354683085,23.7,2025-06-19 17:38:03.085,44.5,"Makalu.csv"
"6046",1750361942332,23.6,2025-06-19 19:39:02.332,44.1,"Makalu.csv"
"6047",1750369203809,23.4,2025-06-19 21:40:03.809,43.8,"Makalu.csv"
"6048",1750376465125,23.3,2025-06-19 23:41:05.125,43.8,"Makalu.csv"
"6049",1750383722580,23.2,2025-06-20 01:42:02.58,43.9,"Makalu.csv"
"6050",1750390982923,23.2,2025-06-20 03:43:02.923,44,"Makalu.csv"
"6051",1750398242681,23.4,2025-06-20 05:44:02.681,44,"Makalu.csv"
"6052",1750405500334,23.6,2025-06-20 07:45:00.334,43.7,"Makalu.csv"
"6053",1750412760684,23.7,2025-06-20 09:46:00.684,43.4,"Makalu.csv"
"6054",1750420021653,23.7,2025-06-20 11:47:01.653,43,"Makalu.csv"
"6055",1750427278536,23.7,2025-06-20 13:47:58.536,42.7,"Makalu.csv"
"6056",1750434480660,23.7,2025-06-20 15:48:00.66,42.4,"Makalu.csv"
"6057",1750441740922,23.7,2025-06-20 17:49:00.922,41.7,"Makalu.csv"
"6058",1750449000896,23.6,2025-06-20 19:50:00.896,41.2,"Makalu.csv"
"6059",1750456261824,23.4,2025-06-20 21:51:01.824,40.9,"Makalu.csv"
"6060",1750463520840,23.3,2025-06-20 23:52:00.84,41.1,"Makalu.csv"
"6061",1750470781506,23.2,2025-06-21 01:53:01.506,41.6,"Makalu.csv"
"6062",1750478041270,23.3,2025-06-21 03:54:01.27,41.8,"Makalu.csv"
"6063",1750485301369,23.5,2025-06-21 05:55:01.369,41.9,"Makalu.csv"
"6064",1750492560499,23.6,2025-06-21 07:56:00.499,41.7,"Makalu.csv"
"6065",1750499822759,23.7,2025-06-21 09:57:02.759,41,"Makalu.csv"
"6066",1750507080895,23.7,2025-06-21 11:58:00.895,40.7,"Makalu.csv"
"6067",1750514340886,23.8,2025-06-21 13:59:00.886,39.9,"Makalu.csv"
"6068",1750521600685,23.7,2025-06-21 16:00:00.685,39.4,"Makalu.csv"
"6069",1750528861035,23.8,2025-06-21 18:01:01.035,39.5,"Makalu.csv"
"6070",1750536121169,23.6,2025-06-21 20:02:01.169,40,"Makalu.csv"
"6071",1750543381873,23.5,2025-06-21 22:03:01.873,40.8,"Makalu.csv"
"6072",1750550641002,23.4,2025-06-22 00:04:01.002,41.2,"Makalu.csv"
"6073",1750557901789,23.4,2025-06-22 02:05:01.789,41.4,"Makalu.csv"
"6074",1750565160850,23.5,2025-06-22 04:06:00.85,41.5,"Makalu.csv"
"6075",1750572421204,23.6,2025-06-22 06:07:01.204,41.3,"Makalu.csv"
"6076",1750579683369,23.7,2025-06-22 08:08:03.369,40.9,"Makalu.csv"
"6077",1750586941212,23.8,2025-06-22 10:09:01.212,40.3,"Makalu.csv"
"6078",1750594201217,23.9,2025-06-22 12:10:01.217,39.7,"Makalu.csv"
"6079",1750601460877,24,2025-06-22 14:11:00.877,39.6,"Makalu.csv"
"6080",1750608722281,24.1,2025-06-22 16:12:02.281,39.4,"Makalu.csv"
"6081",1750615980659,24,2025-06-22 18:13:00.659,39.4,"Makalu.csv"
"6082",1750623240657,23.8,2025-06-22 20:14:00.657,39.8,"Makalu.csv"
"6083",1750630501298,23.6,2025-06-22 22:15:01.298,40.4,"Makalu.csv"
"6084",1750637761264,23.6,2025-06-23 00:16:01.264,40.7,"Makalu.csv"
"6085",1750645020518,23.6,2025-06-23 02:17:00.518,41.2,"Makalu.csv"
"6086",1750652281461,23.7,2025-06-23 04:18:01.461,42.3,"Makalu.csv"
"6087",1750659541439,23.9,2025-06-23 06:19:01.439,43.9,"Makalu.csv"
"6088",1750666800418,24.1,2025-06-23 08:20:00.418,44.2,"Makalu.csv"
"6089",1750674061223,24.3,2025-06-23 10:21:01.223,43.8,"Makalu.csv"
"6090",1750681322495,24.4,2025-06-23 12:22:02.495,44.6,"Makalu.csv"
"6091",1750688580999,24.4,2025-06-23 14:23:00.999,44.5,"Makalu.csv"
"6092",1750695841611,24.3,2025-06-23 16:24:01.611,46.5,"Makalu.csv"
"6093",1750700641918,23.8,2025-06-23 17:44:01.918,45.8,"Makalu.csv"
"6094",1750703103003,23.5,2025-06-23 18:25:03.003,44.2,"Makalu.csv"
"6095",1750710360697,23.3,2025-06-23 20:26:00.697,43.7,"Makalu.csv"
"6096",1750717621215,23.3,2025-06-23 22:27:01.215,42.9,"Makalu.csv"
"6097",1750724881319,23.2,2025-06-24 00:28:01.319,42,"Makalu.csv"
"6098",1750732141302,23.1,2025-06-24 02:29:01.302,41,"Makalu.csv"
"6099",1750739402367,23,2025-06-24 04:30:02.367,40.6,"Makalu.csv"
"6100",1750743724008,22.5,2025-06-24 05:42:04.008,39.8,"Makalu.csv"
"6101",1750746662999,22.1,2025-06-24 06:31:02.999,39.9,"Makalu.csv"
"6102",1750753920649,22.6,2025-06-24 08:32:00.649,39.6,"Makalu.csv"
"6103",1750758900653,23.1,2025-06-24 09:55:00.653,39.7,"Makalu.csv"
"6104",1750761182536,23.2,2025-06-24 10:33:02.536,39.7,"Makalu.csv"
"6105",1750768441045,23.5,2025-06-24 12:34:01.045,42.2,"Makalu.csv"
"6106",1750775703049,23.7,2025-06-24 14:35:03.049,41.6,"Makalu.csv"
"6107",1750782961445,23.7,2025-06-24 16:36:01.445,42,"Makalu.csv"
"6108",1750790220134,23.6,2025-06-24 18:37:00.134,43,"Makalu.csv"
"6109",1750797480805,23.4,2025-06-24 20:38:00.805,44,"Makalu.csv"
"6110",1750804742447,23.3,2025-06-24 22:39:02.447,46.1,"Makalu.csv"
"6111",1750812001490,23.1,2025-06-25 00:40:01.49,48.7,"Makalu.csv"
"6112",1750819261324,23.1,2025-06-25 02:41:01.324,51.5,"Makalu.csv"
"6113",1750826520119,23,2025-06-25 04:42:00.119,54.9,"Makalu.csv"
"6114",1750833781324,23.1,2025-06-25 06:43:01.324,56.8,"Makalu.csv"
"6115",1750841042958,23,2025-06-25 08:44:02.958,61.3,"Makalu.csv"
"6116",1750846442468,23.5,2025-06-25 10:14:02.468,60.2,"Makalu.csv"
"6117",1750848303667,23.6,2025-06-25 10:45:03.667,59.1,"Makalu.csv"
"6118",1750855562056,23.9,2025-06-25 12:46:02.056,56,"Makalu.csv"
"6119",1750862820172,23.9,2025-06-25 14:47:00.172,55.4,"Makalu.csv"
"6120",1750870080579,24,2025-06-25 16:48:00.579,54.2,"Makalu.csv"
"6121",1750877340717,23.8,2025-06-25 18:49:00.717,53.5,"Makalu.csv"
"6122",1750884601368,23.6,2025-06-25 20:50:01.368,53.6,"Makalu.csv"
"6123",1750891862300,23.4,2025-06-25 22:51:02.3,53.1,"Makalu.csv"
"6124",1750899121042,23.3,2025-06-26 00:52:01.042,52.4,"Makalu.csv"
"6125",1750906380585,23.1,2025-06-26 02:53:00.585,52.1,"Makalu.csv"
"6126",1750913640266,23.1,2025-06-26 04:54:00.266,51.9,"Makalu.csv"
"6127",1750920900948,23.3,2025-06-26 06:55:00.948,51.6,"Makalu.csv"
"6128",1750928164152,23.7,2025-06-26 08:56:04.152,51.3,"Makalu.csv"
"6129",1750935421278,23.9,2025-06-26 10:57:01.278,51.6,"Makalu.csv"
"6130",1750942681138,24.1,2025-06-26 12:58:01.138,53.2,"Makalu.csv"
"6131",1750949939977,24.1,2025-06-26 14:58:59.977,53.5,"Makalu.csv"
"6132",1750957200653,24,2025-06-26 17:00:00.653,54.4,"Makalu.csv"
"6133",1751008005740,23.4,2025-06-27 07:06:45.74,59.4,"Makalu.csv"
"6134",1751015221371,23.6,2025-06-27 09:07:01.371,55.2,"Makalu.csv"
"6135",1751022480076,23.2,2025-06-27 11:08:00.076,53.6,"Makalu.csv"
"6136",1751027644539,23.7,2025-06-27 12:34:04.539,54.5,"Makalu.csv"
"6137",1751029743331,23.4,2025-06-27 13:09:03.331,53.2,"Makalu.csv"
"6138",1751031123071,22.9,2025-06-27 13:32:03.071,52.8,"Makalu.csv"
"6139",1751032862868,22.4,2025-06-27 14:01:02.868,52.6,"Makalu.csv"
"6140",1751037002150,22.7,2025-06-27 15:10:02.15,53.1,"Makalu.csv"
"6141",1751044261418,22.7,2025-06-27 17:11:01.418,50.5,"Makalu.csv"
"6142",1751051520384,22.6,2025-06-27 19:12:00.384,49.6,"Makalu.csv"
"6143",1751066038272,23,2025-06-27 23:13:58.272,50.6,"Makalu.csv"
"6144",1751073240484,22.9,2025-06-28 01:14:00.484,50.9,"Makalu.csv"
"6145",1751080501254,22.4,2025-06-28 03:15:01.254,51.9,"Makalu.csv"
"6146",1751087761140,22.2,2025-06-28 05:16:01.14,52.8,"Makalu.csv"
"6147",1751095021007,22.7,2025-06-28 07:17:01.007,52.7,"Makalu.csv"
"6148",1751101082663,23.2,2025-06-28 08:58:02.663,54.6,"Makalu.csv"
"6149",1751102283331,23.3,2025-06-28 09:18:03.331,54.9,"Makalu.csv"
"6150",1751109540742,23.6,2025-06-28 11:19:00.742,55.2,"Makalu.csv"
"6151",1751116801128,23.8,2025-06-28 13:20:01.128,55.5,"Makalu.csv"
"6152",1751124060625,23.8,2025-06-28 15:21:00.625,55.5,"Makalu.csv"
"6153",1751131320889,23.7,2025-06-28 17:22:00.889,56.3,"Makalu.csv"
"6154",1751138581000,23.6,2025-06-28 19:23:01,56.8,"Makalu.csv"
"6155",1751145841551,23.7,2025-06-28 21:24:01.551,58.2,"Makalu.csv"
"6156",1751153101023,23.7,2025-06-28 23:25:01.023,59.1,"Makalu.csv"
"6157",1751160360882,23.7,2025-06-29 01:26:00.882,60.1,"Makalu.csv"
"6158",1751167620195,23.6,2025-06-29 03:27:00.195,61.1,"Makalu.csv"
"6159",1751174880818,23.6,2025-06-29 05:28:00.818,62.6,"Makalu.csv"
"6160",1751182139956,23.8,2025-06-29 07:28:59.956,63.1,"Makalu.csv"
"6161",1751189400999,24.3,2025-06-29 09:30:00.999,62.6,"Makalu.csv"
"6162",1751196661573,24.5,2025-06-29 11:31:01.573,63,"Makalu.csv"
"6163",1751203920618,24.7,2025-06-29 13:32:00.618,62.2,"Makalu.csv"
"6164",1751211181330,24.4,2025-06-29 15:33:01.33,61.5,"Makalu.csv"
"6165",1751218441069,24.3,2025-06-29 17:34:01.069,61.2,"Makalu.csv"
"6166",1751225580959,24,2025-06-29 19:33:00.959,56.1,"Makalu.csv"
"6167",1751225704126,24.1,2025-06-29 19:35:04.126,55.9,"Makalu.csv"
"6168",1751228164615,23.9,2025-06-29 20:16:04.615,50.9,"Makalu.csv"
"6169",1751232961754,24,2025-06-29 21:36:01.754,54.2,"Makalu.csv"
"6170",1751233683497,23.9,2025-06-29 21:48:03.497,49.1,"Makalu.csv"
"6171",1751238482585,23.4,2025-06-29 23:08:02.585,48,"Makalu.csv"
"6172",1751240222974,23.3,2025-06-29 23:37:02.974,47.7,"Makalu.csv"
"6173",1751247481221,22.9,2025-06-30 01:38:01.221,46.8,"Makalu.csv"
"6174",1751254742119,22.8,2025-06-30 03:39:02.119,46.6,"Makalu.csv"
"6175",1751258522353,22.3,2025-06-30 04:42:02.353,46.1,"Makalu.csv"
"6176",1751261703124,21.8,2025-06-30 05:35:03.124,46.7,"Makalu.csv"
"6177",1751262004189,21.8,2025-06-30 05:40:04.189,46.8,"Makalu.csv"
"6178",1751269263375,21.7,2025-06-30 07:41:03.375,47.4,"Makalu.csv"
"6179",1751274722143,22.2,2025-06-30 09:12:02.143,44.8,"Makalu.csv"
"6180",1751276523514,22.5,2025-06-30 09:42:03.514,44.8,"Makalu.csv"
"6181",1751281800981,23,2025-06-30 11:10:00.981,45.5,"Makalu.csv"
"6182",1751283782840,23.1,2025-06-30 11:43:02.84,45.5,"Makalu.csv"
"6183",1751291043497,23.3,2025-06-30 13:44:03.497,45.2,"Makalu.csv"
"6184",1751298301715,23.4,2025-06-30 15:45:01.715,45.1,"Makalu.csv"
"6185",1751305560662,23.5,2025-06-30 17:46:00.662,46.7,"Makalu.csv"
"6186",1751312822501,23.5,2025-06-30 19:47:02.501,45.3,"Makalu.csv"
"6187",1751320080847,23.4,2025-06-30 21:48:00.847,44.8,"Makalu.csv"
"6188",1751327341076,23.2,2025-06-30 23:49:01.076,45.4,"Makalu.csv"
"6189",1751334601788,22.8,2025-07-01 01:50:01.788,46.8,"Makalu.csv"
"6190",1751341860947,22.7,2025-07-01 03:51:00.947,47.5,"Makalu.csv"
"6191",1751349121074,22.9,2025-07-01 05:52:01.074,47.4,"Makalu.csv"
"6192",1751356381000,23.2,2025-07-01 07:53:01,47.3,"Makalu.csv"
"6193",1751363640573,23.4,2025-07-01 09:54:00.573,46.7,"Makalu.csv"
"6194",1751370902455,23.6,2025-07-01 11:55:02.455,46.3,"Makalu.csv"
"6195",1751378161754,23.8,2025-07-01 13:56:01.754,46.7,"Makalu.csv"
"6196",1751385421037,23.8,2025-07-01 15:57:01.037,47.1,"Makalu.csv"
"6197",1751392681336,23.8,2025-07-01 17:58:01.336,46.4,"Makalu.csv"
"6198",1751399940435,23.7,2025-07-01 19:59:00.435,44.9,"Makalu.csv"
"6199",1751407200864,23.6,2025-07-01 22:00:00.864,45.7,"Makalu.csv"
"6200",1751414462438,23.5,2025-07-02 00:01:02.438,46.1,"Makalu.csv"
"6201",1751421721157,23.4,2025-07-02 02:02:01.157,45.5,"Makalu.csv"
"6202",1751428983400,23.4,2025-07-02 04:03:03.4,45.7,"Makalu.csv"
"6203",1751436240846,23.6,2025-07-02 06:04:00.846,46.2,"Makalu.csv"
"6204",1751443502308,23.7,2025-07-02 08:05:02.308,47,"Makalu.csv"
"6205",1751450761246,23.9,2025-07-02 10:06:01.246,47.1,"Makalu.csv"
"6206",1751458020459,24.1,2025-07-02 12:07:00.459,46.9,"Makalu.csv"
"6207",1751465281382,24.2,2025-07-02 14:08:01.382,46.6,"Makalu.csv"
"6208",1751472543545,24.1,2025-07-02 16:09:03.545,47.3,"Makalu.csv"
"6209",1751479801283,24.1,2025-07-02 18:10:01.283,47.3,"Makalu.csv"
"6210",1751487060754,24.1,2025-07-02 20:11:00.754,47.9,"Makalu.csv"
"6211",1751494322028,24.1,2025-07-02 22:12:02.028,48,"Makalu.csv"
"6212",1751501581809,24,2025-07-03 00:13:01.809,48.5,"Makalu.csv"
"6213",1751508843195,24,2025-07-03 02:14:03.195,52.8,"Makalu.csv"
"6214",1751516101020,24,2025-07-03 04:15:01.02,53.8,"Makalu.csv"
"6215",1751523360890,23.6,2025-07-03 06:16:00.89,58.6,"Makalu.csv"
"6216",1751530501401,23.1,2025-07-03 08:15:01.401,61.3,"Makalu.csv"
"6217",1751530567543,23.2,2025-07-03 08:16:07.543,61.2,"Makalu.csv"
"6218",1751537821014,23.4,2025-07-03 10:17:01.014,58.2,"Makalu.csv"
"6219",1751540943022,23.4,2025-07-03 11:09:03.022,52.8,"Makalu.csv"
"6220",1751545082074,23.6,2025-07-03 12:18:02.074,50.2,"Makalu.csv"
"6221",1751550782210,23.8,2025-07-03 13:53:02.21,45.2,"Makalu.csv"
"6222",1751552343900,23.7,2025-07-03 14:19:03.9,42.5,"Makalu.csv"
"6223",1749733968521,25.4,2025-06-12 13:12:48.521,49.6,"Matterhorn.csv"
"6224",1749734466011,24.5,2025-06-12 13:21:06.011,45,"Matterhorn.csv"
"6225",1749734885656,24,2025-06-12 13:28:05.656,44.8,"Matterhorn.csv"
"6226",1749735665678,23.4,2025-06-12 13:41:05.678,44.8,"Matterhorn.csv"
"6227",1749737165139,22.9,2025-06-12 14:06:05.139,45.1,"Matterhorn.csv"
"6228",1749741366823,22.5,2025-06-12 15:16:06.823,46,"Matterhorn.csv"
"6229",1749748624425,22.3,2025-06-12 17:17:04.425,46.4,"Matterhorn.csv"
"6230",1749755883079,22.2,2025-06-12 19:18:03.079,46.4,"Matterhorn.csv"
"6231",1749763143576,22.2,2025-06-12 21:19:03.576,46.9,"Matterhorn.csv"
"6232",1749770403483,22.1,2025-06-12 23:20:03.483,46.8,"Matterhorn.csv"
"6233",1749777663436,22,2025-06-13 01:21:03.436,46.7,"Matterhorn.csv"
"6234",1749784923047,21.9,2025-06-13 03:22:03.047,46.6,"Matterhorn.csv"
"6235",1749792183448,21.9,2025-06-13 05:23:03.448,46.5,"Matterhorn.csv"
"6236",1749799442268,21.8,2025-06-13 07:24:02.268,44.9,"Matterhorn.csv"
"6237",1749806702647,22,2025-06-13 09:25:02.647,45.3,"Matterhorn.csv"
"6238",1749813544515,22.6,2025-06-13 11:19:04.515,44.5,"Matterhorn.csv"
"6239",1749813967880,22.6,2025-06-13 11:26:07.88,44.4,"Matterhorn.csv"
"6240",1749821223711,22.7,2025-06-13 13:27:03.711,44.4,"Matterhorn.csv"
"6241",1749828485370,22.6,2025-06-13 15:28:05.37,42.7,"Matterhorn.csv"
"6242",1749835742758,22.6,2025-06-13 17:29:02.758,41.9,"Matterhorn.csv"
"6243",1749843002923,22.6,2025-06-13 19:30:02.923,44,"Matterhorn.csv"
"6244",1749850263168,22.5,2025-06-13 21:31:03.168,43,"Matterhorn.csv"
"6245",1749857524262,22.4,2025-06-13 23:32:04.262,44,"Matterhorn.csv"
"6246",1749864783582,22.3,2025-06-14 01:33:03.582,44.6,"Matterhorn.csv"
"6247",1749872043058,22.3,2025-06-14 03:34:03.058,45.3,"Matterhorn.csv"
"6248",1749879302525,22.2,2025-06-14 05:35:02.525,46,"Matterhorn.csv"
"6249",1749886563873,22.3,2025-06-14 07:36:03.873,46.5,"Matterhorn.csv"
"6250",1749893822829,22.6,2025-06-14 09:37:02.829,47.4,"Matterhorn.csv"
"6251",1749901083324,23,2025-06-14 11:38:03.324,47.3,"Matterhorn.csv"
"6252",1749908342961,23.1,2025-06-14 13:39:02.961,47.1,"Matterhorn.csv"
"6253",1749915603545,23,2025-06-14 15:40:03.545,47.1,"Matterhorn.csv"
"6254",1749922862998,23,2025-06-14 17:41:02.998,47.1,"Matterhorn.csv"
"6255",1749930123099,22.9,2025-06-14 19:42:03.099,47.1,"Matterhorn.csv"
"6256",1749937383172,22.8,2025-06-14 21:43:03.172,47.3,"Matterhorn.csv"
"6257",1749944643560,22.8,2025-06-14 23:44:03.56,47.5,"Matterhorn.csv"
"6258",1749951903627,22.8,2025-06-15 01:45:03.627,47.7,"Matterhorn.csv"
"6259",1749959163502,22.7,2025-06-15 03:46:03.502,47.8,"Matterhorn.csv"
"6260",1749966423769,22.7,2025-06-15 05:47:03.769,47.9,"Matterhorn.csv"
"6261",1749973683119,22.8,2025-06-15 07:48:03.119,48,"Matterhorn.csv"
"6262",1749980944024,23.1,2025-06-15 09:49:04.024,48.9,"Matterhorn.csv"
"6263",1749988204190,23.6,2025-06-15 11:50:04.19,48.8,"Matterhorn.csv"
"6264",1749995463642,23.6,2025-06-15 13:51:03.642,49.7,"Matterhorn.csv"
"6265",1750002723305,23.6,2025-06-15 15:52:03.305,49.7,"Matterhorn.csv"
"6266",1750009983033,23.6,2025-06-15 17:53:03.033,50.6,"Matterhorn.csv"
"6267",1750017244423,23.6,2025-06-15 19:54:04.423,51.3,"Matterhorn.csv"
"6268",1750024503389,23.5,2025-06-15 21:55:03.389,51.9,"Matterhorn.csv"
"6269",1750031763544,23.5,2025-06-15 23:56:03.544,51.9,"Matterhorn.csv"
"6270",1750039023831,23.4,2025-06-16 01:57:03.831,52,"Matterhorn.csv"
"6271",1750046282956,23.3,2025-06-16 03:58:02.956,52.1,"Matterhorn.csv"
"6272",1750053543816,23.1,2025-06-16 05:59:03.816,50.8,"Matterhorn.csv"
"6273",1750060803397,23.2,2025-06-16 08:00:03.397,51.1,"Matterhorn.csv"
"6274",1750068063350,23.3,2025-06-16 10:01:03.35,51.3,"Matterhorn.csv"
"6275",1750075323481,23.5,2025-06-16 12:02:03.481,51.2,"Matterhorn.csv"
"6276",1750082583478,23.5,2025-06-16 14:03:03.478,51.2,"Matterhorn.csv"
"6277",1750089843783,23.5,2025-06-16 16:04:03.783,50.2,"Matterhorn.csv"
"6278",1750097103246,23.5,2025-06-16 18:05:03.246,49.4,"Matterhorn.csv"
"6279",1750104363658,23.4,2025-06-16 20:06:03.658,49.5,"Matterhorn.csv"
"6280",1750111623209,23.3,2025-06-16 22:07:03.209,49.5,"Matterhorn.csv"
"6281",1750118883872,23.3,2025-06-17 00:08:03.872,49.8,"Matterhorn.csv"
"6282",1750126143437,23.2,2025-06-17 02:09:03.437,49.7,"Matterhorn.csv"
"6283",1750133404400,23.1,2025-06-17 04:10:04.4,49.6,"Matterhorn.csv"
"6284",1750140663134,23,2025-06-17 06:11:03.134,49.7,"Matterhorn.csv"
"6285",1750147923352,22.9,2025-06-17 08:12:03.352,49.2,"Matterhorn.csv"
"6286",1750155183188,23.3,2025-06-17 10:13:03.188,50.4,"Matterhorn.csv"
"6287",1750162442677,23.6,2025-06-17 12:14:02.677,50.3,"Matterhorn.csv"
"6288",1750169704396,23.7,2025-06-17 14:15:04.396,53.8,"Matterhorn.csv"
"6289",1750176964006,23.6,2025-06-17 16:16:04.006,50.5,"Matterhorn.csv"
"6290",1750184223400,23.7,2025-06-17 18:17:03.4,51,"Matterhorn.csv"
"6291",1750191484507,23.7,2025-06-17 20:18:04.507,50.7,"Matterhorn.csv"
"6292",1750198743141,23.7,2025-06-17 22:19:03.141,50.9,"Matterhorn.csv"
"6293",1750206003615,23.6,2025-06-18 00:20:03.615,50.8,"Matterhorn.csv"
"6294",1750213263546,23.5,2025-06-18 02:21:03.546,50.8,"Matterhorn.csv"
"6295",1750220523349,23.5,2025-06-18 04:22:03.349,50.9,"Matterhorn.csv"
"6296",1750227783363,23.4,2025-06-18 06:23:03.363,52.1,"Matterhorn.csv"
"6297",1750235042944,23.5,2025-06-18 08:24:02.944,51.8,"Matterhorn.csv"
"6298",1750242302818,23.9,2025-06-18 10:25:02.818,52.1,"Matterhorn.csv"
"6299",1750249565446,24.1,2025-06-18 12:26:05.446,51.6,"Matterhorn.csv"
"6300",1750256824125,24.1,2025-06-18 14:27:04.125,51.6,"Matterhorn.csv"
"6301",1750264082679,24.1,2025-06-18 16:28:02.679,52.1,"Matterhorn.csv"
"6302",1750271343041,24.1,2025-06-18 18:29:03.041,52.3,"Matterhorn.csv"
"6303",1750278604661,24.2,2025-06-18 20:30:04.661,52.7,"Matterhorn.csv"
"6304",1750285864196,24.2,2025-06-18 22:31:04.196,52.8,"Matterhorn.csv"
"6305",1750293123962,24.3,2025-06-19 00:32:03.962,53.3,"Matterhorn.csv"
"6306",1750300383163,24.3,2025-06-19 02:33:03.163,53.4,"Matterhorn.csv"
"6307",1750307643702,24.3,2025-06-19 04:34:03.702,53.7,"Matterhorn.csv"
"6308",1750311305255,23.8,2025-06-19 05:35:05.255,49.9,"Matterhorn.csv"
"6309",1750314904305,23.6,2025-06-19 06:35:04.305,48,"Matterhorn.csv"
"6310",1750322165523,23.4,2025-06-19 08:36:05.523,44.9,"Matterhorn.csv"
"6311",1750329423817,23.7,2025-06-19 10:37:03.817,46.2,"Matterhorn.csv"
"6312",1750336684100,23.9,2025-06-19 12:38:04.1,45.8,"Matterhorn.csv"
"6313",1750343944713,23.9,2025-06-19 14:39:04.713,46.5,"Matterhorn.csv"
"6314",1750351203297,23.8,2025-06-19 16:40:03.297,46.5,"Matterhorn.csv"
"6315",1750358463443,23.8,2025-06-19 18:41:03.443,46.8,"Matterhorn.csv"
"6316",1750365723467,23.7,2025-06-19 20:42:03.467,46.3,"Matterhorn.csv"
"6317",1750372983411,23.7,2025-06-19 22:43:03.411,46.7,"Matterhorn.csv"
"6318",1750380243501,23.6,2025-06-20 00:44:03.501,46.5,"Matterhorn.csv"
"6319",1750387503399,23.5,2025-06-20 02:45:03.399,46.6,"Matterhorn.csv"
"6320",1750394763644,23.1,2025-06-20 04:46:03.644,44.7,"Matterhorn.csv"
"6321",1750402022843,23,2025-06-20 06:47:02.843,45.5,"Matterhorn.csv"
"6322",1750409282703,23.1,2025-06-20 08:48:02.703,46.2,"Matterhorn.csv"
"6323",1750416543991,23.5,2025-06-20 10:49:03.991,46.4,"Matterhorn.csv"
"6324",1750423803353,23.8,2025-06-20 12:50:03.353,46.3,"Matterhorn.csv"
"6325",1750431063008,23.8,2025-06-20 14:51:03.008,46.2,"Matterhorn.csv"
"6326",1750438324142,23.7,2025-06-20 16:52:04.142,45.7,"Matterhorn.csv"
"6327",1750445583968,23.7,2025-06-20 18:53:03.968,45.2,"Matterhorn.csv"
"6328",1750452844057,23.6,2025-06-20 20:54:04.057,45.3,"Matterhorn.csv"
"6329",1750460104317,23.6,2025-06-20 22:55:04.317,45.5,"Matterhorn.csv"
"6330",1750467363105,23.5,2025-06-21 00:56:03.105,45.5,"Matterhorn.csv"
"6331",1750474623606,23.4,2025-06-21 02:57:03.606,45.5,"Matterhorn.csv"
"6332",1750481883037,23.3,2025-06-21 04:58:03.037,45.6,"Matterhorn.csv"
"6333",1750489142730,23.3,2025-06-21 06:59:02.73,46,"Matterhorn.csv"
"6334",1750496403137,23.4,2025-06-21 09:00:03.137,46,"Matterhorn.csv"
"6335",1750503663819,23.8,2025-06-21 11:01:03.819,46.5,"Matterhorn.csv"
"6336",1750510923720,24,2025-06-21 13:02:03.72,46.1,"Matterhorn.csv"
"6337",1750518183193,24,2025-06-21 15:03:03.193,46,"Matterhorn.csv"
"6338",1750525443321,23.9,2025-06-21 17:04:03.321,46.2,"Matterhorn.csv"
"6339",1750532703055,23.9,2025-06-21 19:05:03.055,46.3,"Matterhorn.csv"
"6340",1750539963582,23.8,2025-06-21 21:06:03.582,46.5,"Matterhorn.csv"
"6341",1750547223431,23.8,2025-06-21 23:07:03.431,46.7,"Matterhorn.csv"
"6342",1750554482846,23.7,2025-06-22 01:08:02.846,46.6,"Matterhorn.csv"
"6343",1750561743738,23.7,2025-06-22 03:09:03.738,46.7,"Matterhorn.csv"
"6344",1750569003027,23.6,2025-06-22 05:10:03.027,46.6,"Matterhorn.csv"
"6345",1750576263032,23.5,2025-06-22 07:11:03.032,45.9,"Matterhorn.csv"
"6346",1750583522788,23.7,2025-06-22 09:12:02.788,46.5,"Matterhorn.csv"
"6347",1750590783284,24.2,2025-06-22 11:13:03.284,45.4,"Matterhorn.csv"
"6348",1750598043653,24.3,2025-06-22 13:14:03.653,44.9,"Matterhorn.csv"
"6349",1750605303332,24.3,2025-06-22 15:15:03.332,45.1,"Matterhorn.csv"
"6350",1750612563769,24.3,2025-06-22 17:16:03.769,45.1,"Matterhorn.csv"
"6351",1750619823440,24.3,2025-06-22 19:17:03.44,45.4,"Matterhorn.csv"
"6352",1750627082786,24.2,2025-06-22 21:18:02.786,45.6,"Matterhorn.csv"
"6353",1750634343892,24.2,2025-06-22 23:19:03.892,46,"Matterhorn.csv"
"6354",1750641603362,24.2,2025-06-23 01:20:03.362,46.3,"Matterhorn.csv"
"6355",1750648862656,24.1,2025-06-23 03:21:02.656,46.5,"Matterhorn.csv"
"6356",1750656125676,24.1,2025-06-23 05:22:05.676,47.3,"Matterhorn.csv"
"6357",1750663383043,24.2,2025-06-23 07:23:03.043,48.6,"Matterhorn.csv"
"6358",1750670643104,24.3,2025-06-23 09:24:03.104,48.4,"Matterhorn.csv"
"6359",1750677905288,24.4,2025-06-23 11:25:05.288,47.9,"Matterhorn.csv"
"6360",1750685163154,24.5,2025-06-23 13:26:03.154,47.2,"Matterhorn.csv"
"6361",1750692425070,24.5,2025-06-23 15:27:05.07,47.9,"Matterhorn.csv"
"6362",1750699683503,24.5,2025-06-23 17:28:03.503,49.6,"Matterhorn.csv"
"6363",1750706943664,24.4,2025-06-23 19:29:03.664,48.3,"Matterhorn.csv"
"6364",1750714203532,24.3,2025-06-23 21:30:03.532,47.7,"Matterhorn.csv"
"6365",1750721463577,24.2,2025-06-23 23:31:03.577,46.9,"Matterhorn.csv"
"6366",1750728723924,24,2025-06-24 01:32:03.924,46.2,"Matterhorn.csv"
"6367",1750735983202,23.9,2025-06-24 03:33:03.202,45.4,"Matterhorn.csv"
"6368",1750743242702,23.5,2025-06-24 05:34:02.702,42.5,"Matterhorn.csv"
"6369",1750750503869,23.3,2025-06-24 07:35:03.869,42.6,"Matterhorn.csv"
"6370",1750757763249,23.5,2025-06-24 09:36:03.249,43.5,"Matterhorn.csv"
"6371",1750765023071,23.5,2025-06-24 11:37:03.071,43.5,"Matterhorn.csv"
"6372",1750772283252,23.6,2025-06-24 13:38:03.252,44.1,"Matterhorn.csv"
"6373",1750779543907,23.6,2025-06-24 15:39:03.907,44.1,"Matterhorn.csv"
"6374",1750786803399,23.7,2025-06-24 17:40:03.399,44.3,"Matterhorn.csv"
"6375",1750794063164,23.6,2025-06-24 19:41:03.164,44.6,"Matterhorn.csv"
"6376",1750801322639,23.6,2025-06-24 21:42:02.639,45.1,"Matterhorn.csv"
"6377",1750808583552,23.6,2025-06-24 23:43:03.552,45.8,"Matterhorn.csv"
"6378",1750815843411,23.6,2025-06-25 01:44:03.411,46.5,"Matterhorn.csv"
"6379",1750823103371,23.6,2025-06-25 03:45:03.371,47.8,"Matterhorn.csv"
"6380",1750830362955,23.5,2025-06-25 05:46:02.955,48.7,"Matterhorn.csv"
"6381",1750837624016,23.6,2025-06-25 07:47:04.016,51.1,"Matterhorn.csv"
"6382",1750841884857,23.6,2025-06-25 08:58:04.857,56.3,"Matterhorn.csv"
"6383",1750844885316,23.8,2025-06-25 09:48:05.316,55.3,"Matterhorn.csv"
"6384",1750852144199,24.1,2025-06-25 11:49:04.199,53.3,"Matterhorn.csv"
"6385",1750859403851,24.2,2025-06-25 13:50:03.851,53.4,"Matterhorn.csv"
"6386",1750866663459,24.3,2025-06-25 15:51:03.459,53.5,"Matterhorn.csv"
"6387",1750873923671,24.2,2025-06-25 17:52:03.671,53.2,"Matterhorn.csv"
"6388",1750881183110,24.4,2025-06-25 19:53:03.11,54.9,"Matterhorn.csv"
"6389",1750888443163,24.4,2025-06-25 21:54:03.163,54.9,"Matterhorn.csv"
"6390",1750895703716,24.5,2025-06-25 23:55:03.716,54.7,"Matterhorn.csv"
"6391",1750902963390,24.5,2025-06-26 01:56:03.39,54.4,"Matterhorn.csv"
"6392",1750910223741,24.4,2025-06-26 03:57:03.741,52.8,"Matterhorn.csv"
"6393",1750912924876,23.9,2025-06-26 04:42:04.876,51.1,"Matterhorn.csv"
"6394",1750917484222,23.7,2025-06-26 05:58:04.222,50.8,"Matterhorn.csv"
"6395",1750924743416,23.9,2025-06-26 07:59:03.416,51.4,"Matterhorn.csv"
"6396",1750932003693,24.1,2025-06-26 10:00:03.693,52.5,"Matterhorn.csv"
"6397",1750939264551,24.3,2025-06-26 12:01:04.551,53.3,"Matterhorn.csv"
"6398",1750946522950,24.5,2025-06-26 14:02:02.95,53.1,"Matterhorn.csv"
"6399",1750953783942,24.6,2025-06-26 16:03:03.942,53.3,"Matterhorn.csv"
"6400",1750961042852,24.5,2025-06-26 18:04:02.852,54.6,"Matterhorn.csv"
"6401",1750968303363,24.4,2025-06-26 20:05:03.363,54.7,"Matterhorn.csv"
"6402",1750975563480,24.5,2025-06-26 22:06:03.48,55,"Matterhorn.csv"
"6403",1750982824074,24.6,2025-06-27 00:07:04.074,55.3,"Matterhorn.csv"
"6404",1750990083251,24.7,2025-06-27 02:08:03.251,55.6,"Matterhorn.csv"
"6405",1750997343728,24.6,2025-06-27 04:09:03.728,55.8,"Matterhorn.csv"
"6406",1751004603238,24.5,2025-06-27 06:10:03.238,56.1,"Matterhorn.csv"
"6407",1751011863697,24.6,2025-06-27 08:11:03.697,55.3,"Matterhorn.csv"
"6408",1751019122944,24.6,2025-06-27 10:12:02.944,54.5,"Matterhorn.csv"
"6409",1751026383229,24.7,2025-06-27 12:13:03.229,54.4,"Matterhorn.csv"
"6410",1751033644256,24.6,2025-06-27 14:14:04.256,53.6,"Matterhorn.csv"
"6411",1751040902994,24.5,2025-06-27 16:15:02.994,53.2,"Matterhorn.csv"
"6412",1751048162959,24.5,2025-06-27 18:16:02.959,52.7,"Matterhorn.csv"
"6413",1751055423270,24.4,2025-06-27 20:17:03.27,52.3,"Matterhorn.csv"
"6414",1751062683047,24.4,2025-06-27 22:18:03.047,52.9,"Matterhorn.csv"
"6415",1751069943798,24.4,2025-06-28 00:19:03.798,53,"Matterhorn.csv"
"6416",1751077204211,24.4,2025-06-28 02:20:04.211,53.3,"Matterhorn.csv"
"6417",1751084463360,24.3,2025-06-28 04:21:03.36,53.2,"Matterhorn.csv"
"6418",1751088244239,23.8,2025-06-28 05:24:04.239,51.6,"Matterhorn.csv"
"6419",1751091725299,23.6,2025-06-28 06:22:05.299,51.8,"Matterhorn.csv"
"6420",1751098982930,24.1,2025-06-28 08:23:02.93,52.6,"Matterhorn.csv"
"6421",1751106242937,24.5,2025-06-28 10:24:02.937,52.3,"Matterhorn.csv"
"6422",1751113502903,24.8,2025-06-28 12:25:02.903,52.2,"Matterhorn.csv"
"6423",1751120763264,24.7,2025-06-28 14:26:03.264,52.6,"Matterhorn.csv"
"6424",1751128022646,24.6,2025-06-28 16:27:02.646,52.7,"Matterhorn.csv"
"6425",1751135283497,24.5,2025-06-28 18:28:03.497,52.6,"Matterhorn.csv"
"6426",1751142542606,24.5,2025-06-28 20:29:02.606,52.6,"Matterhorn.csv"
"6427",1751149802255,24.6,2025-06-28 22:30:02.255,53.8,"Matterhorn.csv"
"6428",1751157064558,24.7,2025-06-29 00:31:04.558,54.6,"Matterhorn.csv"
"6429",1751164323342,24.7,2025-06-29 02:32:03.342,55,"Matterhorn.csv"
"6430",1751171582743,24.6,2025-06-29 04:33:02.743,55.4,"Matterhorn.csv"
"6431",1751178843254,24.7,2025-06-29 06:34:03.254,56.8,"Matterhorn.csv"
"6432",1751186103381,24.8,2025-06-29 08:35:03.381,57,"Matterhorn.csv"
"6433",1751193362878,24.9,2025-06-29 10:36:02.878,56.7,"Matterhorn.csv"
"6434",1751200623100,25.2,2025-06-29 12:37:03.1,57.1,"Matterhorn.csv"
"6435",1751207883550,25.2,2025-06-29 14:38:03.55,57.4,"Matterhorn.csv"
"6436",1751215143793,25.1,2025-06-29 16:39:03.793,56.8,"Matterhorn.csv"
"6437",1751222403263,25.1,2025-06-29 18:40:03.263,56.5,"Matterhorn.csv"
"6438",1751229662773,25,2025-06-29 20:41:02.773,55.5,"Matterhorn.csv"
"6439",1751236923094,25,2025-06-29 22:42:03.094,55.1,"Matterhorn.csv"
"6440",1751244183650,25,2025-06-30 00:43:03.65,54.6,"Matterhorn.csv"
"6441",1751251442977,24.9,2025-06-30 02:44:02.977,54.3,"Matterhorn.csv"
"6442",1751258704058,24.8,2025-06-30 04:45:04.058,53.9,"Matterhorn.csv"
"6443",1751265963691,24.5,2025-06-30 06:46:03.691,51.8,"Matterhorn.csv"
"6444",1751273224618,24.7,2025-06-30 08:47:04.618,51.5,"Matterhorn.csv"
"6445",1751280483299,24.9,2025-06-30 10:48:03.299,52.6,"Matterhorn.csv"
"6446",1751287743384,25.1,2025-06-30 12:49:03.384,52.1,"Matterhorn.csv"
"6447",1751295002797,25.1,2025-06-30 14:50:02.797,52.5,"Matterhorn.csv"
"6448",1751302263372,25,2025-06-30 16:51:03.372,52.3,"Matterhorn.csv"
"6449",1751309523559,25,2025-06-30 18:52:03.559,52.3,"Matterhorn.csv"
"6450",1751316782820,24.9,2025-06-30 20:53:02.82,52,"Matterhorn.csv"
"6451",1751324042967,24.8,2025-06-30 22:54:02.967,52.2,"Matterhorn.csv"
"6452",1751331303179,24.7,2025-07-01 00:55:03.179,52.3,"Matterhorn.csv"
"6453",1751338563411,24.6,2025-07-01 02:56:03.411,52.1,"Matterhorn.csv"
"6454",1751345822328,24.5,2025-07-01 04:57:02.328,51.8,"Matterhorn.csv"
"6455",1751353083404,24.3,2025-07-01 06:58:03.404,50.5,"Matterhorn.csv"
"6456",1751360343181,24.5,2025-07-01 08:59:03.181,49.8,"Matterhorn.csv"
"6457",1751367602997,24.9,2025-07-01 11:00:02.997,49.6,"Matterhorn.csv"
"6458",1751374864002,25.1,2025-07-01 13:01:04.002,49.2,"Matterhorn.csv"
"6459",1751382123686,25.1,2025-07-01 15:02:03.686,48.5,"Matterhorn.csv"
"6460",1751389382375,25,2025-07-01 17:03:02.375,48.4,"Matterhorn.csv"
"6461",1751396643214,25,2025-07-01 19:04:03.214,48.2,"Matterhorn.csv"
"6462",1751403903319,24.9,2025-07-01 21:05:03.319,48.4,"Matterhorn.csv"
"6463",1751411163463,24.9,2025-07-01 23:06:03.463,48.8,"Matterhorn.csv"
"6464",1751418424461,24.8,2025-07-02 01:07:04.461,49.1,"Matterhorn.csv"
"6465",1751425683465,24.8,2025-07-02 03:08:03.465,49.3,"Matterhorn.csv"
"6466",1751432943919,24.7,2025-07-02 05:09:03.919,49.5,"Matterhorn.csv"
"6467",1751440203664,24.7,2025-07-02 07:10:03.664,49,"Matterhorn.csv"
"6468",1751447463523,25,2025-07-02 09:11:03.523,50.1,"Matterhorn.csv"
"6469",1751454723491,25.4,2025-07-02 11:12:03.491,49.2,"Matterhorn.csv"
"6470",1751461983224,25.6,2025-07-02 13:13:03.224,48.6,"Matterhorn.csv"
"6471",1751469243027,25.6,2025-07-02 15:14:03.027,47.8,"Matterhorn.csv"
"6472",1751476503204,25.5,2025-07-02 17:15:03.204,47.7,"Matterhorn.csv"
"6473",1751483763157,25.5,2025-07-02 19:16:03.157,47.4,"Matterhorn.csv"
"6474",1751491022952,25.6,2025-07-02 21:17:02.952,48.4,"Matterhorn.csv"
"6475",1751498283123,25.7,2025-07-02 23:18:03.123,49.6,"Matterhorn.csv"
"6476",1751505544454,25.7,2025-07-03 01:19:04.454,50.6,"Matterhorn.csv"
"6477",1751512802990,25.8,2025-07-03 03:20:02.99,51.1,"Matterhorn.csv"
"6478",1751520064025,25.7,2025-07-03 05:21:04.025,51.9,"Matterhorn.csv"
"6479",1751527322922,25.5,2025-07-03 07:22:02.922,52.1,"Matterhorn.csv"
"6480",1751534583279,25.4,2025-07-03 09:23:03.279,54.5,"Matterhorn.csv"
"6481",1751541843061,25.5,2025-07-03 11:24:03.061,53,"Matterhorn.csv"
"6482",1751549103914,25.6,2025-07-03 13:25:03.914,52,"Matterhorn.csv"
"6483",1751556363279,25.6,2025-07-03 15:26:03.279,50,"Matterhorn.csv"
"6484",1751563623262,25.5,2025-07-03 17:27:03.262,47.9,"Matterhorn.csv"
"6485",1751570882902,25.4,2025-07-03 19:28:02.902,48.1,"Matterhorn.csv"
"6486",1751578143272,25.2,2025-07-03 21:29:03.272,46.5,"Matterhorn.csv"
"6487",1751585403683,25.1,2025-07-03 23:30:03.683,47.3,"Matterhorn.csv"
"6488",1751592663301,25,2025-07-04 01:31:03.301,47.4,"Matterhorn.csv"
"6489",1751599922418,24.9,2025-07-04 03:32:02.418,47.1,"Matterhorn.csv"
"6490",1751607182811,24.8,2025-07-04 05:33:02.811,46.4,"Matterhorn.csv"
"6491",1751614442952,24.8,2025-07-04 07:34:02.952,46.9,"Matterhorn.csv"
"6492",1751621702959,24.9,2025-07-04 09:35:02.959,46.5,"Matterhorn.csv"
"6493",1751628962939,25.2,2025-07-04 11:36:02.939,45.5,"Matterhorn.csv"
"6494",1751636223482,25.3,2025-07-04 13:37:03.482,45.2,"Matterhorn.csv"
"6495",1751643483443,25.2,2025-07-04 15:38:03.443,44.2,"Matterhorn.csv"
"6496",1751650743234,25.1,2025-07-04 17:39:03.234,42.9,"Matterhorn.csv"
"6497",1751658003561,25,2025-07-04 19:40:03.561,42.4,"Matterhorn.csv"
"6498",1751665263932,24.9,2025-07-04 21:41:03.932,41.8,"Matterhorn.csv"
"6499",1751672522943,24.7,2025-07-04 23:42:02.943,41.8,"Matterhorn.csv"
"6500",1751679783145,24.5,2025-07-05 01:43:03.145,41.6,"Matterhorn.csv"
"6501",1751687043480,24.3,2025-07-05 03:44:03.48,40.9,"Matterhorn.csv"
"6502",1751694303359,24.1,2025-07-05 05:45:03.359,40.4,"Matterhorn.csv"
"6503",1751701563205,24.1,2025-07-05 07:46:03.205,40,"Matterhorn.csv"
"6504",1751708823618,24.4,2025-07-05 09:47:03.618,40.9,"Matterhorn.csv"
"6505",1751716082785,24.6,2025-07-05 11:48:02.785,41.3,"Matterhorn.csv"
"6506",1751723342852,24.7,2025-07-05 13:49:02.852,41.6,"Matterhorn.csv"
"6507",1751730603895,24.6,2025-07-05 15:50:03.895,41.9,"Matterhorn.csv"
"6508",1751737864439,24.6,2025-07-05 17:51:04.439,42.3,"Matterhorn.csv"
"6509",1751745122832,24.6,2025-07-05 19:52:02.832,42.4,"Matterhorn.csv"
"6510",1751752384022,24.6,2025-07-05 21:53:04.022,42.8,"Matterhorn.csv"
"6511",1751759643155,24.6,2025-07-05 23:54:03.155,43,"Matterhorn.csv"
"6512",1751766903179,24.5,2025-07-06 01:55:03.179,43.2,"Matterhorn.csv"
"6513",1751774163540,24.4,2025-07-06 03:56:03.54,43.5,"Matterhorn.csv"
"6514",1751781423019,24.3,2025-07-06 05:57:03.019,43.1,"Matterhorn.csv"
"6515",1751788682959,24.4,2025-07-06 07:58:02.959,42.9,"Matterhorn.csv"
"6516",1751795945945,24.7,2025-07-06 09:59:05.945,41.8,"Matterhorn.csv"
"6517",1751803203504,25,2025-07-06 12:00:03.504,38,"Matterhorn.csv"
"6518",1751810464232,25.1,2025-07-06 14:01:04.232,38.6,"Matterhorn.csv"
"6519",1751817724491,25.1,2025-07-06 16:02:04.491,39.9,"Matterhorn.csv"
"6520",1751824983744,25,2025-07-06 18:03:03.744,40.3,"Matterhorn.csv"
"6521",1751832243318,25,2025-07-06 20:04:03.318,40.1,"Matterhorn.csv"
"6522",1751839503187,24.9,2025-07-06 22:05:03.187,40.6,"Matterhorn.csv"
"6523",1751846763270,24.8,2025-07-07 00:06:03.27,41.3,"Matterhorn.csv"
"6524",1751854023908,24.7,2025-07-07 02:07:03.908,42.6,"Matterhorn.csv"
"6525",1751861283495,24.6,2025-07-07 04:08:03.495,44.2,"Matterhorn.csv"
"6526",1751868542757,24.2,2025-07-07 06:09:02.757,46.4,"Matterhorn.csv"
"6527",1751875803750,24.3,2025-07-07 08:10:03.75,46.8,"Matterhorn.csv"
"6528",1751883063610,24.4,2025-07-07 10:11:03.61,47,"Matterhorn.csv"
"6529",1751890322990,24.5,2025-07-07 12:12:02.99,47.6,"Matterhorn.csv"
"6530",1751897583878,24.7,2025-07-07 14:13:03.878,47.5,"Matterhorn.csv"
"6531",1751904843364,24.7,2025-07-07 16:14:03.364,47.8,"Matterhorn.csv"
"6532",1751912103498,24.7,2025-07-07 18:15:03.498,48.6,"Matterhorn.csv"
"6533",1751919362990,24.6,2025-07-07 20:16:02.99,48.9,"Matterhorn.csv"
"6534",1751926623343,24.6,2025-07-07 22:17:03.343,49.4,"Matterhorn.csv"
"6535",1751933883597,24.5,2025-07-08 00:18:03.597,49.5,"Matterhorn.csv"
"6536",1751941143682,24.4,2025-07-08 02:19:03.682,49.7,"Matterhorn.csv"
"6537",1751948403347,24.3,2025-07-08 04:20:03.347,49.5,"Matterhorn.csv"
"6538",1751955662917,24.2,2025-07-08 06:21:02.917,49,"Matterhorn.csv"
"6539",1751962923446,24.3,2025-07-08 08:22:03.446,49.2,"Matterhorn.csv"
"6540",1751970183371,24.5,2025-07-08 10:23:03.371,48.7,"Matterhorn.csv"
"6541",1751977443523,24.6,2025-07-08 12:24:03.523,47.5,"Matterhorn.csv"
"6542",1751984702727,24.6,2025-07-08 14:25:02.727,46.9,"Matterhorn.csv"
"6543",1751991962967,24.5,2025-07-08 16:26:02.967,45.8,"Matterhorn.csv"
"6544",1751999223583,24.3,2025-07-08 18:27:03.583,42.6,"Matterhorn.csv"
"6545",1752006484457,24.2,2025-07-08 20:28:04.457,43.1,"Matterhorn.csv"
"6546",1752013743241,24.3,2025-07-08 22:29:03.241,45.4,"Matterhorn.csv"
"6547",1752021004172,24.3,2025-07-09 00:30:04.172,46.4,"Matterhorn.csv"
"6548",1752028263682,24.3,2025-07-09 02:31:03.682,47.7,"Matterhorn.csv"
"6549",1752035524000,24.3,2025-07-09 04:32:04,48.3,"Matterhorn.csv"
"6550",1752042784252,23.9,2025-07-09 06:33:04.252,48.2,"Matterhorn.csv"
"6551",1752050043668,23.7,2025-07-09 08:34:03.668,48.9,"Matterhorn.csv"
"6552",1752057303376,23.8,2025-07-09 10:35:03.376,50.1,"Matterhorn.csv"
"6553",1752064563181,24,2025-07-09 12:36:03.181,50.6,"Matterhorn.csv"
"6554",1752071824272,24,2025-07-09 14:37:04.272,50.1,"Matterhorn.csv"
"6555",1752079082796,24,2025-07-09 16:38:02.796,49.8,"Matterhorn.csv"
"6556",1752086343300,23.9,2025-07-09 18:39:03.3,49.8,"Matterhorn.csv"
"6557",1752093603789,23.8,2025-07-09 20:40:03.789,49.7,"Matterhorn.csv"
"6558",1752100866170,23.8,2025-07-09 22:41:06.17,50,"Matterhorn.csv"
"6559",1752108124099,23.8,2025-07-10 00:42:04.099,49.9,"Matterhorn.csv"
"6560",1752115383685,23.7,2025-07-10 02:43:03.685,50,"Matterhorn.csv"
"6561",1752122644193,23.7,2025-07-10 04:44:04.193,50,"Matterhorn.csv"
"6562",1752129903856,23.6,2025-07-10 06:45:03.856,50.5,"Matterhorn.csv"
"6563",1752137163952,23.8,2025-07-10 08:46:03.952,50.4,"Matterhorn.csv"
"6564",1752144423630,24,2025-07-10 10:47:03.63,50.1,"Matterhorn.csv"
"6565",1752151682794,24,2025-07-10 12:48:02.794,50.7,"Matterhorn.csv"
"6566",1752158942935,24,2025-07-10 14:49:02.935,52.2,"Matterhorn.csv"
"6567",1752166203180,23.9,2025-07-10 16:50:03.18,53,"Matterhorn.csv"
"6568",1752173463494,23.9,2025-07-10 18:51:03.494,52.9,"Matterhorn.csv"
"6569",1752180722684,23.8,2025-07-10 20:52:02.684,52.6,"Matterhorn.csv"
"6570",1752187983123,23.7,2025-07-10 22:53:03.123,52.1,"Matterhorn.csv"
"6571",1752195242775,23.6,2025-07-11 00:54:02.775,51.7,"Matterhorn.csv"
"6572",1752202503591,23.5,2025-07-11 02:55:03.591,51.3,"Matterhorn.csv"
"6573",1752209763944,23.4,2025-07-11 04:56:03.944,50.7,"Matterhorn.csv"
"6574",1752217023253,23.3,2025-07-11 06:57:03.253,50.3,"Matterhorn.csv"
"6575",1752224283323,23.5,2025-07-11 08:58:03.323,50.7,"Matterhorn.csv"
"6576",1752231543759,23.9,2025-07-11 10:59:03.759,51.6,"Matterhorn.csv"
"6577",1752238803120,23.9,2025-07-11 13:00:03.12,51.5,"Matterhorn.csv"
"6578",1752246063588,23.9,2025-07-11 15:01:03.588,51.3,"Matterhorn.csv"
"6579",1752253324097,23.8,2025-07-11 17:02:04.097,51.8,"Matterhorn.csv"
"6580",1752260583312,23.7,2025-07-11 19:03:03.312,51.7,"Matterhorn.csv"
"6581",1752267843467,23.6,2025-07-11 21:04:03.467,51.8,"Matterhorn.csv"
"6582",1752275103400,23.6,2025-07-11 23:05:03.4,52.1,"Matterhorn.csv"
"6583",1752282363798,23.5,2025-07-12 01:06:03.798,52.4,"Matterhorn.csv"
"6584",1752289622823,23.4,2025-07-12 03:07:02.823,52.8,"Matterhorn.csv"
"6585",1752296883364,23.4,2025-07-12 05:08:03.364,53,"Matterhorn.csv"
"6586",1752304142611,23.2,2025-07-12 07:09:02.611,54.2,"Matterhorn.csv"
"6587",1752311403297,23.2,2025-07-12 09:10:03.297,54.8,"Matterhorn.csv"
"6588",1752318663509,23.3,2025-07-12 11:11:03.509,54.9,"Matterhorn.csv"
"6589",1752325923939,23.3,2025-07-12 13:12:03.939,55.4,"Matterhorn.csv"
"6590",1752333183182,23.3,2025-07-12 15:13:03.182,55.6,"Matterhorn.csv"
"6591",1752340443460,23.3,2025-07-12 17:14:03.46,55.8,"Matterhorn.csv"
"6592",1752347703798,23.2,2025-07-12 19:15:03.798,56,"Matterhorn.csv"
"6593",1752354962849,23.2,2025-07-12 21:16:02.849,56.3,"Matterhorn.csv"
"6594",1752362223085,23.2,2025-07-12 23:17:03.085,56.5,"Matterhorn.csv"
"6595",1752369482569,23.2,2025-07-13 01:18:02.569,56.6,"Matterhorn.csv"
"6596",1752376744005,23.1,2025-07-13 03:19:04.005,56.6,"Matterhorn.csv"
"6597",1752384003058,23.1,2025-07-13 05:20:03.058,56.7,"Matterhorn.csv"
"6598",1752391263521,23,2025-07-13 07:21:03.521,59.5,"Matterhorn.csv"
"6599",1752398523764,23.2,2025-07-13 09:22:03.764,60.2,"Matterhorn.csv"
"6600",1752405785047,23.4,2025-07-13 11:23:05.047,59.2,"Matterhorn.csv"
"6601",1752413044035,23.5,2025-07-13 13:24:04.035,58.9,"Matterhorn.csv"
"6602",1752420303252,23.6,2025-07-13 15:25:03.252,58.3,"Matterhorn.csv"
"6603",1752427563196,23.5,2025-07-13 17:26:03.196,57.7,"Matterhorn.csv"
"6604",1752434823214,23.5,2025-07-13 19:27:03.214,57.7,"Matterhorn.csv"
"6605",1752442083804,23.4,2025-07-13 21:28:03.804,57.7,"Matterhorn.csv"
"6606",1752449343381,23.3,2025-07-13 23:29:03.381,57.7,"Matterhorn.csv"
"6607",1752456603239,23.3,2025-07-14 01:30:03.239,57.9,"Matterhorn.csv"
"6608",1752463862874,23.3,2025-07-14 03:31:02.874,57.9,"Matterhorn.csv"
"6609",1752471123370,23.2,2025-07-14 05:32:03.37,57.8,"Matterhorn.csv"
"6610",1752478382537,23.3,2025-07-14 07:33:02.537,58,"Matterhorn.csv"
"6611",1752485643119,23.6,2025-07-14 09:34:03.119,57.8,"Matterhorn.csv"
"6612",1752492903411,23.9,2025-07-14 11:35:03.411,57.8,"Matterhorn.csv"
"6613",1752500163188,24.2,2025-07-14 13:36:03.188,57.5,"Matterhorn.csv"
"6614",1752507422961,24.1,2025-07-14 15:37:02.961,57.5,"Matterhorn.csv"
"6615",1752514683221,24.1,2025-07-14 17:38:03.221,57.3,"Matterhorn.csv"
"6616",1752521942926,23.9,2025-07-14 19:39:02.926,56.9,"Matterhorn.csv"
"6617",1752529203291,24,2025-07-14 21:40:03.291,57.9,"Matterhorn.csv"
"6618",1752536463469,24.1,2025-07-14 23:41:03.469,58.1,"Matterhorn.csv"
"6619",1752543723726,24.1,2025-07-15 01:42:03.726,58.5,"Matterhorn.csv"
"6620",1752550983595,24.1,2025-07-15 03:43:03.595,58.7,"Matterhorn.csv"
"6621",1752558243678,23.9,2025-07-15 05:44:03.678,60.3,"Matterhorn.csv"
"6622",1752565503810,23.6,2025-07-15 07:45:03.81,62,"Matterhorn.csv"
"6623",1752572762780,23.6,2025-07-15 09:46:02.78,62.3,"Matterhorn.csv"
"6624",1752580023161,23.7,2025-07-15 11:47:03.161,61.6,"Matterhorn.csv"
"6625",1752587283784,23.7,2025-07-15 13:48:03.784,61.7,"Matterhorn.csv"
"6626",1752594543078,23.7,2025-07-15 15:49:03.078,61.1,"Matterhorn.csv"
"6627",1752601803495,23.7,2025-07-15 17:50:03.495,60.8,"Matterhorn.csv"
"6628",1752609063501,23.5,2025-07-15 19:51:03.501,60.2,"Matterhorn.csv"
"6629",1752616323540,23.4,2025-07-15 21:52:03.54,59.9,"Matterhorn.csv"
"6630",1752623583104,23.4,2025-07-15 23:53:03.104,59.5,"Matterhorn.csv"
"6631",1752630842855,23.3,2025-07-16 01:54:02.855,59.1,"Matterhorn.csv"
"6632",1752638103368,23.2,2025-07-16 03:55:03.368,58.6,"Matterhorn.csv"
"6633",1752645362870,23.1,2025-07-16 05:56:02.87,58.3,"Matterhorn.csv"
"6634",1752652622611,23.2,2025-07-16 07:57:02.611,57.7,"Matterhorn.csv"
"6635",1752659883695,23.1,2025-07-16 09:58:03.695,55.8,"Matterhorn.csv"
"6636",1752667146190,23.5,2025-07-16 11:59:06.19,55.8,"Matterhorn.csv"
"6637",1752674403085,23.3,2025-07-16 14:00:03.085,53.2,"Matterhorn.csv"
"6638",1752681663904,23.3,2025-07-16 16:01:03.904,54.4,"Matterhorn.csv"
"6639",1752688923280,23.3,2025-07-16 18:02:03.28,55,"Matterhorn.csv"
"6640",1752696183030,23.3,2025-07-16 20:03:03.03,55.2,"Matterhorn.csv"
"6641",1752703443421,23.3,2025-07-16 22:04:03.421,55.6,"Matterhorn.csv"
"6642",1752710703281,23.2,2025-07-17 00:05:03.281,55.5,"Matterhorn.csv"
"6643",1752717963470,23.2,2025-07-17 02:06:03.47,55.5,"Matterhorn.csv"
"6644",1752725223666,23.1,2025-07-17 04:07:03.666,55.5,"Matterhorn.csv"
"6645",1752732483866,23.1,2025-07-17 06:08:03.866,55.4,"Matterhorn.csv"
"6646",1752739744215,23,2025-07-17 08:09:04.215,55.2,"Matterhorn.csv"
"6647",1752747002386,23,2025-07-17 10:10:02.386,55.7,"Matterhorn.csv"
"6648",1752754263723,23,2025-07-17 12:11:03.723,55.8,"Matterhorn.csv"
"6649",1752761522311,23,2025-07-17 14:12:02.311,56.4,"Matterhorn.csv"
"6650",1752768783112,23,2025-07-17 16:13:03.112,56.9,"Matterhorn.csv"
"6651",1752776042610,23,2025-07-17 18:14:02.61,57.3,"Matterhorn.csv"
"6652",1752783303273,23,2025-07-17 20:15:03.273,57.6,"Matterhorn.csv"
"6653",1752790563289,23.1,2025-07-17 22:16:03.289,57.9,"Matterhorn.csv"
"6654",1752797823407,23.1,2025-07-18 00:17:03.407,58,"Matterhorn.csv"
"6655",1752805083778,23,2025-07-18 02:18:03.778,58.1,"Matterhorn.csv"
"6656",1752812343231,23,2025-07-18 04:19:03.231,58.3,"Matterhorn.csv"
"6657",1752819603447,23,2025-07-18 06:20:03.447,58.4,"Matterhorn.csv"
"6658",1752826862965,23.1,2025-07-18 08:21:02.965,58.3,"Matterhorn.csv"
"6659",1752834122661,23.3,2025-07-18 10:22:02.661,58.4,"Matterhorn.csv"
"6660",1752841383140,23.3,2025-07-18 12:23:03.14,58.2,"Matterhorn.csv"
"6661",1752848642493,23.4,2025-07-18 14:24:02.493,58.1,"Matterhorn.csv"
"6662",1752855903523,23.3,2025-07-18 16:25:03.523,57.9,"Matterhorn.csv"
"6663",1752863163322,23.4,2025-07-18 18:26:03.322,58.3,"Matterhorn.csv"
"6664",1752870423951,23.3,2025-07-18 20:27:03.951,58.9,"Matterhorn.csv"
"6665",1752877683998,23.3,2025-07-18 22:28:03.998,58.9,"Matterhorn.csv"
"6666",1752884945777,23.3,2025-07-19 00:29:05.777,58.9,"Matterhorn.csv"
"6667",1752892204588,23.3,2025-07-19 02:30:04.588,58.9,"Matterhorn.csv"
"6668",1752899463357,23.2,2025-07-19 04:31:03.357,58.9,"Matterhorn.csv"
"6669",1752906722558,23.2,2025-07-19 06:32:02.558,60.3,"Matterhorn.csv"
"6670",1752913983512,23.3,2025-07-19 08:33:03.512,60.6,"Matterhorn.csv"
"6671",1752921243466,23.7,2025-07-19 10:34:03.466,60,"Matterhorn.csv"
"6672",1752928503758,24,2025-07-19 12:35:03.758,59.1,"Matterhorn.csv"
"6673",1752935763502,24,2025-07-19 14:36:03.502,58.6,"Matterhorn.csv"
"6674",1752943023360,24,2025-07-19 16:37:03.36,57.9,"Matterhorn.csv"
"6675",1752950283498,24,2025-07-19 18:38:03.498,58.7,"Matterhorn.csv"
"6676",1752957543769,24.1,2025-07-19 20:39:03.769,59,"Matterhorn.csv"
"6677",1752964803560,24.1,2025-07-19 22:40:03.56,59.6,"Matterhorn.csv"
"6678",1752972063522,24.1,2025-07-20 00:41:03.522,59.7,"Matterhorn.csv"
"6679",1752979322107,24,2025-07-20 02:42:02.107,59.5,"Matterhorn.csv"
"6680",1752986583109,23.9,2025-07-20 04:43:03.109,59.9,"Matterhorn.csv"
"6681",1752993843580,24,2025-07-20 06:44:03.58,60.2,"Matterhorn.csv"
"6682",1753001103756,24.1,2025-07-20 08:45:03.756,60.5,"Matterhorn.csv"
"6683",1753008363187,24.5,2025-07-20 10:46:03.187,60,"Matterhorn.csv"
"6684",1753015623361,24.7,2025-07-20 12:47:03.361,59,"Matterhorn.csv"
"6685",1753022883046,24.7,2025-07-20 14:48:03.046,58.3,"Matterhorn.csv"
"6686",1753030143194,24.6,2025-07-20 16:49:03.194,58,"Matterhorn.csv"
"6687",1753037403202,24.6,2025-07-20 18:50:03.202,58.2,"Matterhorn.csv"
"6688",1753044663058,24.5,2025-07-20 20:51:03.058,58.4,"Matterhorn.csv"
"6689",1753051923643,24.5,2025-07-20 22:52:03.643,58.6,"Matterhorn.csv"
"6690",1753059183936,24.5,2025-07-21 00:53:03.936,58.6,"Matterhorn.csv"
"6691",1753066443903,24.4,2025-07-21 02:54:03.903,58.8,"Matterhorn.csv"
"6692",1753073703562,24.4,2025-07-21 04:55:03.562,59.2,"Matterhorn.csv"
"6693",1753080963798,24.5,2025-07-21 06:56:03.798,59.4,"Matterhorn.csv"
"6694",1753088223557,24.5,2025-07-21 08:57:03.557,60.2,"Matterhorn.csv"
"6695",1753095483255,24.4,2025-07-21 10:58:03.255,60.4,"Matterhorn.csv"
"6696",1753102743531,24.5,2025-07-21 12:59:03.531,64.3,"Matterhorn.csv"
"6697",1753110003823,24.4,2025-07-21 15:00:03.823,65.2,"Matterhorn.csv"
"6698",1753117263032,24.4,2025-07-21 17:01:03.032,64,"Matterhorn.csv"
"6699",1753124523127,24.4,2025-07-21 19:02:03.127,63.3,"Matterhorn.csv"
"6700",1753131782930,24.2,2025-07-21 21:03:02.93,61.2,"Matterhorn.csv"
"6701",1753139044102,24.2,2025-07-21 23:04:04.102,61.6,"Matterhorn.csv"
"6702",1753146303981,24.2,2025-07-22 01:05:03.981,61.3,"Matterhorn.csv"
"6703",1753153563278,24.1,2025-07-22 03:06:03.278,61.2,"Matterhorn.csv"
"6704",1753160823588,24,2025-07-22 05:07:03.588,61.1,"Matterhorn.csv"
"6705",1753168083376,23.7,2025-07-22 07:08:03.376,60.6,"Matterhorn.csv"
"6706",1753175343142,24,2025-07-22 09:09:03.142,61.2,"Matterhorn.csv"
"6707",1753189860047,24.2,2025-07-22 13:11:00.047,61.1,"Matterhorn.csv"
"6708",1753197123789,24.2,2025-07-22 15:12:03.789,61.4,"Matterhorn.csv"
"6709",1753204382611,24.2,2025-07-22 17:13:02.611,61.3,"Matterhorn.csv"
"6710",1753211644005,24.3,2025-07-22 19:14:04.005,62.6,"Matterhorn.csv"
"6711",1753218903061,24.3,2025-07-22 21:15:03.061,61.9,"Matterhorn.csv"
"6712",1753226162837,24.2,2025-07-22 23:16:02.837,61.4,"Matterhorn.csv"
"6713",1753233423080,24.1,2025-07-23 01:17:03.08,61,"Matterhorn.csv"
"6714",1753240683371,24,2025-07-23 03:18:03.371,61,"Matterhorn.csv"
"6715",1753247942815,24,2025-07-23 05:19:02.815,60.9,"Matterhorn.csv"
"6716",1753255203768,23.9,2025-07-23 07:20:03.768,60.9,"Matterhorn.csv"
"6717",1753262463853,23.8,2025-07-23 09:21:03.853,61.1,"Matterhorn.csv"
"6718",1753269723372,23.8,2025-07-23 11:22:03.372,61.1,"Matterhorn.csv"
"6719",1753276983472,23.9,2025-07-23 13:23:03.472,61.2,"Matterhorn.csv"
"6720",1753284243853,23.8,2025-07-23 15:24:03.853,61.1,"Matterhorn.csv"
"6721",1753291503810,23.8,2025-07-23 17:25:03.81,61.4,"Matterhorn.csv"
"6722",1753298762637,23.8,2025-07-23 19:26:02.637,61.4,"Matterhorn.csv"
"6723",1753306025032,23.8,2025-07-23 21:27:05.032,61.5,"Matterhorn.csv"
"6724",1753313283763,23.8,2025-07-23 23:28:03.763,61.5,"Matterhorn.csv"
"6725",1753320544071,23.7,2025-07-24 01:29:04.071,61.5,"Matterhorn.csv"
"6726",1753327803331,23.7,2025-07-24 03:30:03.331,61.4,"Matterhorn.csv"
"6727",1753335062917,23.6,2025-07-24 05:31:02.917,61.4,"Matterhorn.csv"
"6728",1753342322878,23.5,2025-07-24 07:32:02.878,61.9,"Matterhorn.csv"
"6729",1753349583181,23.6,2025-07-24 09:33:03.181,62.2,"Matterhorn.csv"
"6730",1753356842657,23.7,2025-07-24 11:34:02.657,62,"Matterhorn.csv"
"6731",1753364103418,23.7,2025-07-24 13:35:03.418,61.8,"Matterhorn.csv"
"6732",1753371363769,23.7,2025-07-24 15:36:03.769,62,"Matterhorn.csv"
"6733",1753378623442,23.7,2025-07-24 17:37:03.442,62.2,"Matterhorn.csv"
"6734",1753385883363,23.7,2025-07-24 19:38:03.363,62.4,"Matterhorn.csv"
"6735",1753393143245,23.7,2025-07-24 21:39:03.245,62.3,"Matterhorn.csv"
"6736",1753400403724,23.7,2025-07-24 23:40:03.724,62.2,"Matterhorn.csv"
"6737",1753407663418,23.6,2025-07-25 01:41:03.418,62.1,"Matterhorn.csv"
"6738",1753414923216,23.6,2025-07-25 03:42:03.216,62.3,"Matterhorn.csv"
"6739",1753422182753,23.6,2025-07-25 05:43:02.753,62.4,"Matterhorn.csv"
"6740",1753429443159,23.5,2025-07-25 07:44:03.159,64.1,"Matterhorn.csv"
"6741",1753436703057,23.7,2025-07-25 09:45:03.057,64.4,"Matterhorn.csv"
"6742",1753443963823,23.8,2025-07-25 11:46:03.823,65.6,"Matterhorn.csv"
"6743",1753451223771,23.9,2025-07-25 13:47:03.771,65.6,"Matterhorn.csv"
"6744",1753458483419,23.9,2025-07-25 15:48:03.419,65.2,"Matterhorn.csv"
"6745",1753465745832,23.9,2025-07-25 17:49:05.832,64.9,"Matterhorn.csv"
"6746",1753473003380,23.8,2025-07-25 19:50:03.38,64.7,"Matterhorn.csv"
"6747",1753480263487,23.8,2025-07-25 21:51:03.487,64.5,"Matterhorn.csv"
"6748",1753487523559,23.8,2025-07-25 23:52:03.559,64.5,"Matterhorn.csv"
"6749",1753494782704,23.7,2025-07-26 01:53:02.704,64.5,"Matterhorn.csv"
"6750",1753502043861,23.7,2025-07-26 03:54:03.861,64.4,"Matterhorn.csv"
"6751",1753509303575,23.5,2025-07-26 05:55:03.575,64.5,"Matterhorn.csv"
"6752",1753516563060,23.6,2025-07-26 07:56:03.06,64.9,"Matterhorn.csv"
"6753",1753523824530,23.6,2025-07-26 09:57:04.53,64.3,"Matterhorn.csv"
"6754",1753531083266,23.6,2025-07-26 11:58:03.266,63.8,"Matterhorn.csv"
"6755",1753538342867,23.6,2025-07-26 13:59:02.867,63.4,"Matterhorn.csv"
"6756",1753545603271,23.6,2025-07-26 16:00:03.271,63.2,"Matterhorn.csv"
"6757",1753552862936,23.5,2025-07-26 18:01:02.936,63,"Matterhorn.csv"
"6758",1753560122498,23.5,2025-07-26 20:02:02.498,62.8,"Matterhorn.csv"
"6759",1753567383537,23.5,2025-07-26 22:03:03.537,62.6,"Matterhorn.csv"
"6760",1753574642660,23.4,2025-07-27 00:04:02.66,62.6,"Matterhorn.csv"
"6761",1753581902838,23.4,2025-07-27 02:05:02.838,62.6,"Matterhorn.csv"
"6762",1753589163780,23.3,2025-07-27 04:06:03.78,62.6,"Matterhorn.csv"
"6763",1753596423210,23.3,2025-07-27 06:07:03.21,62.6,"Matterhorn.csv"
"6764",1753603683200,23.3,2025-07-27 08:08:03.2,62.8,"Matterhorn.csv"
"6765",1753610943611,23.5,2025-07-27 10:09:03.611,64,"Matterhorn.csv"
"6766",1753618203277,23.9,2025-07-27 12:10:03.277,63.6,"Matterhorn.csv"
"6767",1753625463046,23.9,2025-07-27 14:11:03.046,63.2,"Matterhorn.csv"
"6768",1753632722906,23.9,2025-07-27 16:12:02.906,63.3,"Matterhorn.csv"
"6769",1753639982830,23.9,2025-07-27 18:13:02.83,63,"Matterhorn.csv"
"6770",1753647243708,23.8,2025-07-27 20:14:03.708,63.4,"Matterhorn.csv"
"6771",1753654504140,23.8,2025-07-27 22:15:04.14,63.2,"Matterhorn.csv"
"6772",1753661764515,23.8,2025-07-28 00:16:04.515,63.3,"Matterhorn.csv"
"6773",1753669023723,23.7,2025-07-28 02:17:03.723,63.3,"Matterhorn.csv"
"6774",1753676284505,23.7,2025-07-28 04:18:04.505,63.2,"Matterhorn.csv"
"6775",1753683543389,23.5,2025-07-28 06:19:03.389,64.9,"Matterhorn.csv"
"6776",1753690803463,23.6,2025-07-28 08:20:03.463,64.4,"Matterhorn.csv"
"6777",1753698063209,23.8,2025-07-28 10:21:03.209,63.9,"Matterhorn.csv"
"6778",1753705323546,24,2025-07-28 12:22:03.546,63.5,"Matterhorn.csv"
"6779",1753712583929,23.9,2025-07-28 14:23:03.929,63.3,"Matterhorn.csv"
"6780",1753719843267,23.8,2025-07-28 16:24:03.267,62.9,"Matterhorn.csv"
"6781",1753727103671,23.8,2025-07-28 18:25:03.671,62.5,"Matterhorn.csv"
"6782",1753734363402,23.7,2025-07-28 20:26:03.402,62.1,"Matterhorn.csv"
"6783",1753741623424,23.6,2025-07-28 22:27:03.424,61.8,"Matterhorn.csv"
"6784",1753748882976,23.5,2025-07-29 00:28:02.976,61.5,"Matterhorn.csv"
"6785",1753756143494,23.4,2025-07-29 02:29:03.494,61,"Matterhorn.csv"
"6786",1753763403952,23.4,2025-07-29 04:30:03.952,60.6,"Matterhorn.csv"
"6787",1753770663304,23.3,2025-07-29 06:31:03.304,60.4,"Matterhorn.csv"
"6788",1753777922973,23.4,2025-07-29 08:32:02.973,60.1,"Matterhorn.csv"
"6789",1753785186681,23.5,2025-07-29 10:33:06.681,59.6,"Matterhorn.csv"
"6790",1753792443625,23.7,2025-07-29 12:34:03.625,59.3,"Matterhorn.csv"
"6791",1753799703747,23.6,2025-07-29 14:35:03.747,59.1,"Matterhorn.csv"
"6792",1753806963039,23.5,2025-07-29 16:36:03.039,59,"Matterhorn.csv"
"6793",1753814223021,23.5,2025-07-29 18:37:03.021,58.7,"Matterhorn.csv"
"6794",1753821483157,23.4,2025-07-29 20:38:03.157,58.5,"Matterhorn.csv"
"6795",1753828743273,23.3,2025-07-29 22:39:03.273,58.2,"Matterhorn.csv"
"6796",1753836003928,23.2,2025-07-30 00:40:03.928,57.8,"Matterhorn.csv"
"6797",1753843267102,23.1,2025-07-30 02:41:07.102,57.5,"Matterhorn.csv"
"6798",1753850523188,23,2025-07-30 04:42:03.188,57.2,"Matterhorn.csv"
"6799",1753857783535,23,2025-07-30 06:43:03.535,57.2,"Matterhorn.csv"
"6800",1753865044139,23.1,2025-07-30 08:44:04.139,56.9,"Matterhorn.csv"
"6801",1753872304566,23.4,2025-07-30 10:45:04.566,56.4,"Matterhorn.csv"
"6802",1753879563310,23.6,2025-07-30 12:46:03.31,55.9,"Matterhorn.csv"
"6803",1753886823648,23.5,2025-07-30 14:47:03.648,55.6,"Matterhorn.csv"
"6804",1753894083856,23.5,2025-07-30 16:48:03.856,55.5,"Matterhorn.csv"
"6805",1753901342433,23.4,2025-07-30 18:49:02.433,55.2,"Matterhorn.csv"
"6806",1753908603986,23.3,2025-07-30 20:50:03.986,55.1,"Matterhorn.csv"
"6807",1753915862941,23.2,2025-07-30 22:51:02.941,55.1,"Matterhorn.csv"
"6808",1753923122626,23.1,2025-07-31 00:52:02.626,55.1,"Matterhorn.csv"
"6809",1753930383291,23,2025-07-31 02:53:03.291,55.3,"Matterhorn.csv"
"6810",1753937643435,23,2025-07-31 04:54:03.435,55.3,"Matterhorn.csv"
"6811",1753944903452,22.9,2025-07-31 06:55:03.452,55.4,"Matterhorn.csv"
"6812",1753952163115,23,2025-07-31 08:56:03.115,55.2,"Matterhorn.csv"
"6813",1753959423255,22.9,2025-07-31 10:57:03.255,55.2,"Matterhorn.csv"
"6814",1753966683871,23,2025-07-31 12:58:03.871,55.7,"Matterhorn.csv"
"6815",1753973943436,23,2025-07-31 14:59:03.436,56.2,"Matterhorn.csv"
"6816",1753981203519,23,2025-07-31 17:00:03.519,56.3,"Matterhorn.csv"
"6817",1753988464625,22.9,2025-07-31 19:01:04.625,56.3,"Matterhorn.csv"
"6818",1753995723939,22.9,2025-07-31 21:02:03.939,56.3,"Matterhorn.csv"
"6819",1754002982776,22.8,2025-07-31 23:03:02.776,56.2,"Matterhorn.csv"
"6820",1754010244321,22.8,2025-08-01 01:04:04.321,56.3,"Matterhorn.csv"
"6821",1754017503283,22.7,2025-08-01 03:05:03.283,56.4,"Matterhorn.csv"
"6822",1754024763358,22.7,2025-08-01 05:06:03.358,56.5,"Matterhorn.csv"
"6823",1754032023033,22.7,2025-08-01 07:07:03.033,56.7,"Matterhorn.csv"
"6824",1754039282785,22.8,2025-08-01 09:08:02.785,56.8,"Matterhorn.csv"
"6825",1754046542710,22.9,2025-08-01 11:09:02.71,56.8,"Matterhorn.csv"
"6826",1754053803449,22.9,2025-08-01 13:10:03.449,56.9,"Matterhorn.csv"
"6827",1754061063584,23,2025-08-01 15:11:03.584,57,"Matterhorn.csv"
"6828",1754068323008,22.9,2025-08-01 17:12:03.008,57.1,"Matterhorn.csv"
"6829",1754075583075,22.9,2025-08-01 19:13:03.075,57,"Matterhorn.csv"
"6830",1754082843213,22.9,2025-08-01 21:14:03.213,57.1,"Matterhorn.csv"
"6831",1754090102575,22.8,2025-08-01 23:15:02.575,57.1,"Matterhorn.csv"
"6832",1754097363971,22.7,2025-08-02 01:16:03.971,57.2,"Matterhorn.csv"
"6833",1754104622968,22.7,2025-08-02 03:17:02.968,57.3,"Matterhorn.csv"
"6834",1754111883442,22.7,2025-08-02 05:18:03.442,57.4,"Matterhorn.csv"
"6835",1754119142870,22.7,2025-08-02 07:19:02.87,57.7,"Matterhorn.csv"
"6836",1754126402741,22.8,2025-08-02 09:20:02.741,57.6,"Matterhorn.csv"
"6837",1754133663403,23.1,2025-08-02 11:21:03.403,57.3,"Matterhorn.csv"
"6838",1754140923231,23.2,2025-08-02 13:22:03.231,57.3,"Matterhorn.csv"
"6839",1754148183275,23.2,2025-08-02 15:23:03.275,57.2,"Matterhorn.csv"
"6840",1754155443313,23.1,2025-08-02 17:24:03.313,56.9,"Matterhorn.csv"
"6841",1754162703396,23.1,2025-08-02 19:25:03.396,56.9,"Matterhorn.csv"
"6842",1754169964447,23,2025-08-02 21:26:04.447,56.9,"Matterhorn.csv"
"6843",1754177223683,22.9,2025-08-02 23:27:03.683,56.9,"Matterhorn.csv"
"6844",1754184483233,22.9,2025-08-03 01:28:03.233,57,"Matterhorn.csv"
"6845",1754191742928,22.8,2025-08-03 03:29:02.928,57,"Matterhorn.csv"
"6846",1754199003824,22.8,2025-08-03 05:30:03.824,57,"Matterhorn.csv"
"6847",1754206263245,22.8,2025-08-03 07:31:03.245,57,"Matterhorn.csv"
"6848",1754213523491,22.7,2025-08-03 09:32:03.491,57,"Matterhorn.csv"
"6849",1754220784042,22.9,2025-08-03 11:33:04.042,56.9,"Matterhorn.csv"
"6850",1754228043033,22.8,2025-08-03 13:34:03.033,56.6,"Matterhorn.csv"
"6851",1754235303176,22.8,2025-08-03 15:35:03.176,56.5,"Matterhorn.csv"
"6852",1754242563573,22.8,2025-08-03 17:36:03.573,56.5,"Matterhorn.csv"
"6853",1754249823957,22.7,2025-08-03 19:37:03.957,56.4,"Matterhorn.csv"
"6854",1754257083068,22.7,2025-08-03 21:38:03.068,56.2,"Matterhorn.csv"
"6855",1754264343057,22.6,2025-08-03 23:39:03.057,56.4,"Matterhorn.csv"
"6856",1754271603859,22.5,2025-08-04 01:40:03.859,56.5,"Matterhorn.csv"
"6857",1754278862810,22.5,2025-08-04 03:41:02.81,56.5,"Matterhorn.csv"
"6858",1754286123182,22.4,2025-08-04 05:42:03.182,56.6,"Matterhorn.csv"
"6859",1754293383416,22.4,2025-08-04 07:43:03.416,56.8,"Matterhorn.csv"
"6860",1754300643939,22.5,2025-08-04 09:44:03.939,57.1,"Matterhorn.csv"
"6861",1754307904520,22.7,2025-08-04 11:45:04.52,57.3,"Matterhorn.csv"
"6862",1754315162806,22.8,2025-08-04 13:46:02.806,57.6,"Matterhorn.csv"
"6863",1754322423260,22.8,2025-08-04 15:47:03.26,57.6,"Matterhorn.csv"
"6864",1754329683702,22.8,2025-08-04 17:48:03.702,57.3,"Matterhorn.csv"
"6865",1754336943033,22.7,2025-08-04 19:49:03.033,57.2,"Matterhorn.csv"
"6866",1754344203434,22.6,2025-08-04 21:50:03.434,57.1,"Matterhorn.csv"
"6867",1754351463499,22.6,2025-08-04 23:51:03.499,57,"Matterhorn.csv"
"6868",1754358723148,22.6,2025-08-05 01:52:03.148,57.1,"Matterhorn.csv"
"6869",1754365982755,22.6,2025-08-05 03:53:02.755,57.6,"Matterhorn.csv"
"6870",1754373243222,22.5,2025-08-05 05:54:03.222,58.1,"Matterhorn.csv"
"6871",1754380504111,22.6,2025-08-05 07:55:04.111,58.5,"Matterhorn.csv"
"6872",1754387763691,22.6,2025-08-05 09:56:03.691,58.6,"Matterhorn.csv"
"6873",1754395024288,22.6,2025-08-05 11:57:04.288,58.7,"Matterhorn.csv"
"6874",1754402282933,22.6,2025-08-05 13:58:02.933,58.7,"Matterhorn.csv"
"6875",1754409543329,22.6,2025-08-05 15:59:03.329,58.5,"Matterhorn.csv"
"6876",1754416803005,22.6,2025-08-05 18:00:03.005,58.2,"Matterhorn.csv"
"6877",1754424063429,22.5,2025-08-05 20:01:03.429,58.2,"Matterhorn.csv"
"6878",1754431323529,22.4,2025-08-05 22:02:03.529,58,"Matterhorn.csv"
"6879",1754438583476,22.4,2025-08-06 00:03:03.476,57.5,"Matterhorn.csv"
"6880",1754445844137,22.3,2025-08-06 02:04:04.137,57,"Matterhorn.csv"
"6881",1754453103528,22.2,2025-08-06 04:05:03.528,56.4,"Matterhorn.csv"
"6882",1754460363768,22.1,2025-08-06 06:06:03.768,56.1,"Matterhorn.csv"
"6883",1754467624177,22.1,2025-08-06 08:07:04.177,56,"Matterhorn.csv"
"6884",1754474883734,22.4,2025-08-06 10:08:03.734,55.6,"Matterhorn.csv"
"6885",1754482143573,22.6,2025-08-06 12:09:03.573,55.3,"Matterhorn.csv"
"6886",1754489402470,22.6,2025-08-06 14:10:02.47,55.2,"Matterhorn.csv"
"6887",1754496663042,22.5,2025-08-06 16:11:03.042,54.9,"Matterhorn.csv"
"6888",1754503923747,22.4,2025-08-06 18:12:03.747,54.7,"Matterhorn.csv"
"6889",1754511183117,22.3,2025-08-06 20:13:03.117,54.7,"Matterhorn.csv"
"6890",1754518442963,22.2,2025-08-06 22:14:02.963,54.7,"Matterhorn.csv"
"6891",1754525703235,22.2,2025-08-07 00:15:03.235,54.7,"Matterhorn.csv"
"6892",1754532962875,22.1,2025-08-07 02:16:02.875,54.6,"Matterhorn.csv"
"6893",1754540223707,22,2025-08-07 04:17:03.707,54.5,"Matterhorn.csv"
"6894",1754547483048,22,2025-08-07 06:18:03.048,54.4,"Matterhorn.csv"
"6895",1754554743699,22.1,2025-08-07 08:19:03.699,54.3,"Matterhorn.csv"
"6896",1754562003390,22.3,2025-08-07 10:20:03.39,54.1,"Matterhorn.csv"
"6897",1754569262969,22.5,2025-08-07 12:21:02.969,53.6,"Matterhorn.csv"
"6898",1754576523078,22.6,2025-08-07 14:22:03.078,53.3,"Matterhorn.csv"
"6899",1754583783492,22.5,2025-08-07 16:23:03.492,53.1,"Matterhorn.csv"
"6900",1754591043973,22.4,2025-08-07 18:24:03.973,53.3,"Matterhorn.csv"
"6901",1754598303615,22.4,2025-08-07 20:25:03.615,53.5,"Matterhorn.csv"
"6902",1754605562827,22.3,2025-08-07 22:26:02.827,53.6,"Matterhorn.csv"
"6903",1754612824282,22.3,2025-08-08 00:27:04.282,53.8,"Matterhorn.csv"
"6904",1754620082926,22.3,2025-08-08 02:28:02.926,53.8,"Matterhorn.csv"
"6905",1754627343074,22.3,2025-08-08 04:29:03.074,54,"Matterhorn.csv"
"6906",1754634603010,22.2,2025-08-08 06:30:03.01,54.2,"Matterhorn.csv"
"6907",1754641863020,22.3,2025-08-08 08:31:03.02,54.2,"Matterhorn.csv"
"6908",1754649123334,22.6,2025-08-08 10:32:03.334,54.1,"Matterhorn.csv"
"6909",1754656382902,22.8,2025-08-08 12:33:02.902,54,"Matterhorn.csv"
"6910",1754663642980,22.8,2025-08-08 14:34:02.98,54,"Matterhorn.csv"
"6911",1754670902958,22.7,2025-08-08 16:35:02.958,54.1,"Matterhorn.csv"
"6912",1754678163153,22.7,2025-08-08 18:36:03.153,54.3,"Matterhorn.csv"
"6913",1754685430485,22.7,2025-08-08 20:37:10.485,54.4,"Matterhorn.csv"
"6914",1754692682659,22.6,2025-08-08 22:38:02.659,54.7,"Matterhorn.csv"
"6915",1754699943457,22.6,2025-08-09 00:39:03.457,55,"Matterhorn.csv"
"6916",1754707203200,22.6,2025-08-09 02:40:03.2,55.1,"Matterhorn.csv"
"6917",1754714463501,22.6,2025-08-09 04:41:03.501,55.3,"Matterhorn.csv"
"6918",1754721723294,22.5,2025-08-09 06:42:03.294,55.4,"Matterhorn.csv"
"6919",1754728983998,22.7,2025-08-09 08:43:03.998,55.4,"Matterhorn.csv"
"6920",1754736243108,23,2025-08-09 10:44:03.108,55.3,"Matterhorn.csv"
"6921",1754743503709,23.2,2025-08-09 12:45:03.709,55.3,"Matterhorn.csv"
"6922",1754750765528,23.2,2025-08-09 14:46:05.528,55.5,"Matterhorn.csv"
"6923",1754758023821,23.1,2025-08-09 16:47:03.821,55.5,"Matterhorn.csv"
"6924",1754765284386,23.1,2025-08-09 18:48:04.386,55.5,"Matterhorn.csv"
"6925",1754772542980,23.1,2025-08-09 20:49:02.98,55.6,"Matterhorn.csv"
"6926",1754779802871,23.1,2025-08-09 22:50:02.871,55.8,"Matterhorn.csv"
"6927",1754787063576,23,2025-08-10 00:51:03.576,55.9,"Matterhorn.csv"
"6928",1754794323426,23,2025-08-10 02:52:03.426,56,"Matterhorn.csv"
"6929",1754801582723,23,2025-08-10 04:53:02.723,55.9,"Matterhorn.csv"
"6930",1754808843172,23,2025-08-10 06:54:03.172,55.9,"Matterhorn.csv"
"6931",1754816103517,23.1,2025-08-10 08:55:03.517,55.6,"Matterhorn.csv"
"6932",1754823363032,23.3,2025-08-10 10:56:03.032,55.5,"Matterhorn.csv"
"6933",1754830623924,23.4,2025-08-10 12:57:03.924,55.4,"Matterhorn.csv"
"6934",1754837882700,23.4,2025-08-10 14:58:02.7,55.4,"Matterhorn.csv"
"6935",1754845143603,23.4,2025-08-10 16:59:03.603,55.2,"Matterhorn.csv"
"6936",1754852404022,23.4,2025-08-10 19:00:04.022,55.2,"Matterhorn.csv"
"6937",1754859663310,23.3,2025-08-10 21:01:03.31,55.1,"Matterhorn.csv"
"6938",1754866923429,23.2,2025-08-10 23:02:03.429,55,"Matterhorn.csv"
"6939",1754874184685,23.2,2025-08-11 01:03:04.685,54.8,"Matterhorn.csv"
"6940",1754881443409,23.1,2025-08-11 03:04:03.409,54.6,"Matterhorn.csv"
"6941",1754888703181,23,2025-08-11 05:05:03.181,54.5,"Matterhorn.csv"
"6942",1749745086425,25.8,2025-06-12 16:18:06.425,51.6,"Montblanc.csv"
"6943",1749746884868,25.3,2025-06-12 16:48:04.868,47.3,"Montblanc.csv"
"6944",1749752523623,25,2025-06-12 18:22:03.623,47.6,"Montblanc.csv"
"6945",1749759781290,24.8,2025-06-12 20:23:01.29,47.6,"Montblanc.csv"
"6946",1749767040468,24.6,2025-06-12 22:24:00.468,47.4,"Montblanc.csv"
"6947",1749774317324,24.4,2025-06-13 00:25:17.324,47.4,"Montblanc.csv"
"6948",1749781561997,24.2,2025-06-13 02:26:01.997,46.9,"Montblanc.csv"
"6949",1749788821857,23.9,2025-06-13 04:27:01.857,46.7,"Montblanc.csv"
"6950",1749796092680,23.7,2025-06-13 06:28:12.68,45.2,"Montblanc.csv"
"6951",1749803341247,23.9,2025-06-13 08:29:01.247,46.1,"Montblanc.csv"
"6952",1749810603109,24,2025-06-13 10:30:03.109,46.4,"Montblanc.csv"
"6953",1749817861716,24.2,2025-06-13 12:31:01.716,47.1,"Montblanc.csv"
"6954",1749825122741,24.6,2025-06-13 14:32:02.741,47.4,"Montblanc.csv"
"6955",1749832379959,25.1,2025-06-13 16:32:59.959,47.5,"Montblanc.csv"
"6956",1749839641713,25.4,2025-06-13 18:34:01.713,47.2,"Montblanc.csv"
"6957",1749846901782,25.3,2025-06-13 20:35:01.782,46.9,"Montblanc.csv"
"6958",1749854161587,25.1,2025-06-13 22:36:01.587,46.6,"Montblanc.csv"
"6959",1749861422275,24.8,2025-06-14 00:37:02.275,45.9,"Montblanc.csv"
"6960",1749868683142,24.6,2025-06-14 02:38:03.142,45.2,"Montblanc.csv"
"6961",1749875941849,24.4,2025-06-14 04:39:01.849,45.4,"Montblanc.csv"
"6962",1749883202893,24.6,2025-06-14 06:40:02.893,46.4,"Montblanc.csv"
"6963",1749890461951,24.7,2025-06-14 08:41:01.951,45.3,"Montblanc.csv"
"6964",1749897723431,24.9,2025-06-14 10:42:03.431,44.7,"Montblanc.csv"
"6965",1749903603324,25.4,2025-06-14 12:20:03.324,42.5,"Montblanc.csv"
"6966",1749904984577,25.5,2025-06-14 12:43:04.577,42.8,"Montblanc.csv"
"6967",1749912242766,25.8,2025-06-14 14:44:02.766,45,"Montblanc.csv"
"6968",1749919261249,26.3,2025-06-14 16:41:01.249,45.7,"Montblanc.csv"
"6969",1749919504940,26.4,2025-06-14 16:45:04.94,45.7,"Montblanc.csv"
"6970",1749926762474,26.6,2025-06-14 18:46:02.474,46.1,"Montblanc.csv"
"6971",1749934020818,26.6,2025-06-14 20:47:00.818,46.3,"Montblanc.csv"
"6972",1749938582176,26.1,2025-06-14 22:03:02.176,43.4,"Montblanc.csv"
"6973",1749941284691,26.1,2025-06-14 22:48:04.691,44.4,"Montblanc.csv"
"6974",1749948543878,26.2,2025-06-15 00:49:03.878,45.7,"Montblanc.csv"
"6975",1749955800905,26.2,2025-06-15 02:50:00.905,46.6,"Montblanc.csv"
"6976",1749963073040,26.1,2025-06-15 04:51:13.04,46.8,"Montblanc.csv"
"6977",1749970320999,26.2,2025-06-15 06:52:00.999,47.1,"Montblanc.csv"
"6978",1749977581221,26.2,2025-06-15 08:53:01.221,46.3,"Montblanc.csv"
"6979",1749980583268,26.4,2025-06-15 09:43:03.268,51.3,"Montblanc.csv"
"6980",1749984844238,26.6,2025-06-15 10:54:04.238,51.4,"Montblanc.csv"
"6981",1749992101204,26.8,2025-06-15 12:55:01.204,50.3,"Montblanc.csv"
"6982",1749999361321,27.2,2025-06-15 14:56:01.321,49.4,"Montblanc.csv"
"6983",1750006621412,27.4,2025-06-15 16:57:01.412,50.5,"Montblanc.csv"
"6984",1750013282682,26.9,2025-06-15 18:48:02.682,50.6,"Montblanc.csv"
"6985",1750013883540,26.8,2025-06-15 18:58:03.54,50.8,"Montblanc.csv"
"6986",1750016942887,26.1,2025-06-15 19:49:02.887,51.9,"Montblanc.csv"
"6987",1750017784314,25.5,2025-06-15 20:03:04.314,52.9,"Montblanc.csv"
"6988",1750018447279,25,2025-06-15 20:14:07.279,54.7,"Montblanc.csv"
"6989",1750018745391,24.4,2025-06-15 20:19:05.391,55.5,"Montblanc.csv"
"6990",1750021143375,24.9,2025-06-15 20:59:03.375,54.5,"Montblanc.csv"
"6991",1750023542931,25.4,2025-06-15 21:39:02.931,53.6,"Montblanc.csv"
"6992",1750028404328,25.7,2025-06-15 23:00:04.328,52.1,"Montblanc.csv"
"6993",1750035661560,25.7,2025-06-16 01:01:01.56,50.8,"Montblanc.csv"
"6994",1750042921113,25.5,2025-06-16 03:02:01.113,50.5,"Montblanc.csv"
"6995",1750050182799,25.2,2025-06-16 05:03:02.799,49.3,"Montblanc.csv"
"6996",1750050723949,24.6,2025-06-16 05:12:03.949,46.9,"Montblanc.csv"
"6997",1750051325353,24,2025-06-16 05:22:05.353,48.1,"Montblanc.csv"
"6998",1750051983363,23,2025-06-16 05:33:03.363,48.3,"Montblanc.csv"
"6999",1750053785656,22.5,2025-06-16 06:03:05.656,48.8,"Montblanc.csv"
"7000",1750054983090,23,2025-06-16 06:23:03.09,49.6,"Montblanc.csv"
"7001",1750056543092,23.5,2025-06-16 06:49:03.092,49.6,"Montblanc.csv"
"7002",1750057444569,23.7,2025-06-16 07:04:04.569,49.2,"Montblanc.csv"
"7003",1750061342729,24.2,2025-06-16 08:09:02.729,49.6,"Montblanc.csv"
"7004",1750064703020,24.4,2025-06-16 09:05:03.02,49.1,"Montblanc.csv"
"7005",1750071960695,24.7,2025-06-16 11:06:00.695,49.2,"Montblanc.csv"
"7006",1750079232270,24.8,2025-06-16 13:07:12.27,50.1,"Montblanc.csv"
"7007",1750086482929,25.1,2025-06-16 15:08:02.929,50.6,"Montblanc.csv"
"7008",1750093739962,25.3,2025-06-16 17:08:59.962,50.9,"Montblanc.csv"
"7009",1750101001780,25.5,2025-06-16 19:10:01.78,50.3,"Montblanc.csv"
"7010",1750108263367,25.4,2025-06-16 21:11:03.367,49.6,"Montblanc.csv"
"7011",1750115518518,25.4,2025-06-16 23:11:58.518,49.7,"Montblanc.csv"
"7012",1750122780628,25.3,2025-06-17 01:13:00.628,49.1,"Montblanc.csv"
"7013",1750130042056,25.2,2025-06-17 03:14:02.056,48.6,"Montblanc.csv"
"7014",1750137304137,25,2025-06-17 05:15:04.137,47.5,"Montblanc.csv"
"7015",1750144562586,25,2025-06-17 07:16:02.586,48.8,"Montblanc.csv"
"7016",1750151820548,25.2,2025-06-17 09:17:00.548,49.9,"Montblanc.csv"
"7017",1750159082608,25.3,2025-06-17 11:18:02.608,49.8,"Montblanc.csv"
"7018",1750166341067,25.4,2025-06-17 13:19:01.067,49.8,"Montblanc.csv"
"7019",1750173421275,25.9,2025-06-17 15:17:01.275,50.4,"Montblanc.csv"
"7020",1750173604068,25.9,2025-06-17 15:20:04.068,50.3,"Montblanc.csv"
"7021",1750180863013,26.4,2025-06-17 17:21:03.013,50.1,"Montblanc.csv"
"7022",1750188118552,26.5,2025-06-17 19:21:58.552,49.7,"Montblanc.csv"
"7023",1750195320911,26.5,2025-06-17 21:22:00.911,48.8,"Montblanc.csv"
"7024",1750202586834,26.2,2025-06-17 23:23:06.834,48.1,"Montblanc.csv"
"7025",1750209841498,26,2025-06-18 01:24:01.498,47.4,"Montblanc.csv"
"7026",1750217102469,25.9,2025-06-18 03:25:02.469,47,"Montblanc.csv"
"7027",1750224362803,25.7,2025-06-18 05:26:02.803,46.9,"Montblanc.csv"
"7028",1750228084071,25.2,2025-06-18 06:28:04.071,47.2,"Montblanc.csv"
"7029",1750231623563,25.4,2025-06-18 07:27:03.563,50,"Montblanc.csv"
"7030",1750238881377,25.8,2025-06-18 09:28:01.377,49.4,"Montblanc.csv"
"7031",1750246140987,25.9,2025-06-18 11:29:00.987,49.3,"Montblanc.csv"
"7032",1750253402711,26.1,2025-06-18 13:30:02.711,50,"Montblanc.csv"
"7033",1750260661095,26.5,2025-06-18 15:31:01.095,49.4,"Montblanc.csv"
"7034",1750267920648,26.7,2025-06-18 17:32:00.648,49.3,"Montblanc.csv"
"7035",1750275181433,26.6,2025-06-18 19:33:01.433,47.1,"Montblanc.csv"
"7036",1750282440393,26.4,2025-06-18 21:34:00.393,45.8,"Montblanc.csv"
"7037",1750289700674,26.4,2025-06-18 23:35:00.674,46.8,"Montblanc.csv"
"7038",1750296962886,26.2,2025-06-19 01:36:02.886,46.3,"Montblanc.csv"
"7039",1750304221416,25.8,2025-06-19 03:37:01.416,45.6,"Montblanc.csv"
"7040",1750308902512,25.3,2025-06-19 04:55:02.512,44.5,"Montblanc.csv"
"7041",1750310103464,24.7,2025-06-19 05:15:03.464,43.6,"Montblanc.csv"
"7042",1750310343754,24.2,2025-06-19 05:19:03.754,43.3,"Montblanc.csv"
"7043",1750311483678,23.7,2025-06-19 05:38:03.678,44.4,"Montblanc.csv"
"7044",1750312683552,23.2,2025-06-19 05:58:03.552,44.8,"Montblanc.csv"
"7045",1750313463783,22.7,2025-06-19 06:11:03.783,45,"Montblanc.csv"
"7046",1750315204080,23.2,2025-06-19 06:40:04.08,46,"Montblanc.csv"
"7047",1750316524826,23.7,2025-06-19 07:02:04.826,46.5,"Montblanc.csv"
"7048",1750318744091,24.2,2025-06-19 07:39:04.091,46.8,"Montblanc.csv"
"7049",1750323798364,24.7,2025-06-19 09:03:18.364,46.7,"Montblanc.csv"
"7050",1750326002812,24.8,2025-06-19 09:40:02.812,46.5,"Montblanc.csv"
"7051",1750333267174,24.9,2025-06-19 11:41:07.174,46.2,"Montblanc.csv"
"7052",1750340521187,25,2025-06-19 13:42:01.187,46.2,"Montblanc.csv"
"7053",1750347796918,25.3,2025-06-19 15:43:16.918,46.4,"Montblanc.csv"
"7054",1750355040590,25.7,2025-06-19 17:44:00.59,46.4,"Montblanc.csv"
"7055",1750362302760,25.7,2025-06-19 19:45:02.76,46.3,"Montblanc.csv"
"7056",1750369563034,25.3,2025-06-19 21:46:03.034,42.5,"Montblanc.csv"
"7057",1750376821292,25.1,2025-06-19 23:47:01.292,41.8,"Montblanc.csv"
"7058",1750384081501,24.8,2025-06-20 01:48:01.501,41.3,"Montblanc.csv"
"7059",1750391341996,24.6,2025-06-20 03:49:01.996,41,"Montblanc.csv"
"7060",1750398600851,24.4,2025-06-20 05:50:00.851,40.9,"Montblanc.csv"
"7061",1750405861365,24.4,2025-06-20 07:51:01.365,42.2,"Montblanc.csv"
"7062",1750413134346,24.6,2025-06-20 09:52:14.346,42.6,"Montblanc.csv"
"7063",1750420380766,24.6,2025-06-20 11:53:00.766,43.2,"Montblanc.csv"
"7064",1750427642822,24.8,2025-06-20 13:54:02.822,43.9,"Montblanc.csv"
"7065",1750433462725,25.4,2025-06-20 15:31:02.725,44.3,"Montblanc.csv"
"7066",1750434903716,25.5,2025-06-20 15:55:03.716,44.3,"Montblanc.csv"
"7067",1750441142673,26,2025-06-20 17:39:02.673,44.2,"Montblanc.csv"
"7068",1750442164260,26,2025-06-20 17:56:04.26,44.1,"Montblanc.csv"
"7069",1750449423721,26,2025-06-20 19:57:03.721,44.1,"Montblanc.csv"
"7070",1750456682283,25.6,2025-06-20 21:58:02.283,42.5,"Montblanc.csv"
"7071",1750463941763,25.4,2025-06-20 23:59:01.763,41.8,"Montblanc.csv"
"7072",1750471203827,25.1,2025-06-21 02:00:03.827,41.3,"Montblanc.csv"
"7073",1750485717223,24.6,2025-06-21 06:01:57.223,41,"Montblanc.csv"
"7074",1750500058480,24.9,2025-06-21 10:00:58.48,44.8,"Montblanc.csv"
"7075",1750500183720,25,2025-06-21 10:03:03.72,44.8,"Montblanc.csv"
"7076",1750507441783,25.1,2025-06-21 12:04:01.783,44.7,"Montblanc.csv"
"7077",1750514700212,25.4,2025-06-21 14:05:00.212,44.4,"Montblanc.csv"
"7078",1750521902155,26,2025-06-21 16:05:02.155,44.6,"Montblanc.csv"
"7079",1750529163047,26.5,2025-06-21 18:06:03.047,44.7,"Montblanc.csv"
"7080",1750536429103,26.5,2025-06-21 20:07:09.103,44.5,"Montblanc.csv"
"7081",1750543680995,26.4,2025-06-21 22:08:00.995,43.8,"Montblanc.csv"
"7082",1750550949072,26.3,2025-06-22 00:09:09.072,44.5,"Montblanc.csv"
"7083",1750558203371,26.2,2025-06-22 02:10:03.371,45,"Montblanc.csv"
"7084",1750565461443,26.2,2025-06-22 04:11:01.443,45.1,"Montblanc.csv"
"7085",1750572723245,26.2,2025-06-22 06:12:03.245,45,"Montblanc.csv"
"7086",1750579982220,26.2,2025-06-22 08:13:02.22,46.2,"Montblanc.csv"
"7087",1750587241709,26.4,2025-06-22 10:14:01.709,45.5,"Montblanc.csv"
"7088",1750594502739,26.7,2025-06-22 12:15:02.739,47,"Montblanc.csv"
"7089",1750601762373,27.1,2025-06-22 14:16:02.373,46.3,"Montblanc.csv"
"7090",1750607404170,27.6,2025-06-22 15:50:04.17,46.2,"Montblanc.csv"
"7091",1750609023981,27.8,2025-06-22 16:17:03.981,46.3,"Montblanc.csv"
"7092",1750616282813,28,2025-06-22 18:18:02.813,46.6,"Montblanc.csv"
"7093",1750620063224,28,2025-06-22 19:21:03.224,41.5,"Montblanc.csv"
"7094",1750623543516,27.8,2025-06-22 20:19:03.516,39.5,"Montblanc.csv"
"7095",1750630801475,27.6,2025-06-22 22:20:01.475,41.1,"Montblanc.csv"
"7096",1750638060857,27.6,2025-06-23 00:21:00.857,42.8,"Montblanc.csv"
"7097",1750645326596,27.6,2025-06-23 02:22:06.596,43,"Montblanc.csv"
"7098",1750652580223,27.6,2025-06-23 04:23:00.223,43.5,"Montblanc.csv"
"7099",1750654269115,27,2025-06-23 04:51:09.115,46.4,"Montblanc.csv"
"7100",1750655343321,26.5,2025-06-23 05:09:03.321,47.4,"Montblanc.csv"
"7101",1750659844242,26.2,2025-06-23 06:24:04.242,49.3,"Montblanc.csv"
"7102",1750662843130,26.7,2025-06-23 07:14:03.13,47.3,"Montblanc.csv"
"7103",1750667108860,27,2025-06-23 08:25:08.86,46.8,"Montblanc.csv"
"7104",1750674361684,27.3,2025-06-23 10:26:01.684,45.8,"Montblanc.csv"
"7105",1750681622392,27.3,2025-06-23 12:27:02.392,46.2,"Montblanc.csv"
"7106",1750688882334,27.4,2025-06-23 14:28:02.334,46.1,"Montblanc.csv"
"7107",1750696143144,27.4,2025-06-23 16:29:03.144,45.4,"Montblanc.csv"
"7108",1750701242342,27.3,2025-06-23 17:54:02.342,38.2,"Montblanc.csv"
"7109",1750701364017,26.6,2025-06-23 17:56:04.017,37.9,"Montblanc.csv"
"7110",1750701485483,26.1,2025-06-23 17:58:05.483,37.2,"Montblanc.csv"
"7111",1750701664033,25.5,2025-06-23 18:01:04.033,39.2,"Montblanc.csv"
"7112",1750702266285,24.9,2025-06-23 18:11:06.285,39.6,"Montblanc.csv"
"7113",1750702624375,24.4,2025-06-23 18:17:04.375,40.1,"Montblanc.csv"
"7114",1750703404069,24.4,2025-06-23 18:30:04.069,40.3,"Montblanc.csv"
"7115",1750704423670,23.9,2025-06-23 18:47:03.67,39.5,"Montblanc.csv"
"7116",1750705204677,23.4,2025-06-23 19:00:04.677,40,"Montblanc.csv"
"7117",1750705923658,22.8,2025-06-23 19:12:03.658,38.8,"Montblanc.csv"
"7118",1750708803668,22.3,2025-06-23 20:00:03.668,39.9,"Montblanc.csv"
"7119",1750709225856,22.9,2025-06-23 20:07:05.856,41.4,"Montblanc.csv"
"7120",1750710669451,23.3,2025-06-23 20:31:09.451,41.4,"Montblanc.csv"
"7121",1750713124499,23.8,2025-06-23 21:12:04.499,41.3,"Montblanc.csv"
"7122",1750717921578,24.1,2025-06-23 22:32:01.578,40.6,"Montblanc.csv"
"7123",1750725180584,24,2025-06-24 00:33:00.584,40,"Montblanc.csv"
"7124",1750732442824,23.8,2025-06-24 02:34:02.824,40.2,"Montblanc.csv"
"7125",1750739701817,23.9,2025-06-24 04:35:01.817,41.6,"Montblanc.csv"
"7126",1750743063187,23.4,2025-06-24 05:31:03.187,40.3,"Montblanc.csv"
"7127",1750746962446,23.4,2025-06-24 06:36:02.446,41,"Montblanc.csv"
"7128",1750749123159,22.7,2025-06-24 07:12:03.159,39.2,"Montblanc.csv"
"7129",1750750504447,22.2,2025-06-24 07:35:04.447,40.3,"Montblanc.csv"
"7130",1750754222786,21.9,2025-06-24 08:37:02.786,40.5,"Montblanc.csv"
"7131",1750755548447,22.4,2025-06-24 08:59:08.447,42.9,"Montblanc.csv"
"7132",1750757644458,22.9,2025-06-24 09:34:04.458,43.7,"Montblanc.csv"
"7133",1750761485295,23.3,2025-06-24 10:38:05.295,42.7,"Montblanc.csv"
"7134",1750768748168,23.7,2025-06-24 12:39:08.168,42.2,"Montblanc.csv"
"7135",1750776001227,24.1,2025-06-24 14:40:01.227,43.1,"Montblanc.csv"
"7136",1750783262823,24.4,2025-06-24 16:41:02.823,43,"Montblanc.csv"
"7137",1750790522071,24.6,2025-06-24 18:42:02.071,43.1,"Montblanc.csv"
"7138",1750796881894,24,2025-06-24 20:28:01.894,43.9,"Montblanc.csv"
"7139",1750797783242,24.1,2025-06-24 20:43:03.242,44.3,"Montblanc.csv"
"7140",1750805040931,24.4,2025-06-24 22:44:00.931,44.5,"Montblanc.csv"
"7141",1750812317341,24.6,2025-06-25 00:45:17.341,44.9,"Montblanc.csv"
"7142",1750819561380,24.6,2025-06-25 02:46:01.38,45.3,"Montblanc.csv"
"7143",1750826823050,24.7,2025-06-25 04:47:03.05,45.5,"Montblanc.csv"
"7144",1750832939350,24.7,2025-06-25 06:28:59.35,50.6,"Montblanc.csv"
"7145",1750834083674,24.7,2025-06-25 06:48:03.674,50.3,"Montblanc.csv"
"7146",1750841340932,24.8,2025-06-25 08:49:00.932,49.3,"Montblanc.csv"
"7147",1750848601054,24.8,2025-06-25 10:50:01.054,49.6,"Montblanc.csv"
"7148",1750855862725,25,2025-06-25 12:51:02.725,49.7,"Montblanc.csv"
"7149",1750863121764,25.3,2025-06-25 14:52:01.764,49.4,"Montblanc.csv"
"7150",1750870396698,25.7,2025-06-25 16:53:16.698,49.2,"Montblanc.csv"
"7151",1750877641480,25.9,2025-06-25 18:54:01.48,48.7,"Montblanc.csv"
"7152",1750884901520,25.9,2025-06-25 20:55:01.52,48.2,"Montblanc.csv"
"7153",1750892161514,25.8,2025-06-25 22:56:01.514,48,"Montblanc.csv"
"7154",1750899421782,25.7,2025-06-26 00:57:01.782,47.6,"Montblanc.csv"
"7155",1750906681869,25.5,2025-06-26 02:58:01.869,47.3,"Montblanc.csv"
"7156",1750913941837,25.4,2025-06-26 04:59:01.837,47.1,"Montblanc.csv"
"7157",1750921201850,25.4,2025-06-26 07:00:01.85,47.4,"Montblanc.csv"
"7158",1750928461250,25.6,2025-06-26 09:01:01.25,48.1,"Montblanc.csv"
"7159",1750935723015,25.7,2025-06-26 11:02:03.015,48.2,"Montblanc.csv"
"7160",1750942982040,26,2025-06-26 13:03:02.04,48.6,"Montblanc.csv"
"7161",1750950008401,26.5,2025-06-26 15:00:08.401,49.2,"Montblanc.csv"
"7162",1750950245830,26.5,2025-06-26 15:04:05.83,49.1,"Montblanc.csv"
"7163",1750957501542,26.8,2025-06-26 17:05:01.542,50.9,"Montblanc.csv"
"7164",1750957863608,26.3,2025-06-26 17:11:03.608,52.8,"Montblanc.csv"
"7165",1750959543045,25.9,2025-06-26 17:39:03.045,59.1,"Montblanc.csv"
"7166",1750963862351,25.3,2025-06-26 18:51:02.351,57.4,"Montblanc.csv"
"7167",1750964775223,25.4,2025-06-26 19:06:15.223,56.2,"Montblanc.csv"
"7168",1750969922256,24.9,2025-06-26 20:32:02.256,59.6,"Montblanc.csv"
"7169",1750972023451,25.4,2025-06-26 21:07:03.451,57.1,"Montblanc.csv"
"7170",1750977062513,25.9,2025-06-26 22:31:02.513,55.3,"Montblanc.csv"
"7171",1750979284002,26,2025-06-26 23:08:04.002,54.8,"Montblanc.csv"
"7172",1750986552969,26.1,2025-06-27 01:09:12.969,53.5,"Montblanc.csv"
"7173",1750993802410,26.2,2025-06-27 03:10:02.41,53,"Montblanc.csv"
"7174",1751000521512,25.4,2025-06-27 05:02:01.512,53.2,"Montblanc.csv"
"7175",1751001064337,25.2,2025-06-27 05:11:04.337,54,"Montblanc.csv"
"7176",1751001784330,24.7,2025-06-27 05:23:04.33,55.4,"Montblanc.csv"
"7177",1751002323896,24.1,2025-06-27 05:32:03.896,56.6,"Montblanc.csv"
"7178",1751004003650,23.5,2025-06-27 06:00:03.65,58.2,"Montblanc.csv"
"7179",1751008322739,23.3,2025-06-27 07:12:02.739,57,"Montblanc.csv"
"7180",1751011265846,23.4,2025-06-27 08:01:05.846,51.9,"Montblanc.csv"
"7181",1751015583238,23,2025-06-27 09:13:03.238,52,"Montblanc.csv"
"7182",1751018163819,22.4,2025-06-27 09:56:03.819,47.4,"Montblanc.csv"
"7183",1751020502930,22,2025-06-27 10:35:02.93,52.7,"Montblanc.csv"
"7184",1751020869445,22.5,2025-06-27 10:41:09.445,52.3,"Montblanc.csv"
"7185",1751022063439,23,2025-06-27 11:01:03.439,52.6,"Montblanc.csv"
"7186",1751022844100,23.3,2025-06-27 11:14:04.1,52.7,"Montblanc.csv"
"7187",1751025303463,23.8,2025-06-27 11:55:03.463,53.1,"Montblanc.csv"
"7188",1751028902352,24.3,2025-06-27 12:55:02.352,53.9,"Montblanc.csv"
"7189",1751030104131,24.5,2025-06-27 13:15:04.131,55.9,"Montblanc.csv"
"7190",1751044619653,25,2025-06-27 17:16:59.653,52.9,"Montblanc.csv"
"7191",1751051821763,25,2025-06-27 19:17:01.763,52,"Montblanc.csv"
"7192",1751059083270,25,2025-06-27 21:18:03.27,51.2,"Montblanc.csv"
"7193",1751066341440,24.7,2025-06-27 23:19:01.44,48.1,"Montblanc.csv"
"7194",1751073601372,24.4,2025-06-28 01:20:01.372,48.2,"Montblanc.csv"
"7195",1751080874575,24.3,2025-06-28 03:21:14.575,48.6,"Montblanc.csv"
"7196",1751095377700,24.4,2025-06-28 07:22:57.7,48.4,"Montblanc.csv"
"7197",1751102101227,24.6,2025-06-28 09:15:01.227,53.6,"Montblanc.csv"
"7198",1751102584232,24.6,2025-06-28 09:23:04.232,53.8,"Montblanc.csv"
"7199",1751107866276,25.1,2025-06-28 10:51:06.276,51.7,"Montblanc.csv"
"7200",1751109842985,25.4,2025-06-28 11:24:02.985,52.2,"Montblanc.csv"
"7201",1751114162684,25.9,2025-06-28 12:36:02.684,53.4,"Montblanc.csv"
"7202",1751117102916,26,2025-06-28 13:25:02.916,53.6,"Montblanc.csv"
"7203",1751124360707,26.1,2025-06-28 15:26:00.707,54.5,"Montblanc.csv"
"7204",1751131621003,26.4,2025-06-28 17:27:01.003,55.9,"Montblanc.csv"
"7205",1751138882918,26.4,2025-06-28 19:28:02.918,54.8,"Montblanc.csv"
"7206",1751145361876,25.9,2025-06-28 21:16:01.876,57.2,"Montblanc.csv"
"7207",1751146145067,25.9,2025-06-28 21:29:05.067,57.8,"Montblanc.csv"
"7208",1751153400837,26.1,2025-06-28 23:30:00.837,56.8,"Montblanc.csv"
"7209",1751160661337,26.1,2025-06-29 01:31:01.337,55.8,"Montblanc.csv"
"7210",1751167922236,26.2,2025-06-29 03:32:02.236,55.4,"Montblanc.csv"
"7211",1751175182405,26.2,2025-06-29 05:33:02.405,55,"Montblanc.csv"
"7212",1751176263287,25.6,2025-06-29 05:51:03.287,57.7,"Montblanc.csv"
"7213",1751182441843,26,2025-06-29 07:34:01.843,56.2,"Montblanc.csv"
"7214",1751189700983,26.3,2025-06-29 09:35:00.983,56.2,"Montblanc.csv"
"7215",1751196961544,26.5,2025-06-29 11:36:01.544,59.3,"Montblanc.csv"
"7216",1751204222574,26.7,2025-06-29 13:37:02.574,58.6,"Montblanc.csv"
"7217",1751211481412,26.9,2025-06-29 15:38:01.412,57.4,"Montblanc.csv"
"7218",1751218743273,27.1,2025-06-29 17:39:03.273,56.7,"Montblanc.csv"
"7219",1751221803819,27,2025-06-29 18:30:03.819,43.1,"Montblanc.csv"
"7220",1751222043943,26.7,2025-06-29 18:34:03.943,36.7,"Montblanc.csv"
"7221",1751223079811,26.1,2025-06-29 18:51:19.811,33,"Montblanc.csv"
"7222",1751224623719,25.6,2025-06-29 19:17:03.719,32.6,"Montblanc.csv"
"7223",1751226004025,25.4,2025-06-29 19:40:04.025,37,"Montblanc.csv"
"7224",1751229963524,24.9,2025-06-29 20:46:03.524,37.8,"Montblanc.csv"
"7225",1751233263430,24.8,2025-06-29 21:41:03.43,39.8,"Montblanc.csv"
"7226",1751240522112,25.2,2025-06-29 23:42:02.112,41.8,"Montblanc.csv"
"7227",1751247793630,25.2,2025-06-30 01:43:13.63,42.5,"Montblanc.csv"
"7228",1751255042725,25.1,2025-06-30 03:44:02.725,42.7,"Montblanc.csv"
"7229",1751259119387,24.6,2025-06-30 04:51:59.387,43.6,"Montblanc.csv"
"7230",1751262302307,24.2,2025-06-30 05:45:02.307,43,"Montblanc.csv"
"7231",1751266682216,24.7,2025-06-30 06:58:02.216,44.5,"Montblanc.csv"
"7232",1751269561928,24.9,2025-06-30 07:46:01.928,45.2,"Montblanc.csv"
"7233",1751276822608,25.2,2025-06-30 09:47:02.608,46,"Montblanc.csv"
"7234",1751284079978,25.3,2025-06-30 11:47:59.978,46.4,"Montblanc.csv"
"7235",1751291342984,25.5,2025-06-30 13:49:02.984,46.6,"Montblanc.csv"
"7236",1751298601279,25.8,2025-06-30 15:50:01.279,47.7,"Montblanc.csv"
"7237",1751305860912,26.2,2025-06-30 17:51:00.912,48,"Montblanc.csv"
"7238",1751313126543,26.4,2025-06-30 19:52:06.543,48,"Montblanc.csv"
"7239",1751318343300,26.1,2025-06-30 21:19:03.3,42.9,"Montblanc.csv"
"7240",1751320383183,26,2025-06-30 21:53:03.183,41.9,"Montblanc.csv"
"7241",1751327642658,25.9,2025-06-30 23:54:02.658,44.2,"Montblanc.csv"
"7242",1751334901139,25.8,2025-07-01 01:55:01.139,44.7,"Montblanc.csv"
"7243",1751342162792,25.7,2025-07-01 03:56:02.792,44.7,"Montblanc.csv"
"7244",1751349432259,25.4,2025-07-01 05:57:12.259,44,"Montblanc.csv"
"7245",1751356683594,25.6,2025-07-01 07:58:03.594,45.6,"Montblanc.csv"
"7246",1751361968613,26.1,2025-07-01 09:26:08.613,46.2,"Montblanc.csv"
"7247",1751363943561,26.3,2025-07-01 09:59:03.561,47.1,"Montblanc.csv"
"7248",1751371200545,26.4,2025-07-01 12:00:00.545,48,"Montblanc.csv"
"7249",1751378463145,26.6,2025-07-01 14:01:03.145,49.7,"Montblanc.csv"
"7250",1751385723109,27.1,2025-07-01 16:02:03.109,48.9,"Montblanc.csv"
"7251",1751392982189,27.5,2025-07-01 18:03:02.189,49,"Montblanc.csv"
"7252",1751400240227,27.8,2025-07-01 20:04:00.227,48.7,"Montblanc.csv"
"7253",1751407501277,27.5,2025-07-01 22:05:01.277,44.2,"Montblanc.csv"
"7254",1751414771716,27.2,2025-07-02 00:06:11.716,43.3,"Montblanc.csv"
"7255",1751422021360,27.1,2025-07-02 02:07:01.36,43.9,"Montblanc.csv"
"7256",1751429283177,26.9,2025-07-02 04:08:03.177,43.4,"Montblanc.csv"
"7257",1751443798054,26.9,2025-07-02 08:09:58.054,45.7,"Montblanc.csv"
"7258",1751451005354,27.1,2025-07-02 10:10:05.354,46.1,"Montblanc.csv"
"7259",1751458261351,27.4,2025-07-02 12:11:01.351,46.5,"Montblanc.csv"
"7260",1751465100687,27.9,2025-07-02 14:05:00.687,47.5,"Montblanc.csv"
"7261",1751465523781,28,2025-07-02 14:12:03.781,47.5,"Montblanc.csv"
"7262",1751471587827,28.5,2025-07-02 15:53:07.827,47.8,"Montblanc.csv"
"7263",1751472784468,28.6,2025-07-02 16:13:04.468,47.8,"Montblanc.csv"
"7264",1751479621107,29.1,2025-07-02 18:07:01.107,47.5,"Montblanc.csv"
"7265",1751480043800,29.1,2025-07-02 18:14:03.8,47.5,"Montblanc.csv"
"7266",1751487313885,29.3,2025-07-02 20:15:13.885,47.3,"Montblanc.csv"
"7267",1751489283281,29.4,2025-07-02 20:48:03.281,42,"Montblanc.csv"
"7268",1751494562457,29,2025-07-02 22:16:02.457,39.4,"Montblanc.csv"
"7269",1751498583182,28.5,2025-07-02 23:23:03.182,37.9,"Montblanc.csv"
"7270",1751500744582,28,2025-07-02 23:59:04.582,40.5,"Montblanc.csv"
"7271",1751501830640,27.8,2025-07-03 00:17:10.64,41.5,"Montblanc.csv"
"7272",1751505062977,27.3,2025-07-03 01:11:02.977,45.2,"Montblanc.csv"
"7273",1751509083399,27.4,2025-07-03 02:18:03.399,45.4,"Montblanc.csv"
"7274",1751512202479,26.8,2025-07-03 03:10:02.479,46.9,"Montblanc.csv"
"7275",1751514483380,26.3,2025-07-03 03:48:03.38,49,"Montblanc.csv"
"7276",1751516045353,26.8,2025-07-03 04:14:05.353,47.5,"Montblanc.csv"
"7277",1751516361409,26.8,2025-07-03 04:19:21.409,47.6,"Montblanc.csv"
"7278",1751519344491,26.3,2025-07-03 05:09:04.491,50.8,"Montblanc.csv"
"7279",1751522223395,25.7,2025-07-03 05:57:03.395,53.4,"Montblanc.csv"
"7280",1751523549673,25.2,2025-07-03 06:19:09.673,58.1,"Montblanc.csv"
"7281",1751523604183,25.2,2025-07-03 06:20:04.183,58.5,"Montblanc.csv"
"7282",1751525703944,25.7,2025-07-03 06:55:03.944,55.7,"Montblanc.csv"
"7283",1751529483303,26.2,2025-07-03 07:58:03.303,53.9,"Montblanc.csv"
"7284",1751530863777,26.3,2025-07-03 08:21:03.777,53.1,"Montblanc.csv"
"7285",1751538121197,26.4,2025-07-03 10:22:01.197,50.4,"Montblanc.csv"
"7286",1751545383548,26.2,2025-07-03 12:23:03.548,45.6,"Montblanc.csv"
"7287",1751552642240,26,2025-07-03 14:24:02.24,41,"Montblanc.csv"
"7288",1751559903726,26.3,2025-07-03 16:25:03.726,40.9,"Montblanc.csv"
"7289",1751567167914,26.5,2025-07-03 18:26:07.914,40.3,"Montblanc.csv"
"7290",1751574420187,26.5,2025-07-03 20:27:00.187,40.8,"Montblanc.csv"
"7291",1751581683965,26.6,2025-07-03 22:28:03.965,41.6,"Montblanc.csv"
"7292",1751588943416,26.6,2025-07-04 00:29:03.416,41.9,"Montblanc.csv"
"7293",1751596201714,26.6,2025-07-04 02:30:01.714,41.7,"Montblanc.csv"
"7294",1751603461450,26.5,2025-07-04 04:31:01.45,41.4,"Montblanc.csv"
"7295",1751610723142,26.2,2025-07-04 06:32:03.142,40.3,"Montblanc.csv"
"7296",1751616362343,25.7,2025-07-04 08:06:02.343,39.8,"Montblanc.csv"
"7297",1751617985034,25.6,2025-07-04 08:33:05.034,40.1,"Montblanc.csv"
"7298",1751625241304,25.4,2025-07-04 10:34:01.304,39.4,"Montblanc.csv"
"7299",1751632501148,25.5,2025-07-04 12:35:01.148,40.5,"Montblanc.csv"
"7300",1751639765622,25.8,2025-07-04 14:36:05.622,41.1,"Montblanc.csv"
"7301",1751647021324,26.2,2025-07-04 16:37:01.324,41.5,"Montblanc.csv"
"7302",1751654281345,26.4,2025-07-04 18:38:01.345,41.7,"Montblanc.csv"
"7303",1751661550966,26.5,2025-07-04 20:39:10.966,42,"Montblanc.csv"
"7304",1751668801334,26.4,2025-07-04 22:40:01.334,42.1,"Montblanc.csv"
"7305",1751676064629,26.3,2025-07-05 00:41:04.629,42,"Montblanc.csv"
"7306",1751683322081,26.2,2025-07-05 02:42:02.081,42,"Montblanc.csv"
"7307",1751690582347,26,2025-07-05 04:43:02.347,41.9,"Montblanc.csv"
"7308",1751697842761,25.9,2025-07-05 06:44:02.761,42,"Montblanc.csv"
"7309",1751705103318,25.9,2025-07-05 08:45:03.318,42.4,"Montblanc.csv"
"7310",1751712358821,25.9,2025-07-05 10:45:58.821,42.5,"Montblanc.csv"
"7311",1751719562259,26.1,2025-07-05 12:46:02.259,42.5,"Montblanc.csv"
"7312",1751726823230,26.3,2025-07-05 14:47:03.23,42.6,"Montblanc.csv"
"7313",1751734083462,26.5,2025-07-05 16:48:03.462,42.6,"Montblanc.csv"
"7314",1751741340801,26.7,2025-07-05 18:49:00.801,42.7,"Montblanc.csv"
"7315",1751748610738,26.7,2025-07-05 20:50:10.738,42.7,"Montblanc.csv"
"7316",1751755861177,26.5,2025-07-05 22:51:01.177,40.3,"Montblanc.csv"
"7317",1751763120607,26.5,2025-07-06 00:52:00.607,41.2,"Montblanc.csv"
"7318",1751770381828,26.4,2025-07-06 02:53:01.828,41.5,"Montblanc.csv"
"7319",1751777641120,26.4,2025-07-06 04:54:01.12,41.6,"Montblanc.csv"
"7320",1751784901643,26.3,2025-07-06 06:55:01.643,41.7,"Montblanc.csv"
"7321",1751790603911,25.8,2025-07-06 08:30:03.911,36.4,"Montblanc.csv"
"7322",1751792163649,25.8,2025-07-06 08:56:03.649,37.3,"Montblanc.csv"
"7323",1751799423046,26.3,2025-07-06 10:57:03.046,40.4,"Montblanc.csv"
"7324",1751806691708,26.6,2025-07-06 12:58:11.708,45.4,"Montblanc.csv"
"7325",1751813941226,26.9,2025-07-06 14:59:01.226,45.1,"Montblanc.csv"
"7326",1751821201233,27,2025-07-06 17:00:01.233,44.9,"Montblanc.csv"
"7327",1751825402968,27,2025-07-06 18:10:02.968,37.7,"Montblanc.csv"
"7328",1751825523598,27,2025-07-06 18:12:03.598,42.7,"Montblanc.csv"
"7329",1751825764424,27,2025-07-06 18:16:04.424,37.4,"Montblanc.csv"
"7330",1751827099369,26.5,2025-07-06 18:38:19.369,34.3,"Montblanc.csv"
"7331",1751828464057,26.1,2025-07-06 19:01:04.057,35.8,"Montblanc.csv"
"7332",1751830923042,25.6,2025-07-06 19:42:03.042,35.7,"Montblanc.csv"
"7333",1751835722177,25.6,2025-07-06 21:02:02.177,38.4,"Montblanc.csv"
"7334",1751842742048,26.1,2025-07-06 22:59:02.048,40.2,"Montblanc.csv"
"7335",1751842986759,26.1,2025-07-06 23:03:06.759,40.2,"Montblanc.csv"
"7336",1751850241329,26.2,2025-07-07 01:04:01.329,40.9,"Montblanc.csv"
"7337",1751857501984,26.1,2025-07-07 03:05:01.984,41.8,"Montblanc.csv"
"7338",1751864763465,25.9,2025-07-07 05:06:03.465,43.2,"Montblanc.csv"
"7339",1751872023558,25.9,2025-07-07 07:07:03.558,44.1,"Montblanc.csv"
"7340",1751879283688,26,2025-07-07 09:08:03.688,44.1,"Montblanc.csv"
"7341",1751886541283,25.9,2025-07-07 11:09:01.283,47,"Montblanc.csv"
"7342",1751893802952,25.9,2025-07-07 13:10:02.952,47.1,"Montblanc.csv"
"7343",1751901057837,26,2025-07-07 15:10:57.837,45.5,"Montblanc.csv"
"7344",1751908262330,26.2,2025-07-07 17:11:02.33,46.3,"Montblanc.csv"
"7345",1751915526227,26.3,2025-07-07 19:12:06.227,46.3,"Montblanc.csv"
"7346",1751918223944,25.7,2025-07-07 19:57:03.944,48.2,"Montblanc.csv"
"7347",1751922782914,26.1,2025-07-07 21:13:02.914,47.8,"Montblanc.csv"
"7348",1751930042418,26.3,2025-07-07 23:14:02.418,47.9,"Montblanc.csv"
"7349",1751937306380,26,2025-07-08 01:15:06.38,47.1,"Montblanc.csv"
"7350",1751944561466,25.8,2025-07-08 03:16:01.466,46.7,"Montblanc.csv"
"7351",1751951822244,25.4,2025-07-08 05:17:02.244,46,"Montblanc.csv"
"7352",1751953326882,24.6,2025-07-08 05:42:06.882,44.6,"Montblanc.csv"
"7353",1751953683620,24.1,2025-07-08 05:48:03.62,46.2,"Montblanc.csv"
"7354",1751955004051,23.3,2025-07-08 06:10:04.051,46.5,"Montblanc.csv"
"7355",1751957834493,23.8,2025-07-08 06:57:14.493,48.3,"Montblanc.csv"
"7356",1751959084510,24,2025-07-08 07:18:04.51,48.3,"Montblanc.csv"
"7357",1751966341557,24.5,2025-07-08 09:19:01.557,47.7,"Montblanc.csv"
"7358",1751973602028,24.7,2025-07-08 11:20:02.028,47.7,"Montblanc.csv"
"7359",1751980868359,24.8,2025-07-08 13:21:08.359,47.1,"Montblanc.csv"
"7360",1751988123844,25,2025-07-08 15:22:03.844,47.6,"Montblanc.csv"
"7361",1751995383350,25.2,2025-07-08 17:23:03.35,47.1,"Montblanc.csv"
"7362",1752002643365,25.3,2025-07-08 19:24:03.365,46.7,"Montblanc.csv"
"7363",1752009900906,25.1,2025-07-08 21:25:00.906,45.2,"Montblanc.csv"
"7364",1752017168660,25,2025-07-08 23:26:08.66,44.7,"Montblanc.csv"
"7365",1752024420626,24.9,2025-07-09 01:27:00.626,44.9,"Montblanc.csv"
"7366",1752031683207,24.7,2025-07-09 03:28:03.207,45.2,"Montblanc.csv"
"7367",1752038938936,24.6,2025-07-09 05:28:58.936,45.4,"Montblanc.csv"
"7368",1752046143775,24.5,2025-07-09 07:29:03.775,45.6,"Montblanc.csv"
"7369",1752053403950,24.4,2025-07-09 09:30:03.95,45.8,"Montblanc.csv"
"7370",1752060661109,24.5,2025-07-09 11:31:01.109,46.4,"Montblanc.csv"
"7371",1752067916767,24.5,2025-07-09 13:31:56.767,46.8,"Montblanc.csv"
"7372",1752075123416,24.6,2025-07-09 15:32:03.416,46.9,"Montblanc.csv"
"7373",1752082397129,24.6,2025-07-09 17:33:17.129,46.8,"Montblanc.csv"
"7374",1752089643667,24.7,2025-07-09 19:34:03.667,46.8,"Montblanc.csv"
"7375",1752096900725,24.6,2025-07-09 21:35:00.725,46.7,"Montblanc.csv"
"7376",1752104161525,24.6,2025-07-09 23:36:01.525,46.5,"Montblanc.csv"
"7377",1752111421376,24.6,2025-07-10 01:37:01.376,46.8,"Montblanc.csv"
"7378",1752118681769,24.5,2025-07-10 03:38:01.769,46.7,"Montblanc.csv"
"7379",1752125943693,24.4,2025-07-10 05:39:03.693,46.7,"Montblanc.csv"
"7380",1752133202738,24.4,2025-07-10 07:40:02.738,46.7,"Montblanc.csv"
"7381",1752140462486,24.4,2025-07-10 09:41:02.486,46.7,"Montblanc.csv"
"7382",1752147723214,24.5,2025-07-10 11:42:03.214,46.8,"Montblanc.csv"
"7383",1752154997155,24.5,2025-07-10 13:43:17.155,47.1,"Montblanc.csv"
"7384",1752162240546,24.6,2025-07-10 15:44:00.546,47.2,"Montblanc.csv"
"7385",1752169503118,24.7,2025-07-10 17:45:03.118,47.7,"Montblanc.csv"
"7386",1752176762909,24.7,2025-07-10 19:46:02.909,48.3,"Montblanc.csv"
"7387",1752184025802,24.7,2025-07-10 21:47:05.802,48.3,"Montblanc.csv"
"7388",1752191281390,24.7,2025-07-10 23:48:01.39,48.7,"Montblanc.csv"
"7389",1752198543049,24.7,2025-07-11 01:49:03.049,48.5,"Montblanc.csv"
"7390",1752205799758,24.6,2025-07-11 03:49:59.758,48.4,"Montblanc.csv"
"7391",1752211639798,24.1,2025-07-11 05:27:19.798,47.2,"Montblanc.csv"
"7392",1752213003739,24.1,2025-07-11 05:50:03.739,47.3,"Montblanc.csv"
"7393",1752214263519,23.6,2025-07-11 06:11:03.519,46.5,"Montblanc.csv"
"7394",1752215000795,23,2025-07-11 06:23:20.795,47.4,"Montblanc.csv"
"7395",1752220023914,23.5,2025-07-11 07:47:03.914,50.9,"Montblanc.csv"
"7396",1752220261349,23.6,2025-07-11 07:51:01.349,50.8,"Montblanc.csv"
"7397",1752227523374,23.9,2025-07-11 09:52:03.374,50.1,"Montblanc.csv"
"7398",1752234782070,24.1,2025-07-11 11:53:02.07,50.4,"Montblanc.csv"
"7399",1752242046475,24.2,2025-07-11 13:54:06.475,50.3,"Montblanc.csv"
"7400",1752249302985,24.2,2025-07-11 15:55:02.985,49.3,"Montblanc.csv"
"7401",1752256565592,24.2,2025-07-11 17:56:05.592,49.2,"Montblanc.csv"
"7402",1752263822983,24.3,2025-07-11 19:57:02.983,49.4,"Montblanc.csv"
"7403",1752271083737,24.4,2025-07-11 21:58:03.737,49.4,"Montblanc.csv"
"7404",1752278342104,24.3,2025-07-11 23:59:02.104,49.5,"Montblanc.csv"
"7405",1752285603629,24.3,2025-07-12 02:00:03.629,49.6,"Montblanc.csv"
"7406",1752292861251,24.2,2025-07-12 04:01:01.251,49.5,"Montblanc.csv"
"7407",1752294783146,23.6,2025-07-12 04:33:03.146,53,"Montblanc.csv"
"7408",1752295024322,23.1,2025-07-12 04:37:04.322,53.3,"Montblanc.csv"
"7409",1752298082498,23.6,2025-07-12 05:28:02.498,51.7,"Montblanc.csv"
"7410",1752300123883,23.7,2025-07-12 06:02:03.883,51.3,"Montblanc.csv"
"7411",1752307382601,23.7,2025-07-12 08:03:02.601,50.5,"Montblanc.csv"
"7412",1752314641346,23.7,2025-07-12 10:04:01.346,50.2,"Montblanc.csv"
"7413",1752321902986,23.8,2025-07-12 12:05:02.986,53.1,"Montblanc.csv"
"7414",1752329163002,23.9,2025-07-12 14:06:03.002,53.2,"Montblanc.csv"
"7415",1752336422214,23.9,2025-07-12 16:07:02.214,53.4,"Montblanc.csv"
"7416",1752343683207,23.9,2025-07-12 18:08:03.207,53,"Montblanc.csv"
"7417",1752350943121,23.9,2025-07-12 20:09:03.121,52.9,"Montblanc.csv"
"7418",1752358200804,23.9,2025-07-12 22:10:00.804,52.9,"Montblanc.csv"
"7419",1752365477152,24,2025-07-13 00:11:17.152,52.7,"Montblanc.csv"
"7420",1752372722019,24.1,2025-07-13 02:12:02.019,53,"Montblanc.csv"
"7421",1752379989557,24.1,2025-07-13 04:13:09.557,52.9,"Montblanc.csv"
"7422",1752387243341,24.1,2025-07-13 06:14:03.341,52.8,"Montblanc.csv"
"7423",1752394503759,24,2025-07-13 08:15:03.759,52.6,"Montblanc.csv"
"7424",1752401763086,24,2025-07-13 10:16:03.086,53.1,"Montblanc.csv"
"7425",1752409022020,24,2025-07-13 12:17:02.02,56.1,"Montblanc.csv"
"7426",1752416281390,24.2,2025-07-13 14:18:01.39,55.1,"Montblanc.csv"
"7427",1752423541561,24.4,2025-07-13 16:19:01.561,55.7,"Montblanc.csv"
"7428",1752430817269,24.5,2025-07-13 18:20:17.269,54.9,"Montblanc.csv"
"7429",1752438061888,24.5,2025-07-13 20:21:01.888,54.2,"Montblanc.csv"
"7430",1752445323402,24.5,2025-07-13 22:22:03.402,53.9,"Montblanc.csv"
"7431",1752452582169,24.4,2025-07-14 00:23:02.169,53.9,"Montblanc.csv"
"7432",1752459842824,24.4,2025-07-14 02:24:02.824,53.7,"Montblanc.csv"
"7433",1752467101804,24.3,2025-07-14 04:25:01.804,53.5,"Montblanc.csv"
"7434",1752474379433,24.2,2025-07-14 06:26:19.433,53.4,"Montblanc.csv"
"7435",1752481620505,24.4,2025-07-14 08:27:00.505,54.3,"Montblanc.csv"
"7436",1752488881235,24.5,2025-07-14 10:28:01.235,54.2,"Montblanc.csv"
"7437",1752496142667,24.7,2025-07-14 12:29:02.667,54,"Montblanc.csv"
"7438",1752503402271,24.9,2025-07-14 14:30:02.271,54.1,"Montblanc.csv"
"7439",1752510671640,25.2,2025-07-14 16:31:11.64,53.9,"Montblanc.csv"
"7440",1752517922602,25.4,2025-07-14 18:32:02.602,53.8,"Montblanc.csv"
"7441",1752525182834,25.4,2025-07-14 20:33:02.834,53.7,"Montblanc.csv"
"7442",1752532441293,25.5,2025-07-14 22:34:01.293,54.3,"Montblanc.csv"
"7443",1752539703209,25.6,2025-07-15 00:35:03.209,53.9,"Montblanc.csv"
"7444",1752546963968,25.6,2025-07-15 02:36:03.968,53.5,"Montblanc.csv"
"7445",1752554224371,25.5,2025-07-15 04:37:04.371,53.4,"Montblanc.csv"
"7446",1752561483559,25.4,2025-07-15 06:38:03.559,53.4,"Montblanc.csv"
"7447",1752568743608,25.3,2025-07-15 08:39:03.608,53.1,"Montblanc.csv"
"7448",1752576016770,25.2,2025-07-15 10:40:16.77,53.1,"Montblanc.csv"
"7449",1752583261313,25.2,2025-07-15 12:41:01.313,54,"Montblanc.csv"
"7450",1752590521774,25.3,2025-07-15 14:42:01.774,53.7,"Montblanc.csv"
"7451",1752597784761,25.3,2025-07-15 16:43:04.761,53.5,"Montblanc.csv"
"7452",1752605039090,25.4,2025-07-15 18:43:59.09,53.1,"Montblanc.csv"
"7453",1752612241612,25.3,2025-07-15 20:44:01.612,53.1,"Montblanc.csv"
"7454",1752619503095,25.2,2025-07-15 22:45:03.095,53.1,"Montblanc.csv"
"7455",1752626763465,25.2,2025-07-16 00:46:03.465,53.4,"Montblanc.csv"
"7456",1752634024296,25.1,2025-07-16 02:47:04.296,53.3,"Montblanc.csv"
"7457",1752641281608,25,2025-07-16 04:48:01.608,53.3,"Montblanc.csv"
"7458",1752645364518,24.5,2025-07-16 05:56:04.518,52.1,"Montblanc.csv"
"7459",1752648544656,24.7,2025-07-16 06:49:04.656,53.2,"Montblanc.csv"
"7460",1752655801610,24.7,2025-07-16 08:50:01.61,53.5,"Montblanc.csv"
"7461",1752663063348,24.8,2025-07-16 10:51:03.348,53.7,"Montblanc.csv"
"7462",1752670324496,24.8,2025-07-16 12:52:04.496,53.8,"Montblanc.csv"
"7463",1752677583302,24.9,2025-07-16 14:53:03.302,53.6,"Montblanc.csv"
"7464",1752684841081,25,2025-07-16 16:54:01.081,53.5,"Montblanc.csv"
"7465",1752692101144,25,2025-07-16 18:55:01.144,52.6,"Montblanc.csv"
"7466",1752699360974,24.9,2025-07-16 20:56:00.974,51.8,"Montblanc.csv"
"7467",1752713880283,24.7,2025-07-17 00:58:00.283,51.8,"Montblanc.csv"
"7468",1752721136912,24.7,2025-07-17 02:58:56.912,52.5,"Montblanc.csv"
"7469",1752728344113,24.6,2025-07-17 04:59:04.113,52.6,"Montblanc.csv"
"7470",1752730323374,24,2025-07-17 05:32:03.374,51.2,"Montblanc.csv"
"7471",1752730941515,23.4,2025-07-17 05:42:21.515,51.5,"Montblanc.csv"
"7472",1752731464789,22.9,2025-07-17 05:51:04.789,52.5,"Montblanc.csv"
"7473",1752731884550,22.3,2025-07-17 05:58:04.55,53.5,"Montblanc.csv"
"7474",1752733339632,21.8,2025-07-17 06:22:19.632,54.9,"Montblanc.csv"
"7475",1752734703443,21.2,2025-07-17 06:45:03.443,57.2,"Montblanc.csv"
"7476",1752735604157,22.2,2025-07-17 07:00:04.157,56.8,"Montblanc.csv"
"7477",1752737414224,22.7,2025-07-17 07:30:14.224,56.6,"Montblanc.csv"
"7478",1752741302829,23.2,2025-07-17 08:35:02.829,55.8,"Montblanc.csv"
"7479",1752742864756,23.3,2025-07-17 09:01:04.756,55.5,"Montblanc.csv"
"7480",1752750124233,23.6,2025-07-17 11:02:04.233,55.4,"Montblanc.csv"
"7481",1752757383638,23.7,2025-07-17 13:03:03.638,54.7,"Montblanc.csv"
"7482",1752764641225,23.7,2025-07-17 15:04:01.225,54.6,"Montblanc.csv"
"7483",1752779163819,23.8,2025-07-17 19:06:03.819,55.5,"Montblanc.csv"
"7484",1752786420816,23.8,2025-07-17 21:07:00.816,56.2,"Montblanc.csv"
"7485",1752793691791,23.9,2025-07-17 23:08:11.791,55.9,"Montblanc.csv"
"7486",1752800943928,24,2025-07-18 01:09:03.928,55.7,"Montblanc.csv"
"7487",1752808199136,24,2025-07-18 03:09:59.136,55.5,"Montblanc.csv"
"7488",1752815462887,24,2025-07-18 05:11:02.887,55.4,"Montblanc.csv"
"7489",1752822737750,24,2025-07-18 07:12:17.75,57.4,"Montblanc.csv"
"7490",1752829982730,24,2025-07-18 09:13:02.73,56.9,"Montblanc.csv"
"7491",1752837243760,24.1,2025-07-18 11:14:03.76,56.3,"Montblanc.csv"
"7492",1752844502210,24.1,2025-07-18 13:15:02.21,55.9,"Montblanc.csv"
"7493",1752851763840,24.3,2025-07-18 15:16:03.84,56,"Montblanc.csv"
"7494",1752859023733,24.6,2025-07-18 17:17:03.733,56,"Montblanc.csv"
"7495",1752866278964,24.7,2025-07-18 19:17:58.964,55.6,"Montblanc.csv"
"7496",1752873551451,24.8,2025-07-18 21:19:11.451,56.3,"Montblanc.csv"
"7497",1752880802608,24.9,2025-07-18 23:20:02.608,56.1,"Montblanc.csv"
"7498",1752888074743,24.9,2025-07-19 01:21:14.743,55.8,"Montblanc.csv"
"7499",1752895324263,25,2025-07-19 03:22:04.263,55.6,"Montblanc.csv"
"7500",1752902583399,24.9,2025-07-19 05:23:03.399,55.5,"Montblanc.csv"
"7501",1752909841378,25,2025-07-19 07:24:01.378,57.9,"Montblanc.csv"
"7502",1752917101030,25.2,2025-07-19 09:25:01.03,57.7,"Montblanc.csv"
"7503",1752924363081,25.3,2025-07-19 11:26:03.081,58.5,"Montblanc.csv"
"7504",1752931621478,25.6,2025-07-19 13:27:01.478,58.6,"Montblanc.csv"
"7505",1752938882887,26,2025-07-19 15:28:02.887,59,"Montblanc.csv"
"7506",1752946141417,26.4,2025-07-19 17:29:01.417,58.7,"Montblanc.csv"
"7507",1752953401226,26.5,2025-07-19 19:30:01.226,57.3,"Montblanc.csv"
"7508",1752960679391,26.3,2025-07-19 21:31:19.391,55.6,"Montblanc.csv"
"7509",1752967922004,26.3,2025-07-19 23:32:02.004,56,"Montblanc.csv"
"7510",1752975182681,26.3,2025-07-20 01:33:02.681,55.7,"Montblanc.csv"
"7511",1752982458088,26.2,2025-07-20 03:34:18.088,55.3,"Montblanc.csv"
"7512",1752989700819,26.1,2025-07-20 05:35:00.819,55.1,"Montblanc.csv"
"7513",1752996963410,26.1,2025-07-20 07:36:03.41,55.3,"Montblanc.csv"
"7514",1753004221086,26.4,2025-07-20 09:37:01.086,56.4,"Montblanc.csv"
"7515",1753011491008,26.6,2025-07-20 11:38:11.008,56.9,"Montblanc.csv"
"7516",1753018742630,26.9,2025-07-20 13:39:02.63,57.4,"Montblanc.csv"
"7517",1753026002344,27.3,2025-07-20 15:40:02.344,57.5,"Montblanc.csv"
"7518",1753033261672,27.6,2025-07-20 17:41:01.672,57.5,"Montblanc.csv"
"7519",1753040523209,27.7,2025-07-20 19:42:03.209,56.9,"Montblanc.csv"
"7520",1753047779004,27.7,2025-07-20 21:42:59.004,56.2,"Montblanc.csv"
"7521",1753054983241,27.7,2025-07-20 23:43:03.241,56,"Montblanc.csv"
"7522",1753062239024,27.7,2025-07-21 01:43:59.024,55.7,"Montblanc.csv"
"7523",1753069500824,27.7,2025-07-21 03:45:00.824,56.1,"Montblanc.csv"
"7524",1753076764483,27.3,2025-07-21 05:46:04.483,57.9,"Montblanc.csv"
"7525",1753084021345,27.4,2025-07-21 07:47:01.345,58.5,"Montblanc.csv"
"7526",1753091282965,27.4,2025-07-21 09:48:02.965,58.9,"Montblanc.csv"
"7527",1753098543947,27.4,2025-07-21 11:49:03.947,59,"Montblanc.csv"
"7528",1753105802925,27.3,2025-07-21 13:50:02.925,58.6,"Montblanc.csv"
"7529",1753113076310,27.3,2025-07-21 15:51:16.31,58.2,"Montblanc.csv"
"7530",1753120321897,27.1,2025-07-21 17:52:01.897,58.2,"Montblanc.csv"
"7531",1753127582963,26.9,2025-07-21 19:53:02.963,57.8,"Montblanc.csv"
"7532",1753130824389,26.4,2025-07-21 20:47:04.389,55,"Montblanc.csv"
"7533",1753134840522,26,2025-07-21 21:54:00.522,54.2,"Montblanc.csv"
"7534",1753142101697,25.6,2025-07-21 23:55:01.697,54.9,"Montblanc.csv"
"7535",1753149358772,25.4,2025-07-22 01:55:58.772,55.3,"Montblanc.csv"
"7536",1753156562689,25.4,2025-07-22 03:56:02.689,55.7,"Montblanc.csv"
"7537",1753161364548,24.8,2025-07-22 05:16:04.548,56.2,"Montblanc.csv"
"7538",1753163823081,24.4,2025-07-22 05:57:03.081,56.5,"Montblanc.csv"
"7539",1753166163739,23.9,2025-07-22 06:36:03.739,57.7,"Montblanc.csv"
"7540",1753171082379,24.1,2025-07-22 07:58:02.379,57.3,"Montblanc.csv"
"7541",1753178342791,23.9,2025-07-22 09:59:02.791,57.5,"Montblanc.csv"
"7542",1753185603621,24.4,2025-07-22 12:00:03.621,58.2,"Montblanc.csv"
"7543",1753192861423,24.7,2025-07-22 14:01:01.423,59,"Montblanc.csv"
"7544",1753200122666,25,2025-07-22 16:02:02.666,58.6,"Montblanc.csv"
"7545",1753207382827,25.1,2025-07-22 18:03:02.827,58.3,"Montblanc.csv"
"7546",1753214653789,25.1,2025-07-22 20:04:13.789,58,"Montblanc.csv"
"7547",1753221902569,24.9,2025-07-22 22:05:02.569,57.4,"Montblanc.csv"
"7548",1753229161887,25.1,2025-07-23 00:06:01.887,57.5,"Montblanc.csv"
"7549",1753236421815,25.1,2025-07-23 02:07:01.815,57.5,"Montblanc.csv"
"7550",1753243694033,25.2,2025-07-23 04:08:14.033,57.5,"Montblanc.csv"
"7551",1753250941953,24.8,2025-07-23 06:09:01.953,57.7,"Montblanc.csv"
"7552",1753258201920,24.9,2025-07-23 08:10:01.92,58.3,"Montblanc.csv"
"7553",1753265461187,24.8,2025-07-23 10:11:01.187,58.4,"Montblanc.csv"
"7554",1753272728463,24.8,2025-07-23 12:12:08.463,58.4,"Montblanc.csv"
"7555",1753279984051,24.7,2025-07-23 14:13:04.051,58.4,"Montblanc.csv"
"7556",1753287243872,24.8,2025-07-23 16:14:03.872,58.6,"Montblanc.csv"
"7557",1753294503010,24.7,2025-07-23 18:15:03.01,58.4,"Montblanc.csv"
"7558",1753301777885,24.7,2025-07-23 20:16:17.885,58.7,"Montblanc.csv"
"7559",1753309023412,24.7,2025-07-23 22:17:03.412,58.7,"Montblanc.csv"
"7560",1753316282450,24.8,2025-07-24 00:18:02.45,58.7,"Montblanc.csv"
"7561",1753323541407,24.8,2025-07-24 02:19:01.407,58.6,"Montblanc.csv"
"7562",1753330801744,24.7,2025-07-24 04:20:01.744,58.7,"Montblanc.csv"
"7563",1753338061893,24.8,2025-07-24 06:21:01.893,59.3,"Montblanc.csv"
"7564",1753345322314,24.7,2025-07-24 08:22:02.314,59.8,"Montblanc.csv"
"7565",1753352581984,24.6,2025-07-24 10:23:01.984,59.9,"Montblanc.csv"
"7566",1753359843435,24.7,2025-07-24 12:24:03.435,59.6,"Montblanc.csv"
"7567",1753367111743,24.7,2025-07-24 14:25:11.743,59.6,"Montblanc.csv"
"7568",1753374361606,24.8,2025-07-24 16:26:01.606,59.4,"Montblanc.csv"
"7569",1753381621443,24.9,2025-07-24 18:27:01.443,59.6,"Montblanc.csv"
"7570",1753388882450,24.8,2025-07-24 20:28:02.45,59.3,"Montblanc.csv"
"7571",1753396143022,24.9,2025-07-24 22:29:03.022,58.8,"Montblanc.csv"
"7572",1753403413290,24.9,2025-07-25 00:30:13.29,58.5,"Montblanc.csv"
"7573",1753410664113,24.8,2025-07-25 02:31:04.113,58.6,"Montblanc.csv"
"7574",1753417921002,24.8,2025-07-25 04:32:01.002,58.5,"Montblanc.csv"
"7575",1753425181095,24.8,2025-07-25 06:33:01.095,59.3,"Montblanc.csv"
"7576",1753432444507,24.8,2025-07-25 08:34:04.507,60.3,"Montblanc.csv"
"7577",1753439701958,24.8,2025-07-25 10:35:01.958,60,"Montblanc.csv"
"7578",1753446962165,24.8,2025-07-25 12:36:02.165,60.2,"Montblanc.csv"
"7579",1753454221401,24.9,2025-07-25 14:37:01.401,61,"Montblanc.csv"
"7580",1753461481378,25.1,2025-07-25 16:38:01.378,61.1,"Montblanc.csv"
"7581",1753468743801,25.3,2025-07-25 18:39:03.801,60.9,"Montblanc.csv"
"7582",1753476001119,25.3,2025-07-25 20:40:01.119,60.4,"Montblanc.csv"
"7583",1753483261536,25.2,2025-07-25 22:41:01.536,60.7,"Montblanc.csv"
"7584",1753490521034,25.3,2025-07-26 00:42:01.034,60.7,"Montblanc.csv"
"7585",1753497781919,25.2,2025-07-26 02:43:01.919,60.6,"Montblanc.csv"
"7586",1753505043175,25.1,2025-07-26 04:44:03.175,60.5,"Montblanc.csv"
"7587",1753512301752,24.9,2025-07-26 06:45:01.752,59.3,"Montblanc.csv"
"7588",1753519561761,24.7,2025-07-26 08:46:01.761,59.2,"Montblanc.csv"
"7589",1753523342898,24.2,2025-07-26 09:49:02.898,56,"Montblanc.csv"
"7590",1753526822904,24.1,2025-07-26 10:47:02.904,56.3,"Montblanc.csv"
"7591",1753534080695,24,2025-07-26 12:48:00.695,57.2,"Montblanc.csv"
"7592",1753541341913,24,2025-07-26 14:49:01.913,57,"Montblanc.csv"
"7593",1753548602030,24.1,2025-07-26 16:50:02.03,56.1,"Montblanc.csv"
"7594",1753555861353,24.2,2025-07-26 18:51:01.353,56.6,"Montblanc.csv"
"7595",1753563120651,24.3,2025-07-26 20:52:00.651,56.7,"Montblanc.csv"
"7596",1753570393709,24.4,2025-07-26 22:53:13.709,57.2,"Montblanc.csv"
"7597",1753577640334,24.4,2025-07-27 00:54:00.334,57.1,"Montblanc.csv"
"7598",1753584901387,24.4,2025-07-27 02:55:01.387,57,"Montblanc.csv"
"7599",1753592162304,24.3,2025-07-27 04:56:02.304,57,"Montblanc.csv"
"7600",1753599423369,24.3,2025-07-27 06:57:03.369,57,"Montblanc.csv"
"7601",1753606683570,24.4,2025-07-27 08:58:03.57,57.8,"Montblanc.csv"
"7602",1753613942023,24.4,2025-07-27 10:59:02.023,57.8,"Montblanc.csv"
"7603",1753621201681,24.5,2025-07-27 13:00:01.681,58.3,"Montblanc.csv"
"7604",1753628462508,24.8,2025-07-27 15:01:02.508,58.5,"Montblanc.csv"
"7605",1753635721404,25,2025-07-27 17:02:01.404,58.2,"Montblanc.csv"
"7606",1753646464944,24.6,2025-07-27 20:01:04.944,58.8,"Montblanc.csv"
"7607",1753650250528,24.6,2025-07-27 21:04:10.528,59.1,"Montblanc.csv"
"7608",1753657503048,24.9,2025-07-27 23:05:03.048,58.7,"Montblanc.csv"
"7609",1753664777470,25,2025-07-28 01:06:17.47,58.3,"Montblanc.csv"
"7610",1753672025463,25,2025-07-28 03:07:05.463,58.1,"Montblanc.csv"
"7611",1753679283412,24.9,2025-07-28 05:08:03.412,58.1,"Montblanc.csv"
"7612",1753686541698,24.8,2025-07-28 07:09:01.698,59.2,"Montblanc.csv"
"7613",1753693813944,24.8,2025-07-28 09:10:13.944,59.6,"Montblanc.csv"
"7614",1753715575683,25,2025-07-28 15:12:55.683,59.6,"Montblanc.csv"
"7615",1753722783423,25.2,2025-07-28 17:13:03.423,59.1,"Montblanc.csv"
"7616",1753730041606,25.2,2025-07-28 19:14:01.606,58.7,"Montblanc.csv"
"7617",1753737304593,25.2,2025-07-28 21:15:04.593,58.5,"Montblanc.csv"
"7618",1753744563371,25.2,2025-07-28 23:16:03.371,57.8,"Montblanc.csv"
"7619",1753751822638,25,2025-07-29 01:17:02.638,56.5,"Montblanc.csv"
"7620",1753759082092,24.9,2025-07-29 03:18:02.092,55.7,"Montblanc.csv"
"7621",1753766341925,24.7,2025-07-29 05:19:01.925,54.7,"Montblanc.csv"
"7622",1753773604005,24.6,2025-07-29 07:20:04.005,56.6,"Montblanc.csv"
"7623",1753780863443,24.6,2025-07-29 09:21:03.443,56.5,"Montblanc.csv"
"7624",1753788122864,24.6,2025-07-29 11:22:02.864,56.6,"Montblanc.csv"
"7625",1753795381704,24.6,2025-07-29 13:23:01.704,56.8,"Montblanc.csv"
"7626",1753802641992,24.7,2025-07-29 15:24:01.992,56.9,"Montblanc.csv"
"7627",1753809903363,24.9,2025-07-29 17:25:03.363,56.9,"Montblanc.csv"
"7628",1753817161271,25,2025-07-29 19:26:01.271,56.6,"Montblanc.csv"
"7629",1753824420719,24.9,2025-07-29 21:27:00.719,55.8,"Montblanc.csv"
"7630",1753831682986,24.9,2025-07-29 23:28:02.986,55.5,"Montblanc.csv"
"7631",1753838940920,24.8,2025-07-30 01:29:00.92,54.7,"Montblanc.csv"
"7632",1753846202059,24.7,2025-07-30 03:30:02.059,54.2,"Montblanc.csv"
"7633",1753853461407,24.5,2025-07-30 05:31:01.407,52.3,"Montblanc.csv"
"7634",1753860723369,24.5,2025-07-30 07:32:03.369,54.2,"Montblanc.csv"
"7635",1753867984137,24.5,2025-07-30 09:33:04.137,54.7,"Montblanc.csv"
"7636",1753875241346,24.5,2025-07-30 11:34:01.346,54.7,"Montblanc.csv"
"7637",1753882501690,24.5,2025-07-30 13:35:01.69,55.1,"Montblanc.csv"
"7638",1753889760703,24.7,2025-07-30 15:36:00.703,55.5,"Montblanc.csv"
"7639",1753897021153,24.9,2025-07-30 17:37:01.153,55.2,"Montblanc.csv"
"7640",1753904282799,24.9,2025-07-30 19:38:02.799,55,"Montblanc.csv"
"7641",1753911542091,24.7,2025-07-30 21:39:02.091,51.5,"Montblanc.csv"
"7642",1753918804146,24.7,2025-07-30 23:40:04.146,53.1,"Montblanc.csv"
"7643",1753926062606,24.6,2025-07-31 01:41:02.606,53.2,"Montblanc.csv"
"7644",1753933321527,24.5,2025-07-31 03:42:01.527,53,"Montblanc.csv"
"7645",1753940580860,24.4,2025-07-31 05:43:00.86,52.2,"Montblanc.csv"
"7646",1753947843506,24.3,2025-07-31 07:44:03.506,54.8,"Montblanc.csv"
"7647",1753955103374,24.3,2025-07-31 09:45:03.374,55,"Montblanc.csv"
"7648",1753962370790,24.2,2025-07-31 11:46:10.79,55,"Montblanc.csv"
"7649",1753969621225,24.2,2025-07-31 13:47:01.225,55,"Montblanc.csv"
"7650",1753976883177,24.2,2025-07-31 15:48:03.177,55.3,"Montblanc.csv"
"7651",1753984143078,24.3,2025-07-31 17:49:03.078,55.6,"Montblanc.csv"
"7652",1753991411467,24.2,2025-07-31 19:50:11.467,55.3,"Montblanc.csv"
"7653",1753998661848,24.2,2025-07-31 21:51:01.848,55.1,"Montblanc.csv"
"7654",1754005923552,24.2,2025-07-31 23:52:03.552,55.2,"Montblanc.csv"
"7655",1754013197184,24.1,2025-08-01 01:53:17.184,55,"Montblanc.csv"
"7656",1754020441376,24,2025-08-01 03:54:01.376,54.9,"Montblanc.csv"
"7657",1754027701245,24,2025-08-01 05:55:01.245,54.8,"Montblanc.csv"
"7658",1754034961800,24,2025-08-01 07:56:01.8,56.7,"Montblanc.csv"
"7659",1754042232342,24,2025-08-01 09:57:12.342,57.1,"Montblanc.csv"
"7660",1754049481535,24,2025-08-01 11:58:01.535,57,"Montblanc.csv"
"7661",1754056741594,24,2025-08-01 13:59:01.594,56.7,"Montblanc.csv"
"7662",1754064011935,24.1,2025-08-01 16:00:11.935,57.3,"Montblanc.csv"
"7663",1754065983758,24.9,2025-08-01 16:33:03.758,58.9,"Montblanc.csv"
"7664",1754071264695,24.5,2025-08-01 18:01:04.695,58.5,"Montblanc.csv"
"7665",1754078523462,24.4,2025-08-01 20:02:03.462,56.6,"Montblanc.csv"
"7666",1754085781526,24.3,2025-08-01 22:03:01.526,56.4,"Montblanc.csv"
"7667",1754093042198,24.3,2025-08-02 00:04:02.198,56.5,"Montblanc.csv"
"7668",1754100299235,24.3,2025-08-02 02:04:59.235,56.5,"Montblanc.csv"
"7669",1754107561174,24.2,2025-08-02 04:06:01.174,56.4,"Montblanc.csv"
"7670",1754112961561,23.7,2025-08-02 05:36:01.561,56.4,"Montblanc.csv"
"7671",1754114823319,23.6,2025-08-02 06:07:03.319,57.7,"Montblanc.csv"
"7672",1754122081864,23.8,2025-08-02 08:08:01.864,57.6,"Montblanc.csv"
"7673",1754129341780,23.8,2025-08-02 10:09:01.78,57.4,"Montblanc.csv"
"7674",1754136602793,23.8,2025-08-02 12:10:02.793,57.3,"Montblanc.csv"
"7675",1754143863149,24,2025-08-02 14:11:03.149,58.9,"Montblanc.csv"
"7676",1754151121767,24.6,2025-08-02 16:12:01.767,58.8,"Montblanc.csv"
"7677",1754158382573,24.7,2025-08-02 18:13:02.573,58.1,"Montblanc.csv"
"7678",1754165641274,24.7,2025-08-02 20:14:01.274,57.6,"Montblanc.csv"
"7679",1754172900885,24.6,2025-08-02 22:15:00.885,57.3,"Montblanc.csv"
"7680",1754180161027,24.5,2025-08-03 00:16:01.027,57.1,"Montblanc.csv"
"7681",1754187428229,24.4,2025-08-03 02:17:08.229,56.9,"Montblanc.csv"
"7682",1754194681058,24.3,2025-08-03 04:18:01.058,56.8,"Montblanc.csv"
"7683",1754201941851,24.1,2025-08-03 06:19:01.851,56.7,"Montblanc.csv"
"7684",1754209202639,24,2025-08-03 08:20:02.639,56.7,"Montblanc.csv"
"7685",1754216461130,24,2025-08-03 10:21:01.13,56.7,"Montblanc.csv"
"7686",1754223723077,24,2025-08-03 12:22:03.077,56.6,"Montblanc.csv"
"7687",1754230981519,24,2025-08-03 14:23:01.519,56.6,"Montblanc.csv"
"7688",1754238241482,24,2025-08-03 16:24:01.482,56.6,"Montblanc.csv"
"7689",1754245500264,23.9,2025-08-03 18:25:00.264,56.5,"Montblanc.csv"
"7690",1754252761413,23.9,2025-08-03 20:26:01.413,56.4,"Montblanc.csv"
"7691",1754260023536,23.8,2025-08-03 22:27:03.536,56.4,"Montblanc.csv"
"7692",1754267283376,23.8,2025-08-04 00:28:03.376,56.2,"Montblanc.csv"
"7693",1754274540372,23.7,2025-08-04 02:29:00.372,56.2,"Montblanc.csv"
"7694",1754281801778,23.6,2025-08-04 04:30:01.778,56.2,"Montblanc.csv"
"7695",1754289063375,23.5,2025-08-04 06:31:03.375,56.2,"Montblanc.csv"
"7696",1754296323395,23.5,2025-08-04 08:32:03.395,56.2,"Montblanc.csv"
"7697",1754310838766,23.5,2025-08-04 12:33:58.766,56.3,"Montblanc.csv"
"7698",1754318043817,23.6,2025-08-04 14:34:03.817,56.5,"Montblanc.csv"
"7699",1754325301223,23.9,2025-08-04 16:35:01.223,57,"Montblanc.csv"
"7700",1754332563211,24.1,2025-08-04 18:36:03.211,56.8,"Montblanc.csv"
"7701",1754339824414,24.1,2025-08-04 20:37:04.414,56.6,"Montblanc.csv"
"7702",1754347081772,24.1,2025-08-04 22:38:01.772,56.4,"Montblanc.csv"
"7703",1754354341504,24,2025-08-05 00:39:01.504,56.3,"Montblanc.csv"
"7704",1754361602766,24,2025-08-05 02:40:02.766,56.2,"Montblanc.csv"
"7705",1754368863329,23.9,2025-08-05 04:41:03.329,56.1,"Montblanc.csv"
"7706",1754376123292,23.8,2025-08-05 06:42:03.292,56.1,"Montblanc.csv"
"7707",1754383381222,23.8,2025-08-05 08:43:01.222,56.2,"Montblanc.csv"
"7708",1754390642014,23.8,2025-08-05 10:44:02.014,56.1,"Montblanc.csv"
"7709",1754397902596,23.7,2025-08-05 12:45:02.596,56.8,"Montblanc.csv"
"7710",1754405161864,23.5,2025-08-05 14:46:01.864,56.1,"Montblanc.csv"
"7711",1754412423141,23.4,2025-08-05 16:47:03.141,54.1,"Montblanc.csv"
"7712",1754419682297,23.5,2025-08-05 18:48:02.297,54.8,"Montblanc.csv"
"7713",1754424374088,23,2025-08-05 20:06:14.088,54.2,"Montblanc.csv"
"7714",1754426942925,23.1,2025-08-05 20:49:02.925,54.4,"Montblanc.csv"
"7715",1754434201175,23.5,2025-08-05 22:50:01.175,56.7,"Montblanc.csv"
"7716",1754441463223,23.7,2025-08-06 00:51:03.223,58.1,"Montblanc.csv"
"7717",1754448722137,23.9,2025-08-06 02:52:02.137,58.5,"Montblanc.csv"
"7718",1754455981768,23.9,2025-08-06 04:53:01.768,58.6,"Montblanc.csv"
"7719",1754463241062,23.5,2025-08-06 06:54:01.062,57,"Montblanc.csv"
"7720",1754470500663,23,2025-08-06 08:55:00.663,52.6,"Montblanc.csv"
"7721",1754475902640,22.5,2025-08-06 10:25:02.64,50.9,"Montblanc.csv"
"7722",1754477765027,22.4,2025-08-06 10:56:05.027,50,"Montblanc.csv"
"7723",1754485022762,22.3,2025-08-06 12:57:02.762,47.1,"Montblanc.csv"
"7724",1754490663527,22.8,2025-08-06 14:31:03.527,46.9,"Montblanc.csv"
"7725",1754492283351,22.9,2025-08-06 14:58:03.351,45.9,"Montblanc.csv"
"7726",1754499542674,22.9,2025-08-06 16:59:02.674,45.4,"Montblanc.csv"
"7727",1754506803981,23.3,2025-08-06 19:00:03.981,48.5,"Montblanc.csv"
"7728",1754514062957,23.2,2025-08-06 21:01:02.957,49.7,"Montblanc.csv"
"7729",1754521323212,23.4,2025-08-06 23:02:03.212,51.6,"Montblanc.csv"
"7730",1754528581687,23.6,2025-08-07 01:03:01.687,52.5,"Montblanc.csv"
"7731",1754535841584,23.7,2025-08-07 03:04:01.584,52.9,"Montblanc.csv"
"7732",1754543104422,23.7,2025-08-07 05:05:04.422,53.4,"Montblanc.csv"
"7733",1754550363348,23.7,2025-08-07 07:06:03.348,52.4,"Montblanc.csv"
"7734",1754564880197,23.3,2025-08-07 11:08:00.197,47.8,"Montblanc.csv"
"7735",1754572135004,23.5,2025-08-07 13:08:55.004,46.6,"Montblanc.csv"
"7736",1754579341817,23.8,2025-08-07 15:09:01.817,45.4,"Montblanc.csv"
"7737",1754586483181,24.3,2025-08-07 17:08:03.181,44.2,"Montblanc.csv"
"7738",1754586604089,24.4,2025-08-07 17:10:04.089,44.2,"Montblanc.csv"
"7739",1754593862676,24.3,2025-08-07 19:11:02.676,46.9,"Montblanc.csv"
"7740",1754601122572,24.4,2025-08-07 21:12:02.572,49.4,"Montblanc.csv"
"7741",1754608381509,24.7,2025-08-07 23:13:01.509,51.5,"Montblanc.csv"
"7742",1754615642252,24.8,2025-08-08 01:14:02.252,52.6,"Montblanc.csv"
"7743",1754622901987,24.9,2025-08-08 03:15:01.987,53.6,"Montblanc.csv"
"7744",1754630163290,24.9,2025-08-08 05:16:03.29,53.8,"Montblanc.csv"
"7745",1754644679113,24.6,2025-08-08 09:17:59.113,52,"Montblanc.csv"
"7746",1754651936592,24.6,2025-08-08 11:18:56.592,49,"Montblanc.csv"
"7747",1754659144147,24.9,2025-08-08 13:19:04.147,46.8,"Montblanc.csv"
"7748",1754666404879,25.3,2025-08-08 15:20:04.879,45.9,"Montblanc.csv"
"7749",1754673661853,25.5,2025-08-08 17:21:01.853,47.9,"Montblanc.csv"
"7750",1754680921163,25.5,2025-08-08 19:22:01.163,49.1,"Montblanc.csv"
"7751",1754688181051,25.8,2025-08-08 21:23:01.051,50.4,"Montblanc.csv"
"7752",1754695440951,25.8,2025-08-08 23:24:00.951,52.3,"Montblanc.csv"
"7753",1754702703373,25.9,2025-08-09 01:25:03.373,53.1,"Montblanc.csv"
"7754",1754709961615,25.9,2025-08-09 03:26:01.615,53.8,"Montblanc.csv"
"7755",1754717221457,25.8,2025-08-09 05:27:01.457,54.3,"Montblanc.csv"
"7756",1754724479919,25.8,2025-08-09 07:27:59.919,53.5,"Montblanc.csv"
"7757",1754731682288,25.7,2025-08-09 09:28:02.288,52.1,"Montblanc.csv"
"7758",1754738941354,25.7,2025-08-09 11:29:01.354,51.6,"Montblanc.csv"
"7759",1754746200828,26,2025-08-09 13:30:00.828,51.1,"Montblanc.csv"
"7760",1754753461101,26.4,2025-08-09 15:31:01.101,49.8,"Montblanc.csv"
"7761",1754757198635,26.9,2025-08-09 16:33:18.635,53.7,"Montblanc.csv"
"7762",1754760723924,27.3,2025-08-09 17:32:03.924,51.6,"Montblanc.csv"
"7763",1754767980971,27.1,2025-08-09 19:33:00.971,50.9,"Montblanc.csv"
"7764",1754775240364,26.7,2025-08-09 21:34:00.364,51.1,"Montblanc.csv"
"7765",1754782502283,26.7,2025-08-09 23:35:02.283,52.6,"Montblanc.csv"
"7766",1754789761649,26.8,2025-08-10 01:36:01.649,52,"Montblanc.csv"
"7767",1754797021021,26.6,2025-08-10 03:37:01.021,50.5,"Montblanc.csv"
"7768",1754804281082,26.2,2025-08-10 05:38:01.082,49.9,"Montblanc.csv"
"7769",1754807223405,25.7,2025-08-10 06:27:03.405,50.1,"Montblanc.csv"
"7770",1754811543102,25.4,2025-08-10 07:39:03.102,50.1,"Montblanc.csv"
"7771",1754818802375,25.4,2025-08-10 09:40:02.375,49.6,"Montblanc.csv"
"7772",1754826060680,25.3,2025-08-10 11:41:00.68,48.4,"Montblanc.csv"
"7773",1754833323338,25.2,2025-08-10 13:42:03.338,46.8,"Montblanc.csv"
"7774",1754838484175,25.2,2025-08-10 15:08:04.175,41.6,"Montblanc.csv"
"7775",1754840584313,25.3,2025-08-10 15:43:04.313,41.5,"Montblanc.csv"
"7776",1754847842761,25.3,2025-08-10 17:44:02.761,42.1,"Montblanc.csv"
"7777",1754855101819,25.5,2025-08-10 19:45:01.819,45.4,"Montblanc.csv"
"7778",1754862358742,25.5,2025-08-10 21:45:58.742,46.5,"Montblanc.csv"
"7779",1754869561719,25.7,2025-08-10 23:46:01.719,48.3,"Montblanc.csv"
"7780",1754876823484,25.9,2025-08-11 01:47:03.484,49.3,"Montblanc.csv"
"7781",1754884081816,25.9,2025-08-11 03:48:01.816,49.7,"Montblanc.csv"
"7782",1754891341420,25.8,2025-08-11 05:49:01.42,49.1,"Montblanc.csv"
"7783",1750079394652,25.1,2025-06-16 13:09:54.652,50.3,"Vinson.csv"
"7784",1750079950703,24.6,2025-06-16 13:19:10.703,45.8,"Vinson.csv"
"7785",1750081271811,23.5,2025-06-16 13:41:11.811,45.6,"Vinson.csv"
"7786",1750086781195,22.9,2025-06-16 15:13:01.195,46.2,"Vinson.csv"
"7787",1750101299076,22.7,2025-06-16 19:14:59.076,45.5,"Vinson.csv"
"7788",1750130335949,22.6,2025-06-17 03:18:55.949,48.8,"Vinson.csv"
"7789",1750136642776,22.1,2025-06-17 05:04:02.776,49.6,"Vinson.csv"
"7790",1750137556996,22,2025-06-17 05:19:16.996,49.8,"Vinson.csv"
"7791",1750144802630,22.3,2025-06-17 07:20:02.63,50.1,"Vinson.csv"
"7792",1750152062945,22.2,2025-06-17 09:21:02.945,50.6,"Vinson.csv"
"7793",1750164602847,23.1,2025-06-17 12:50:02.847,45.7,"Vinson.csv"
"7794",1750166599726,23.2,2025-06-17 13:23:19.726,45.9,"Vinson.csv"
"7795",1750173850366,23.6,2025-06-17 15:24:10.366,42.8,"Vinson.csv"
"7796",1750181105086,23.7,2025-06-17 17:25:05.086,43.6,"Vinson.csv"
"7797",1750202878789,24,2025-06-17 23:27:58.789,48.5,"Vinson.csv"
"7798",1750224661428,23.7,2025-06-18 05:31:01.428,50.3,"Vinson.csv"
"7799",1750231923222,23.6,2025-06-18 07:32:03.222,50.4,"Vinson.csv"
"7800",1750239181843,23.9,2025-06-18 09:33:01.843,49.2,"Vinson.csv"
"7801",1750253711121,24.5,2025-06-18 13:35:11.121,45.4,"Vinson.csv"
"7802",1750268214279,24.8,2025-06-18 17:36:54.279,45.7,"Vinson.csv"
"7803",1750304270935,22.9,2025-06-19 03:37:50.935,49.1,"Vinson.csv"
"7804",1750304480556,22.9,2025-06-19 03:41:20.556,48.9,"Vinson.csv"
"7805",1750308012535,22.4,2025-06-19 04:40:12.535,48.2,"Vinson.csv"
"7806",1750326239294,22.2,2025-06-19 09:43:59.294,43.3,"Vinson.csv"
"7807",1750333503404,22.5,2025-06-19 11:45:03.404,41.2,"Vinson.csv"
"7808",1750340762296,22.4,2025-06-19 13:46:02.296,37.5,"Vinson.csv"
"7809",1750348022889,22.5,2025-06-19 15:47:02.889,37.6,"Vinson.csv"
"7810",1750391568566,22.2,2025-06-20 03:52:48.566,43.4,"Vinson.csv"
"7811",1750406050710,21.9,2025-06-20 07:54:10.71,43.8,"Vinson.csv"
"7812",1750449603432,23,2025-06-20 20:00:03.432,37.3,"Vinson.csv"
"7813",1750456863292,23.1,2025-06-20 22:01:03.292,39.4,"Vinson.csv"
"7814",1750471391334,23.2,2025-06-21 02:03:11.334,42.9,"Vinson.csv"
"7815",1750485910173,22.9,2025-06-21 06:05:10.173,42.8,"Vinson.csv"
"7816",1750493163131,23.1,2025-06-21 08:06:03.131,41.2,"Vinson.csv"
"7817",1750500422365,23.1,2025-06-21 10:07:02.365,37.8,"Vinson.csv"
"7818",1750511463158,24.1,2025-06-21 13:11:03.158,32.7,"Vinson.csv"
"7819",1750514948077,24.1,2025-06-21 14:09:08.077,33.1,"Vinson.csv"
"7820",1750543978368,24.6,2025-06-21 22:12:58.368,39.3,"Vinson.csv"
"7821",1750551245535,24.6,2025-06-22 00:14:05.535,40.6,"Vinson.csv"
"7822",1750558516860,24.6,2025-06-22 02:15:16.86,41.3,"Vinson.csv"
"7823",1750558519520,24.6,2025-06-22 02:15:19.52,41.3,"Vinson.csv"
"7824",1750565762301,24.5,2025-06-22 04:16:02.301,41.4,"Vinson.csv"
"7825",1750573021087,24.6,2025-06-22 06:17:01.087,40.5,"Vinson.csv"
"7826",1750580282185,24.7,2025-06-22 08:18:02.185,39.2,"Vinson.csv"
"7827",1750594440520,25.8,2025-06-22 12:14:00.52,32.9,"Vinson.csv"
"7828",1750594821389,25.8,2025-06-22 12:20:21.389,33.3,"Vinson.csv"
"7829",1750623840620,26.3,2025-06-22 20:24:00.62,35.1,"Vinson.csv"
"7830",1750649228449,24.6,2025-06-23 03:27:08.449,46.8,"Vinson.csv"
"7831",1750652875069,24.8,2025-06-23 04:27:55.069,48.7,"Vinson.csv"
"7832",1750656785057,25.3,2025-06-23 05:33:05.057,48.1,"Vinson.csv"
"7833",1750667341292,25.6,2025-06-23 08:29:01.292,45.2,"Vinson.csv"
"7834",1750674603875,25.8,2025-06-23 10:30:03.875,43,"Vinson.csv"
"7835",1750681861621,26,2025-06-23 12:31:01.621,42.2,"Vinson.csv"
"7836",1750689128638,26.1,2025-06-23 14:32:08.638,41.7,"Vinson.csv"
"7837",1750703643915,24.3,2025-06-23 18:34:03.915,41.3,"Vinson.csv"
"7838",1750707196165,23.8,2025-06-23 19:33:16.165,38.9,"Vinson.csv"
"7839",1750710902803,23.8,2025-06-23 20:35:02.803,39.1,"Vinson.csv"
"7840",1750725417114,23.8,2025-06-24 00:36:57.114,39.2,"Vinson.csv"
"7841",1750732626205,23.7,2025-06-24 02:37:06.205,39,"Vinson.csv"
"7842",1750739882822,23.5,2025-06-24 04:38:02.822,39,"Vinson.csv"
"7843",1750747142746,23.5,2025-06-24 06:39:02.746,38.9,"Vinson.csv"
"7844",1750754404845,23.4,2025-06-24 08:40:04.845,38.7,"Vinson.csv"
"7845",1750761673548,23.5,2025-06-24 10:41:13.548,38.7,"Vinson.csv"
"7846",1750805219351,23.7,2025-06-24 22:46:59.351,45.4,"Vinson.csv"
"7847",1750819680736,23.5,2025-06-25 02:48:00.736,51.3,"Vinson.csv"
"7848",1750826953120,23.5,2025-06-25 04:49:13.12,53.2,"Vinson.csv"
"7849",1750870488401,24,2025-06-25 16:54:48.401,53,"Vinson.csv"
"7850",1750877715732,23.9,2025-06-25 18:55:15.732,52.5,"Vinson.csv"
"7851",1750892225543,24.2,2025-06-25 22:57:05.543,51.3,"Vinson.csv"
"7852",1750906742168,23.8,2025-06-26 02:59:02.168,51,"Vinson.csv"
"7853",1750935775838,24.2,2025-06-26 11:02:55.838,51.5,"Vinson.csv"
"7854",1750940823830,24.7,2025-06-26 12:27:03.83,52.3,"Vinson.csv"
"7855",1750942983862,24.8,2025-06-26 13:03:03.862,51.8,"Vinson.csv"
"7856",1750949881648,25.3,2025-06-26 14:58:01.648,50.9,"Vinson.csv"
"7857",1750950244081,25.5,2025-06-26 15:04:04.081,50.6,"Vinson.csv"
"7858",1750954802850,25.3,2025-06-26 16:20:02.85,55.6,"Vinson.csv"
"7859",1750955534102,24.7,2025-06-26 16:32:14.102,59.6,"Vinson.csv"
"7860",1750957504436,24.5,2025-06-26 17:05:04.436,58.5,"Vinson.csv"
"7861",1750964791451,24.6,2025-06-26 19:06:31.451,58,"Vinson.csv"
"7862",1750972027332,24.8,2025-06-26 21:07:07.332,59.4,"Vinson.csv"
"7863",1750979282726,24.7,2025-06-26 23:08:02.726,59,"Vinson.csv"
"7864",1750993799959,24.6,2025-06-27 03:09:59.959,58.8,"Vinson.csv"
"7865",1751008329873,24.1,2025-06-27 07:12:09.873,55.6,"Vinson.csv"
"7866",1751022719427,23.5,2025-06-27 11:11:59.427,52.2,"Vinson.csv"
"7867",1751022864182,23.5,2025-06-27 11:14:24.182,52.3,"Vinson.csv"
"7868",1751073646742,23.1,2025-06-28 01:20:46.742,50,"Vinson.csv"
"7869",1751080862989,22.8,2025-06-28 03:21:02.989,51.2,"Vinson.csv"
"7870",1751088133466,22.6,2025-06-28 05:22:13.466,52.7,"Vinson.csv"
"7871",1751095382287,23,2025-06-28 07:23:02.287,51.5,"Vinson.csv"
"7872",1751102641452,23.3,2025-06-28 09:24:01.452,53.7,"Vinson.csv"
"7873",1751114160758,24.4,2025-06-28 12:36:00.758,52.9,"Vinson.csv"
"7874",1751153451596,25.3,2025-06-28 23:30:51.596,58.9,"Vinson.csv"
"7875",1751160663111,25.1,2025-06-29 01:31:03.111,59.6,"Vinson.csv"
"7876",1751167930162,25.2,2025-06-29 03:32:10.162,59.6,"Vinson.csv"
"7877",1751175180860,24.9,2025-06-29 05:33:00.86,60.3,"Vinson.csv"
"7878",1751182443285,25.1,2025-06-29 07:34:03.285,60.1,"Vinson.csv"
"7879",1751189702580,25.4,2025-06-29 09:35:02.58,59.2,"Vinson.csv"
"7880",1751196964476,25.7,2025-06-29 11:36:04.476,59.5,"Vinson.csv"
"7881",1751218734703,25.9,2025-06-29 17:38:54.703,46.8,"Vinson.csv"
"7882",1751223542463,25.3,2025-06-29 18:59:02.463,36.3,"Vinson.csv"
"7883",1751225943539,25,2025-06-29 19:39:03.539,36.2,"Vinson.csv"
"7884",1751233202042,24.8,2025-06-29 21:40:02.042,40.1,"Vinson.csv"
"7885",1751236023819,24.2,2025-06-29 22:27:03.819,37.2,"Vinson.csv"
"7886",1751240463472,23.9,2025-06-29 23:41:03.472,40.7,"Vinson.csv"
"7887",1751245563684,23.4,2025-06-30 01:06:03.684,41.8,"Vinson.csv"
"7888",1751247724306,23.7,2025-06-30 01:42:04.306,42.2,"Vinson.csv"
"7889",1751254983100,23,2025-06-30 03:43:03.1,43.5,"Vinson.csv"
"7890",1751260938877,22.5,2025-06-30 05:22:18.877,44.5,"Vinson.csv"
"7891",1751262251802,22.7,2025-06-30 05:44:11.802,44.7,"Vinson.csv"
"7892",1751269503376,23,2025-06-30 07:45:03.376,44.6,"Vinson.csv"
"7893",1751276759747,23.2,2025-06-30 09:45:59.747,42.3,"Vinson.csv"
"7894",1751283542625,23.5,2025-06-30 11:39:02.625,36.9,"Vinson.csv"
"7895",1751284024898,23.5,2025-06-30 11:47:04.898,38.9,"Vinson.csv"
"7896",1751305796141,24.2,2025-06-30 17:49:56.141,35.6,"Vinson.csv"
"7897",1751320259343,24.3,2025-06-30 21:50:59.343,37.9,"Vinson.csv"
"7898",1751327522559,24.2,2025-06-30 23:52:02.559,41.6,"Vinson.csv"
"7899",1751334782354,23.9,2025-07-01 01:53:02.354,44,"Vinson.csv"
"7900",1751342044160,23.9,2025-07-01 03:54:04.16,44.3,"Vinson.csv"
"7901",1751349316527,24.1,2025-07-01 05:55:16.527,44.6,"Vinson.csv"
"7902",1751356564929,24.1,2025-07-01 07:56:04.929,43.9,"Vinson.csv"
"7903",1751362145939,24.6,2025-07-01 09:29:05.939,42.2,"Vinson.csv"
"7904",1751363824691,24.7,2025-07-01 09:57:04.691,42,"Vinson.csv"
"7905",1751383379317,26.2,2025-07-01 15:22:59.317,33.9,"Vinson.csv"
"7906",1751385605780,26.3,2025-07-01 16:00:05.78,33,"Vinson.csv"
"7907",1751392869252,26.2,2025-07-01 18:01:09.252,33.3,"Vinson.csv"
"7908",1751429150411,26,2025-07-02 04:05:50.411,40.7,"Vinson.csv"
"7909",1751436361890,25.8,2025-07-02 06:06:01.89,42.1,"Vinson.csv"
"7910",1751443624896,26.1,2025-07-02 08:07:04.896,41.9,"Vinson.csv"
"7911",1751450881893,26.7,2025-07-02 10:08:01.893,38.2,"Vinson.csv"
"7912",1751461439977,27.6,2025-07-02 13:03:59.977,34.5,"Vinson.csv"
"7913",1751463914423,28.1,2025-07-02 13:45:14.423,33.5,"Vinson.csv"
"7914",1751465404198,27.7,2025-07-02 14:10:04.198,34.8,"Vinson.csv"
"7915",1751471642031,27.2,2025-07-02 15:54:02.031,37.7,"Vinson.csv"
"7916",1751479923885,27.3,2025-07-02 18:12:03.885,38.1,"Vinson.csv"
"7917",1751487192042,27.3,2025-07-02 20:13:12.042,39,"Vinson.csv"
"7918",1751494451185,27.7,2025-07-02 22:14:11.185,41.4,"Vinson.csv"
"7919",1751501701980,27.7,2025-07-03 00:15:01.98,41.7,"Vinson.csv"
"7920",1751508124341,27.2,2025-07-03 02:02:04.341,45.1,"Vinson.csv"
"7921",1751508969097,27.1,2025-07-03 02:16:09.097,45.4,"Vinson.csv"
"7922",1751514904765,26.6,2025-07-03 03:55:04.765,47.9,"Vinson.csv"
"7923",1751516224698,26.5,2025-07-03 04:17:04.698,48.4,"Vinson.csv"
"7924",1751522402803,26,2025-07-03 06:00:02.803,54.1,"Vinson.csv"
"7925",1751523484112,26.1,2025-07-03 06:18:04.112,52.3,"Vinson.csv"
"7926",1751524684158,25.5,2025-07-03 06:38:04.158,55.8,"Vinson.csv"
"7927",1751530742498,25.6,2025-07-03 08:19:02.498,54.2,"Vinson.csv"
"7928",1751542024360,25.6,2025-07-03 11:27:04.36,45.5,"Vinson.csv"
"7929",1751545264133,25.7,2025-07-03 12:21:04.133,45.1,"Vinson.csv"
"7930",1751549702092,25.9,2025-07-03 13:35:02.092,38.5,"Vinson.csv"
"7931",1751552525543,25.9,2025-07-03 14:22:05.543,40,"Vinson.csv"
"7932",1751559785526,26.2,2025-07-03 16:23:05.526,40.5,"Vinson.csv"
"7933",1751567043779,26.4,2025-07-03 18:24:03.779,40.6,"Vinson.csv"
"7934",1751574310840,25.5,2025-07-03 20:25:10.84,38.7,"Vinson.csv"
"7935",1751581570701,25,2025-07-03 22:26:10.701,38.2,"Vinson.csv"
"7936",1751588824323,24.3,2025-07-04 00:27:04.323,39.6,"Vinson.csv"
"7937",1751594344524,23.8,2025-07-04 01:59:04.524,40.5,"Vinson.csv"
"7938",1751596093989,23.8,2025-07-04 02:28:13.989,40.2,"Vinson.csv"
"7939",1751610539359,23.5,2025-07-04 06:28:59.359,42,"Vinson.csv"
"7940",1751610605172,23.5,2025-07-04 06:30:05.172,42.2,"Vinson.csv"
"7941",1751611324147,22.9,2025-07-04 06:42:04.147,42.9,"Vinson.csv"
"7942",1751668671680,24.4,2025-07-04 22:37:51.68,36.2,"Vinson.csv"
"7943",1751675883156,24.4,2025-07-05 00:38:03.156,36.4,"Vinson.csv"
"7944",1751697669590,24,2025-07-05 06:41:09.59,35.5,"Vinson.csv"
"7945",1751712189724,24.5,2025-07-05 10:43:09.724,34.5,"Vinson.csv"
"7946",1751718182238,25,2025-07-05 12:23:02.238,32,"Vinson.csv"
"7947",1751719459003,25.1,2025-07-05 12:44:19.003,32.3,"Vinson.csv"
"7948",1751726714555,25.1,2025-07-05 14:45:14.555,31.4,"Vinson.csv"
"7949",1751755742407,25,2025-07-05 22:49:02.407,35,"Vinson.csv"
"7950",1751763001588,25.1,2025-07-06 00:50:01.588,35.5,"Vinson.csv"
"7951",1751770262927,25,2025-07-06 02:51:02.927,36.6,"Vinson.csv"
"7952",1751784779977,24.9,2025-07-06 06:52:59.977,37.4,"Vinson.csv"
"7953",1751799299857,25.3,2025-07-06 10:54:59.857,33.2,"Vinson.csv"
"7954",1751804773883,25.9,2025-07-06 12:26:13.883,32.7,"Vinson.csv"
"7955",1751806517055,26,2025-07-06 12:55:17.055,33.8,"Vinson.csv"
"7956",1751828279833,25.7,2025-07-06 18:57:59.833,33.4,"Vinson.csv"
"7957",1751842800564,25.5,2025-07-06 23:00:00.564,38,"Vinson.csv"
"7958",1751857320637,24.9,2025-07-07 03:02:00.637,43.4,"Vinson.csv"
"7959",1751879097280,24.5,2025-07-07 09:04:57.28,46.4,"Vinson.csv"
"7960",1751886364399,24.5,2025-07-07 11:06:04.399,48.2,"Vinson.csv"
"7961",1751900885931,24.7,2025-07-07 15:08:05.931,46.9,"Vinson.csv"
"7962",1751901253154,24.4,2025-07-07 15:14:13.154,52.2,"Vinson.csv"
"7963",1751908150780,24.6,2025-07-07 17:09:10.78,51,"Vinson.csv"
"7964",1751933520144,23.6,2025-07-08 00:12:00.144,53,"Vinson.csv"
"7965",1751937199215,23.3,2025-07-08 01:13:19.215,53.6,"Vinson.csv"
"7966",1751944442382,23.1,2025-07-08 03:14:02.382,52.9,"Vinson.csv"
"7967",1751951701293,22.5,2025-07-08 05:15:01.293,51.5,"Vinson.csv"
"7968",1751956085596,22,2025-07-08 06:28:05.596,50.9,"Vinson.csv"
"7969",1751958963629,21.8,2025-07-08 07:16:03.629,51,"Vinson.csv"
"7970",1751961844111,21.2,2025-07-08 08:04:04.111,51.1,"Vinson.csv"
"7971",1751980738277,22.4,2025-07-08 13:18:58.277,44.8,"Vinson.csv"
"7972",1751995260324,22.3,2025-07-08 17:21:00.324,41.4,"Vinson.csv"
"7973",1752017050378,22.3,2025-07-08 23:24:10.378,46.3,"Vinson.csv"
"7974",1752024301895,22.3,2025-07-09 01:25:01.895,48.9,"Vinson.csv"
"7975",1752031563243,22.2,2025-07-09 03:26:03.243,50.1,"Vinson.csv"
"7976",1752038822876,22,2025-07-09 05:27:02.876,50.7,"Vinson.csv"
"7977",1752067856198,21.8,2025-07-09 13:30:56.198,51.9,"Vinson.csv"
"7978",1752075062646,21.4,2025-07-09 15:31:02.646,53.8,"Vinson.csv"
"7979",1752082324524,21.7,2025-07-09 17:32:04.524,53.7,"Vinson.csv"
"7980",1752089591629,22,2025-07-09 19:33:11.629,52.6,"Vinson.csv"
"7981",1752096844064,22,2025-07-09 21:34:04.064,53.1,"Vinson.csv"
"7982",1752104102510,21.7,2025-07-09 23:35:02.51,53.6,"Vinson.csv"
"7983",1752111362227,21.2,2025-07-10 01:36:02.227,55.2,"Vinson.csv"
"7984",1752118623071,21.2,2025-07-10 03:37:03.071,55.8,"Vinson.csv"
"7985",1752147654379,21.4,2025-07-10 11:40:54.379,55,"Vinson.csv"
"7986",1752154861392,21,2025-07-10 13:41:01.392,58.9,"Vinson.csv"
"7987",1752162121323,20.9,2025-07-10 15:42:01.323,59,"Vinson.csv"
"7988",1752169382005,21,2025-07-10 17:43:02.005,59.8,"Vinson.csv"
"7989",1752176642797,20.9,2025-07-10 19:44:02.797,57.4,"Vinson.csv"
"7990",1752183901724,21,2025-07-10 21:45:01.724,56.6,"Vinson.csv"
"7991",1752187564748,20.5,2025-07-10 22:46:04.748,57,"Vinson.csv"
"7992",1752190982253,20,2025-07-10 23:43:02.253,57.8,"Vinson.csv"
"7993",1752191164115,20.1,2025-07-10 23:46:04.115,57.7,"Vinson.csv"
"7994",1752198422419,20,2025-07-11 01:47:02.419,56.9,"Vinson.csv"
"7995",1752202742810,19.5,2025-07-11 02:59:02.81,56,"Vinson.csv"
"7996",1752205682018,19.4,2025-07-11 03:48:02.018,55.6,"Vinson.csv"
"7997",1752212942663,19.1,2025-07-11 05:49:02.663,56,"Vinson.csv"
"7998",1752217388539,19.6,2025-07-11 07:03:08.539,57.7,"Vinson.csv"
"7999",1752220204691,19.8,2025-07-11 07:50:04.691,58,"Vinson.csv"
"8000",1752227465905,20.5,2025-07-11 09:51:05.905,57.5,"Vinson.csv"
"8001",1752230047549,21,2025-07-11 10:34:07.549,56.1,"Vinson.csv"
"8002",1752236102758,21.2,2025-07-11 12:15:02.758,59,"Vinson.csv"
"8003",1752244742420,21.7,2025-07-11 14:39:02.42,49.1,"Vinson.csv"
"8004",1752247032952,21.4,2025-07-11 15:17:12.952,54.6,"Vinson.csv"
"8005",1752263760908,20.1,2025-07-11 19:56:00.908,57.3,"Vinson.csv"
"8006",1752271021977,20,2025-07-11 21:57:01.977,59.9,"Vinson.csv"
"8007",1752278282054,20.2,2025-07-11 23:58:02.054,61,"Vinson.csv"
"8008",1752285541681,19.9,2025-07-12 01:59:01.681,63.4,"Vinson.csv"
"8009",1752300057985,19.4,2025-07-12 06:00:57.985,67.2,"Vinson.csv"
"8010",1752317878219,19.3,2025-07-12 10:57:58.219,73.1,"Vinson.csv"
"8011",1752365389975,20.9,2025-07-13 00:09:49.975,68.9,"Vinson.csv"
"8012",1752401629670,20.8,2025-07-13 10:13:49.67,69.3,"Vinson.csv"
"8013",1752408841388,21.2,2025-07-13 12:14:01.388,67.3,"Vinson.csv"
"8014",1752415209011,21.7,2025-07-13 14:00:09.011,66.3,"Vinson.csv"
"8015",1752416104585,21.9,2025-07-13 14:15:04.585,65.4,"Vinson.csv"
"8016",1752452390787,22,2025-07-14 00:19:50.787,65.5,"Vinson.csv"
"8017",1752466859249,22,2025-07-14 04:20:59.249,64.8,"Vinson.csv"
"8018",1752474122930,21.9,2025-07-14 06:22:02.93,64.4,"Vinson.csv"
"8019",1752481379433,21.9,2025-07-14 08:22:59.433,63.4,"Vinson.csv"
"8020",1752532187631,23.3,2025-07-14 22:29:47.631,61.8,"Vinson.csv"
"8021",1752539403342,23.4,2025-07-15 00:30:03.342,63.3,"Vinson.csv"
"8022",1752590087046,21.4,2025-07-15 14:34:47.046,62.5,"Vinson.csv"
"8023",1752590177003,21.5,2025-07-15 14:36:17.003,62.5,"Vinson.csv"
"8024",1752611941730,22.2,2025-07-15 20:39:01.73,60.7,"Vinson.csv"
"8025",1752619202784,22.1,2025-07-15 22:40:02.784,61.1,"Vinson.csv"
"8026",1752626464687,22.1,2025-07-16 00:41:04.687,60,"Vinson.csv"
"8027",1752633721245,21.8,2025-07-16 02:42:01.245,59.6,"Vinson.csv"
"8028",1752640984961,21.7,2025-07-16 04:43:04.961,59.6,"Vinson.csv"
"8029",1752655500935,21.6,2025-07-16 08:45:00.935,56.6,"Vinson.csv"
"8030",1752662762752,21.7,2025-07-16 10:46:02.752,56.4,"Vinson.csv"
"8031",1752668530528,22.2,2025-07-16 12:22:10.528,54.1,"Vinson.csv"
"8032",1752670028039,22.1,2025-07-16 12:47:08.039,53.7,"Vinson.csv"
"8033",1752675242986,21.6,2025-07-16 14:14:02.986,54.1,"Vinson.csv"
"8034",1752677287155,21.6,2025-07-16 14:48:07.155,54.2,"Vinson.csv"
"8035",1752728085584,21.2,2025-07-17 04:54:45.584,57.3,"Vinson.csv"
"8036",1752733142823,20.6,2025-07-17 06:19:02.823,59,"Vinson.csv"
"8037",1752735303924,20.6,2025-07-17 06:55:03.924,59.4,"Vinson.csv"
"8038",1752742562022,20.8,2025-07-17 08:56:02.022,60.3,"Vinson.csv"
"8039",1752757083588,20.8,2025-07-17 12:58:03.588,62.4,"Vinson.csv"
"8040",1752771612742,20.8,2025-07-17 17:00:12.742,67,"Vinson.csv"
"8041",1752778857533,21.2,2025-07-17 19:00:57.533,68.7,"Vinson.csv"
"8042",1752786060997,21.6,2025-07-17 21:01:00.997,69.3,"Vinson.csv"
"8043",1752793336289,21.4,2025-07-17 23:02:16.289,69.6,"Vinson.csv"
"8044",1752807840003,21.2,2025-07-18 03:04:00.003,69.5,"Vinson.csv"
"8045",1752815101519,21.2,2025-07-18 05:05:01.519,69,"Vinson.csv"
"8046",1752822362922,21.1,2025-07-18 07:06:02.922,68.6,"Vinson.csv"
"8047",1752894939303,22.6,2025-07-19 03:15:39.303,64.4,"Vinson.csv"
"8048",1752902176360,22.6,2025-07-19 05:16:16.36,64.8,"Vinson.csv"
"8049",1752923945616,23.2,2025-07-19 11:19:05.616,56.2,"Vinson.csv"
"8050",1752927314626,23.7,2025-07-19 12:15:14.626,54.3,"Vinson.csv"
"8051",1752931203487,24,2025-07-19 13:20:03.487,55.2,"Vinson.csv"
"8052",1752938462537,24.2,2025-07-19 15:21:02.537,52.9,"Vinson.csv"
"8053",1752945722483,24.2,2025-07-19 17:22:02.483,53.1,"Vinson.csv"
"8054",1752967497312,24.3,2025-07-19 23:24:57.312,58.2,"Vinson.csv"
"8055",1752981960799,24,2025-07-20 03:26:00.799,61.3,"Vinson.csv"
"8056",1752989237283,23.9,2025-07-20 05:27:17.283,62.1,"Vinson.csv"
"8057",1752996485783,24.1,2025-07-20 07:28:05.783,63.4,"Vinson.csv"
"8058",1753003743644,24.6,2025-07-20 09:29:03.644,60.6,"Vinson.csv"
"8059",1753010477705,25.1,2025-07-20 11:21:17.705,56.9,"Vinson.csv"
"8060",1753018263077,25.9,2025-07-20 13:31:03.077,52.5,"Vinson.csv"
"8061",1753025522569,26.2,2025-07-20 15:32:02.569,51.6,"Vinson.csv"
"8062",1753083586330,25.5,2025-07-21 07:39:46.33,61.9,"Vinson.csv"
"8063",1753090803141,25.4,2025-07-21 09:40:03.141,61.5,"Vinson.csv"
"8064",1753098062650,25.1,2025-07-21 11:41:02.65,64.8,"Vinson.csv"
"8065",1753101370771,24.6,2025-07-21 12:36:10.771,67,"Vinson.csv"
"8066",1753102685884,24.1,2025-07-21 12:58:05.884,70,"Vinson.csv"
"8067",1753114993226,23,2025-07-21 16:23:13.226,67.9,"Vinson.csv"
"8068",1753117389367,23,2025-07-21 17:03:09.367,66.1,"Vinson.csv"
"8069",1753119847627,22.9,2025-07-21 17:44:07.627,64.6,"Vinson.csv"
"8070",1753134001479,23.1,2025-07-21 21:40:01.479,62.2,"Vinson.csv"
"8071",1753148882685,23.4,2025-07-22 01:48:02.685,61.6,"Vinson.csv"
"8072",1753156145275,23.2,2025-07-22 03:49:05.275,61.4,"Vinson.csv"
"8073",1753163404631,22.8,2025-07-22 05:50:04.631,62,"Vinson.csv"
"8074",1753170663004,22.5,2025-07-22 07:51:03.004,61.6,"Vinson.csv"
"8075",1753177924551,22.7,2025-07-22 09:52:04.551,61.2,"Vinson.csv"
"8076",1753185187151,22.7,2025-07-22 11:53:07.151,61.7,"Vinson.csv"
"8077",1753192446491,22.6,2025-07-22 13:54:06.491,63.5,"Vinson.csv"
"8078",1753206960889,22.7,2025-07-22 17:56:00.889,62.1,"Vinson.csv"
"8079",1753214225324,22.4,2025-07-22 19:57:05.324,60.7,"Vinson.csv"
"8080",1753221485059,22.7,2025-07-22 21:58:05.059,60.4,"Vinson.csv"
"8081",1753228744080,22.7,2025-07-22 23:59:04.08,60.4,"Vinson.csv"
"8082",1753236002637,22.6,2025-07-23 02:00:02.637,61.3,"Vinson.csv"
"8083",1753243263317,22.6,2025-07-23 04:01:03.317,62.2,"Vinson.csv"
"8084",1753250534217,22.3,2025-07-23 06:02:14.217,63.2,"Vinson.csv"
"8085",1753265039833,22,2025-07-23 10:03:59.833,64.5,"Vinson.csv"
"8086",1753272301855,22.1,2025-07-23 12:05:01.855,64.7,"Vinson.csv"
"8087",1753301336557,22,2025-07-23 20:08:56.557,66.7,"Vinson.csv"
"8088",1753308593222,21.9,2025-07-23 22:09:53.222,66.9,"Vinson.csv"
"8089",1753315801111,22,2025-07-24 00:10:01.111,66.7,"Vinson.csv"
"8090",1753323063224,22.2,2025-07-24 02:11:03.224,66.4,"Vinson.csv"
"8091",1753330323025,22.2,2025-07-24 04:12:03.025,65.8,"Vinson.csv"
"8092",1753337582916,22,2025-07-24 06:13:02.916,65.4,"Vinson.csv"
"8093",1753410164688,22.6,2025-07-25 02:22:44.688,67.1,"Vinson.csv"
"8094",1753417382157,22.7,2025-07-25 04:23:02.157,67.7,"Vinson.csv"
"8095",1753424642743,22.5,2025-07-25 06:24:02.743,68.2,"Vinson.csv"
"8096",1753431903759,22.4,2025-07-25 08:25:03.759,69.4,"Vinson.csv"
"8097",1753460934971,23,2025-07-25 16:28:54.971,68.2,"Vinson.csv"
"8098",1753468144552,22.9,2025-07-25 18:29:04.552,67.8,"Vinson.csv"
"8099",1753475402491,22.7,2025-07-25 20:30:02.491,69,"Vinson.csv"
"8100",1753482661565,22.7,2025-07-25 22:31:01.565,70.4,"Vinson.csv"
"8101",1753504446546,22.3,2025-07-26 04:34:06.546,69.3,"Vinson.csv"
"8102",1753511701369,22,2025-07-26 06:35:01.369,67.9,"Vinson.csv"
"8103",1753518965573,22,2025-07-26 08:36:05.573,66.8,"Vinson.csv"
"8104",1753526222878,21.9,2025-07-26 10:37:02.878,64.2,"Vinson.csv"
"8105",1753533482454,22,2025-07-26 12:38:02.454,63.3,"Vinson.csv"
"8106",1753540744045,22.2,2025-07-26 14:39:04.045,62.1,"Vinson.csv"
"8107",1753584300682,22.6,2025-07-27 02:45:00.682,63.3,"Vinson.csv"
"8108",1753591562736,22.7,2025-07-27 04:46:02.736,62.5,"Vinson.csv"
"8109",1753617901991,23,2025-07-27 12:05:01.991,50.4,"Vinson.csv"
"8110",1753664147128,22.7,2025-07-28 00:55:47.128,63,"Vinson.csv"
"8111",1753671363731,22.4,2025-07-28 02:56:03.731,64.5,"Vinson.csv"
"8112",1753693147979,22.1,2025-07-28 08:59:07.979,64.2,"Vinson.csv"
"8113",1753698962814,22.2,2025-07-28 10:36:02.814,58.7,"Vinson.csv"
"8114",1753707661649,22.5,2025-07-28 13:01:01.649,59.9,"Vinson.csv"
"8115",1753712343096,22.4,2025-07-28 14:19:03.096,54.7,"Vinson.csv"
"8116",1753743956554,22.2,2025-07-28 23:05:56.554,55.8,"Vinson.csv"
"8117",1753772934504,21.5,2025-07-29 07:08:54.504,57.7,"Vinson.csv"
"8118",1753867278245,21.4,2025-07-30 09:21:18.245,52.9,"Vinson.csv"
"8119",1753874533343,21.6,2025-07-30 11:22:13.343,50.1,"Vinson.csv"
"8120",1753925327067,22,2025-07-31 01:28:47.067,50.8,"Vinson.csv"
"8121",1753932541724,22,2025-07-31 03:29:01.724,52.9,"Vinson.csv"
"8122",1753954317574,21.4,2025-07-31 09:31:57.574,54.2,"Vinson.csv"
"8123",1753961521320,21.2,2025-07-31 11:32:01.32,56.2,"Vinson.csv"
"8124",1753968782215,21.4,2025-07-31 13:33:02.215,58.8,"Vinson.csv"
"8125",1754012329986,21.5,2025-08-01 01:38:49.986,58,"Vinson.csv"
"8126",1754019542134,21.6,2025-08-01 03:39:02.134,58.7,"Vinson.csv"
"8127",1754026812080,21.3,2025-08-01 05:40:12.08,59.5,"Vinson.csv"
"8128",1754034061249,21.4,2025-08-01 07:41:01.249,60.2,"Vinson.csv"
"8129",1754041323090,21.3,2025-08-01 09:42:03.09,60.3,"Vinson.csv"
"8130",1754044084299,21.9,2025-08-01 10:28:04.299,60,"Vinson.csv"
"8131",1754048583756,22,2025-08-01 11:43:03.756,58.4,"Vinson.csv"
"8132",1754055841974,21.6,2025-08-01 13:44:01.974,61,"Vinson.csv"
"8133",1754128416851,21.2,2025-08-02 09:53:36.851,61.1,"Vinson.csv"
"8134",1754135643685,21.4,2025-08-02 11:54:03.685,59.6,"Vinson.csv"
"8135",1754142362406,21.9,2025-08-02 13:46:02.406,58.8,"Vinson.csv"
"8136",1754142910160,22,2025-08-02 13:55:10.16,58.6,"Vinson.csv"
"8137",1754179196032,22,2025-08-02 23:59:56.032,57.8,"Vinson.csv"
"8138",1754200977950,21.5,2025-08-03 06:02:57.95,59.1,"Vinson.csv"
"8139",1754237279986,20.9,2025-08-03 16:07:59.986,58,"Vinson.csv"
"8140",1754280835548,20.8,2025-08-04 04:13:55.548,61.3,"Vinson.csv"
"8141",1754482547350,20.4,2025-08-06 12:15:47.35,51.6,"Vinson.csv"
"8142",1754505716883,20.8,2025-08-06 18:41:56.883,49.3,"Vinson.csv"
"8143",1754578302196,22,2025-08-07 14:51:42.196,45.3,"Vinson.csv"
"8144",1754868562136,23.5,2025-08-10 23:29:22.136,48,"Vinson.csv"
